{"skeleton":{"hash":"LaNSg3kVWdA","spine":"3.8-from-4.0-from-4.1.23","x":-123.64,"y":-123.41,"width":239.61,"height":214.76,"images":"./donghua/packets/","audio":"E:/工作/6.15 牛/spine/packets"},"bones":[{"name":"root"},{"name":"subroot","parent":"root"},{"name":"ab_F","parent":"subroot","x":7.46,"y":-176.52},{"name":"ab_L","parent":"subroot","rotation":26.01,"x":-38.88,"y":-166.32},{"name":"ab_R","parent":"subroot","rotation":-24.2,"x":39.42,"y":-165.78},{"name":"coin_F","parent":"ab_F","rotation":-5.05,"x":-24.18,"y":249.96},{"name":"coin_L","parent":"ab_F","rotation":1.94,"x":-53.95,"y":269.75},{"name":"coin_R","parent":"ab_F","x":50.28,"y":270},{"name":"fx_glow_long","parent":"ab_F","rotation":-17.61,"x":-77.56,"y":220.26}],"slots":[{"name":"h_ab_sha","bone":"subroot"},{"name":"h_ab_packet_R","bone":"ab_R","attachment":"h_ab_packet_R"},{"name":"h_ab_packet_L","bone":"ab_L","attachment":"h_ab_packet_L"},{"name":"h_ab_packet_Front_BX","bone":"ab_F","attachment":"h_ab_packet_Front_BX"},{"name":"h_ab_coin_L","bone":"coin_L","attachment":"h_ab_coin_L"},{"name":"h_ab_coin_R","bone":"coin_R","attachment":"h_ab_coin_R"},{"name":"h_ab_coin_F","bone":"coin_F","attachment":"h_ab_coin_F"},{"name":"h_ab_packet_Front_F","bone":"ab_F","attachment":"h_ab_packet_Front_F"},{"name":"fx_glow_long","bone":"fx_glow_long","blend":"additive"}],"skins":[{"name":"default","attachments":{"fx_glow_long":{"fx_glow_long":{"width":47,"height":9}},"h_ab_coin_F":{"h_ab_coin_F":{"x":13.61,"y":-22.92,"rotation":5.05,"width":68,"height":67}},"h_ab_coin_L":{"h_ab_coin_L":{"x":19.65,"y":-34.68,"rotation":-1.94,"width":63,"height":63}},"h_ab_coin_R":{"h_ab_coin_R":{"x":-28.41,"y":-33.63,"width":64,"height":63}},"h_ab_packet_Front_BX":{"h_ab_packet_Front_BX":{"x":-8.51,"y":148.61,"width":150,"height":191}},"h_ab_packet_Front_F":{"h_ab_packet_Front_F":{"x":-8.96,"y":149.02,"width":150,"height":191}},"h_ab_packet_L":{"h_ab_packet_L":{"x":47.34,"y":124.96,"rotation":-26.01,"width":145,"height":164}},"h_ab_packet_R":{"h_ab_packet_R":{"x":-49.57,"y":125.06,"rotation":24.2,"width":141,"height":163}},"h_ab_sha":{"h_ab_sha":{"x":-1.4,"y":-18.6,"width":252,"height":212},"h_ab_sha_mg":{"x":0.13,"y":-17.83,"width":252,"height":212}}}}],"animations":{"win":{"slots":{"fx_glow_long":{"color":[{"color":"ffffff00","curve":"stepped"},{"time":0.0333,"color":"ffffff00"},{"time":0.3333,"color":"ffffff49"},{"time":0.5,"color":"ffffff00"}],"attachment":[{"name":"fx_glow_long"}]},"h_ab_sha":{"color":[{"color":"ffffffff"},{"time":0.1333,"color":"ffffff00","curve":"stepped"},{"time":0.5,"color":"ffffff00"},{"time":0.8333,"color":"ffffffff"}],"attachment":[{"name":"h_ab_sha_mg"}]}},"bones":{"fx_glow_long":{"rotate":[{"time":0.0667},{"time":0.2667,"angle":16.38},{"time":0.5,"angle":36.42}],"translate":[{"time":0.0667,"x":25.93,"y":-2.08},{"time":0.2667,"x":74.06,"y":-14.93},{"time":0.5,"x":119,"y":-3.07}],"scale":[{"time":0.0667},{"time":0.5,"x":1.163,"y":1.037}]},"subroot":{"scale":[{},{"time":0.0823,"x":0.97,"y":0.97},{"time":0.3,"x":1.02,"y":1.02},{"time":0.5333,"x":0.98,"y":0.98},{"time":0.7667}]},"ab_F":{"rotate":[{},{"time":0.1667,"angle":-1.04},{"time":0.3667,"angle":2.61},{"time":0.6333,"angle":-0.91},{"time":0.8333}],"translate":[{},{"time":0.1333,"x":1.95,"y":-4.85},{"time":0.3333,"x":1.06,"y":10.87},{"time":0.5667,"x":-0.62,"y":-0.3},{"time":0.8}],"scale":[{},{"time":0.1333,"x":1.018,"y":0.976},{"time":0.3333,"x":1.01,"y":1.02},{"time":0.5667,"x":1.012,"y":0.981},{"time":0.8}]},"ab_L":{"rotate":[{},{"time":0.1333,"angle":-1.33},{"time":0.3333,"angle":0.41},{"time":0.5333,"angle":-0.44},{"time":0.7,"angle":0.25},{"time":0.8333}],"translate":[{},{"time":0.1,"x":3.47,"y":-2.41},{"time":0.3,"x":-8.26,"y":1.94},{"time":0.5,"x":1.25,"y":-1},{"time":0.6667,"x":0.11,"y":0.93},{"time":0.8333}],"scale":[{},{"time":0.1,"x":1.017,"y":0.976},{"time":0.3,"x":1.021,"y":1.032},{"time":0.5,"x":1.007,"y":0.993},{"time":0.6667,"x":0.993,"y":1.025},{"time":0.8333}]},"ab_R":{"rotate":[{"time":0.0209},{"time":0.1543,"angle":0.37},{"time":0.3543,"angle":-2.51},{"time":0.5543,"angle":1.31},{"time":0.7209,"angle":-0.88},{"time":0.8333}],"translate":[{"time":0.0209},{"time":0.1209,"x":-0.16,"y":-0.8},{"time":0.3209,"x":-5.51,"y":2.85},{"time":0.5209,"x":-2.29,"y":-1.88},{"time":0.6876,"x":1.68,"y":0.93},{"time":0.8333}],"scale":[{"time":0.0209},{"time":0.1209,"x":1.017,"y":0.976},{"time":0.3209,"x":1.021,"y":1.032},{"time":0.5209,"x":1.007,"y":0.993},{"time":0.6876,"x":0.993,"y":1.025},{"time":0.8333}]},"coin_F":{"rotate":[{},{"time":0.1667,"angle":-1.04},{"time":0.3667,"angle":2.61},{"time":0.6,"angle":-0.91},{"time":0.7333,"angle":-1.04},{"time":0.8333}],"translate":[{},{"time":0.147,"x":2.38,"y":-4.9},{"time":0.347,"x":0.8,"y":4.9},{"time":0.5804,"x":-0.62,"y":-0.3},{"time":0.7,"x":-0.04,"y":1.62},{"time":0.8333}],"shear":[{},{"time":0.1667,"x":1.04},{"time":0.3667,"x":3.82,"y":1.24},{"time":0.6}]},"coin_R":{"rotate":[{},{"time":0.1157,"angle":0.51},{"time":0.3157,"angle":2.61},{"time":0.5491,"angle":-0.91},{"time":0.6824,"angle":-1.04},{"time":0.8}],"translate":[{},{"time":0.1,"x":0.14,"y":-4.92},{"time":0.3,"x":5.54,"y":2.31},{"time":0.5333,"x":-0.65,"y":-2.18},{"time":0.6667,"x":1.15,"y":1.6},{"time":0.8}],"shear":[{},{"time":0.1157,"x":-5.72,"y":-0.94},{"time":0.3157,"x":2.88,"y":4.37},{"time":0.5333},{"time":0.6667,"y":-0.07}]},"coin_L":{"rotate":[{},{"time":0.1333,"angle":-2.85},{"time":0.3333,"angle":3.46},{"time":0.5667,"angle":-1.8},{"time":0.7,"angle":1.86},{"time":0.8}],"translate":[{},{"time":0.1,"x":3.88,"y":-7.05},{"time":0.3,"x":1.38,"y":9.37},{"time":0.5333,"x":0.85,"y":-2.92},{"time":0.6667,"x":1.14,"y":2.34},{"time":0.8}],"shear":[{},{"time":0.1333,"x":-0.98},{"time":0.3333,"x":-2.1,"y":1.32},{"time":0.5667}]}}},"win_bg":{"slots":{"fx_glow_long":{"color":[{"color":"ffffff00","curve":"stepped"},{"time":0.0333,"color":"ffffff00"},{"time":0.3333,"color":"ffffff49"},{"time":0.5,"color":"ffffff00"}],"attachment":[{"name":"fx_glow_long"}]},"h_ab_sha":{"color":[{"color":"ffffffff"},{"time":0.1333,"color":"ffffff00","curve":"stepped"},{"time":0.5,"color":"ffffff00"},{"time":0.8333,"color":"ffffffff"}],"attachment":[{"name":"h_ab_sha"}]}},"bones":{"fx_glow_long":{"rotate":[{"time":0.0667},{"time":0.2667,"angle":16.38},{"time":0.5,"angle":36.42}],"translate":[{"x":11.26,"y":2.41},{"time":0.0667,"x":25.35,"y":-1.65},{"time":0.2667,"x":70.74,"y":-15.22},{"time":0.5,"x":123.7,"y":-1.66}],"scale":[{"time":0.0667},{"time":0.5,"x":1.163,"y":1.037}]},"subroot":{"scale":[{},{"time":0.0823,"x":0.97,"y":0.97},{"time":0.3,"x":1.02,"y":1.02},{"time":0.5333,"x":0.98,"y":0.98},{"time":0.7667}]},"ab_F":{"rotate":[{},{"time":0.1667,"angle":-1.04},{"time":0.3667,"angle":2.61},{"time":0.6333,"angle":-0.91},{"time":0.8333}],"translate":[{},{"time":0.1333,"x":1.95,"y":-4.85},{"time":0.3333,"x":1.06,"y":10.87},{"time":0.5667,"x":-0.62,"y":-0.3},{"time":0.8}],"scale":[{},{"time":0.1333,"x":1.018,"y":0.976},{"time":0.3333,"x":1.01,"y":1.02},{"time":0.5667,"x":1.012,"y":0.981},{"time":0.8}]},"ab_L":{"rotate":[{},{"time":0.1333,"angle":-1.33},{"time":0.3333,"angle":0.41},{"time":0.5333,"angle":-0.44},{"time":0.7,"angle":0.25},{"time":0.8333}],"translate":[{},{"time":0.1,"x":3.47,"y":-2.41},{"time":0.3,"x":-8.26,"y":1.94},{"time":0.5,"x":1.25,"y":-1},{"time":0.6667,"x":0.11,"y":0.93},{"time":0.8333}],"scale":[{},{"time":0.1,"x":1.017,"y":0.976},{"time":0.3,"x":1.021,"y":1.032},{"time":0.5,"x":1.007,"y":0.993},{"time":0.6667,"x":0.993,"y":1.025},{"time":0.8333}]},"ab_R":{"rotate":[{"time":0.0209},{"time":0.1543,"angle":0.37},{"time":0.3543,"angle":-2.51},{"time":0.5543,"angle":1.31},{"time":0.7209,"angle":-0.88},{"time":0.8333}],"translate":[{"time":0.0209},{"time":0.1209,"x":-0.16,"y":-0.8},{"time":0.3209,"x":-5.51,"y":2.85},{"time":0.5209,"x":-2.29,"y":-1.88},{"time":0.6876,"x":1.68,"y":0.93},{"time":0.8333}],"scale":[{"time":0.0209},{"time":0.1209,"x":1.017,"y":0.976},{"time":0.3209,"x":1.021,"y":1.032},{"time":0.5209,"x":1.007,"y":0.993},{"time":0.6876,"x":0.993,"y":1.025},{"time":0.8333}]},"coin_F":{"rotate":[{},{"time":0.1667,"angle":-1.04},{"time":0.3667,"angle":2.61},{"time":0.6,"angle":-0.91},{"time":0.7333,"angle":-1.04},{"time":0.8333}],"translate":[{},{"time":0.147,"x":2.38,"y":-4.9},{"time":0.347,"x":0.8,"y":4.9},{"time":0.5804,"x":-0.62,"y":-0.3},{"time":0.7,"x":-0.04,"y":1.62},{"time":0.8333}],"shear":[{},{"time":0.1667,"x":1.04},{"time":0.3667,"x":3.82,"y":1.24},{"time":0.6}]},"coin_R":{"rotate":[{},{"time":0.1157,"angle":0.51},{"time":0.3157,"angle":2.61},{"time":0.5491,"angle":-0.91},{"time":0.6824,"angle":-1.04},{"time":0.8}],"translate":[{},{"time":0.1,"x":0.14,"y":-4.92},{"time":0.3,"x":5.54,"y":2.31},{"time":0.5333,"x":-0.65,"y":-2.18},{"time":0.6667,"x":1.15,"y":1.6},{"time":0.8}],"shear":[{},{"time":0.1157,"x":-5.72,"y":-0.94},{"time":0.3157,"x":2.88,"y":4.37},{"time":0.5333},{"time":0.6667,"y":-0.07}]},"coin_L":{"rotate":[{},{"time":0.1333,"angle":-2.85},{"time":0.3333,"angle":3.46},{"time":0.5667,"angle":-1.8},{"time":0.7,"angle":1.86},{"time":0.8}],"translate":[{},{"time":0.1,"x":3.88,"y":-7.05},{"time":0.3,"x":1.38,"y":9.37},{"time":0.5333,"x":0.85,"y":-2.92},{"time":0.6667,"x":1.14,"y":2.34},{"time":0.8}],"shear":[{},{"time":0.1333,"x":-0.98},{"time":0.3333,"x":-2.1,"y":1.32},{"time":0.5667}]}}}}}