{"skeleton":{"hash":"T+vmCTGO7V0","spine":"3.8-from-4.0-from-4.1.23","x":-126,"y":-82.14,"width":252,"height":173.31,"images":"./donghua/oranges/","audio":"E:/工作/6.15 牛/spine/oranges"},"bones":[{"name":"root","scaleX":0.5,"scaleY":0.5},{"name":"_subroot","parent":"root"},{"name":"orange_Back","parent":"_subroot","x":94.87,"y":-54.02,"color":"34fff4ff"},{"name":"orange_Back_Stalk","parent":"orange_Back","rotation":6.85,"x":-6.82,"y":173.45,"color":"34fff4ff"},{"name":"orange_Back_Stem_01","parent":"orange_Back_Stalk","length":15.47,"rotation":108.5,"x":-0.97,"y":3.72,"color":"34fff4ff"},{"name":"orange_Back_Stem_02","parent":"orange_Back_Stem_01","length":15.41,"rotation":-13.63,"x":15.47,"color":"34fff4ff"},{"name":"orange_Back_direction","parent":"orange_Back","x":3.71,"y":106.02,"color":"34fff4ff"},{"name":"orange_Back_leafL_01","parent":"orange_Back_Stalk","length":23.13,"rotation":168.6,"x":-5.51,"y":3.28,"color":"34fff4ff"},{"name":"orange_Back_leafL_02","parent":"orange_Back_leafL_01","length":25.09,"rotation":-24.16,"x":23.13,"color":"34fff4ff"},{"name":"orange_Back_leafL_03","parent":"orange_Back_leafL_02","length":17.6,"rotation":-15.69,"x":25.09,"color":"34fff4ff"},{"name":"orange_Back_leafR_01","parent":"orange_Back_Stalk","length":34.06,"rotation":30.02,"x":3.98,"y":5.31,"color":"34fff4ff"},{"name":"orange_Back_leafR_02","parent":"orange_Back_leafR_01","length":28.91,"rotation":6.66,"x":34.06,"color":"34fff4ff"},{"name":"orange_Back_leafR_03","parent":"orange_Back_leafR_02","length":19.15,"rotation":6.46,"x":28.91,"color":"34fff4ff"},{"name":"orange_Front","parent":"_subroot","x":-29.27,"y":-116.58,"color":"ea1df1ff"},{"name":"orange_Front_Stalk","parent":"orange_Front","rotation":4.28,"y":199.79,"color":"ea1df1ff"},{"name":"orange_Front_Leaf_01","parent":"orange_Front_Stalk","length":24.29,"rotation":141.86,"x":-8.82,"y":15.21,"color":"ea1df1ff"},{"name":"orange_Front_Leaf_02","parent":"orange_Front_Leaf_01","length":54.31,"rotation":50.97,"x":24.29,"color":"ea1df1ff"},{"name":"orange_Front_Leaf_03","parent":"orange_Front_Leaf_02","length":42.51,"rotation":-5.1,"x":54.31,"color":"ea1df1ff"},{"name":"orange_Front_Leaf_04","parent":"orange_Front_Leaf_03","length":34.4,"rotation":-23.58,"x":42.51,"color":"ea1df1ff"},{"name":"orange_Front_Stem_01","parent":"orange_Front_Stalk","length":28.65,"rotation":97.71,"x":-0.8,"y":1.41,"color":"ea1df1ff"},{"name":"orange_Front_Stem_02","parent":"orange_Front_Stem_01","length":19.27,"rotation":19.86,"x":28.65,"color":"ea1df1ff"},{"name":"orange_Front_Stem_03","parent":"orange_Front_Stem_02","length":14.91,"rotation":12.48,"x":19.27,"color":"ea1df1ff"},{"name":"orange_Front_direction","parent":"orange_Front","x":8.91,"y":115.03,"color":"e91bf1ff"},{"name":"orange_Slice","parent":"_subroot","rotation":13.71,"x":113.36,"y":-123.74,"color":"3937ffff"},{"name":"orange_Slice_direction","parent":"orange_Slice","rotation":-7.27,"x":4.64,"y":42.48,"color":"3937ffff"},{"name":"plate","parent":"_subroot","x":1.9,"y":-86.86}],"slots":[{"name":"h_o_shdw","bone":"_subroot"},{"name":"h_o_plate","bone":"plate","attachment":"h_o_plate"},{"name":"h_o_baseb","bone":"orange_Back","attachment":"h_o_baseb"},{"name":"h_o_leafbR","bone":"orange_Back_leafR_01","attachment":"h_o_leafbR"},{"name":"h_o_leafbL","bone":"orange_Back_leafL_01","attachment":"h_o_leafbL"},{"name":"h_o_basef","bone":"orange_Front","attachment":"h_o_basef"},{"name":"h_o_leaf","bone":"orange_Front_Stalk","attachment":"h_o_leaf"},{"name":"h_o_sec","bone":"orange_Slice","attachment":"h_o_sec"},{"name":"h_o_platex","bone":"plate","attachment":"h_o_platex"},{"name":"h_o_bstem","bone":"orange_Back_Stem_01","attachment":"h_o_bstem"}],"skins":[{"name":"default","attachments":{"h_o_baseb":{"h_o_baseb":{"type":"mesh","uvs":[0.64873,0.06892,0.8262,0.15858,0.96466,0.366,0.96503,0.56569,0.94153,0.76094,0.70613,0.94992,0.35139,0.94697,0.07395,0.75234,0.02389,0.50063,0.06037,0.32958,0.12686,0.19058,0.36731,0.07394,0.31041,0.72098,0.74386,0.71661,0.69572,0.20644,0.33753,0.2236,0.75737,0.44418,0.30225,0.44039],"triangles":[5,13,4,5,6,13,7,12,6,6,12,13,4,13,3,7,8,12,13,12,16,17,14,16,14,15,0,15,11,0,8,17,12,16,12,17,13,16,3,14,17,15,16,2,3,8,9,17,16,1,2,16,14,1,9,10,17,17,10,15,15,10,11,14,0,1],"vertices":[1,2,25.52,177.68,1,2,2,65.63,159.32,0.972,6,61.92,55.49,0.028,2,2,96.92,116.8,0.966,6,93.21,12.97,0.034,2,2,97,75.87,0.95,6,93.29,-27.96,0.05,2,2,91.69,35.84,0.95,6,87.98,-67.98,0.05,2,2,38.49,-2.9,0.95,6,34.78,-106.72,0.05,2,2,-41.68,-2.29,0.952,6,-45.39,-106.12,0.048,2,2,-104.38,37.59,0.974,6,-108.09,-66.23,0.026,2,2,-115.7,89.2,0.958,6,-119.4,-14.62,0.042,2,2,-107.45,124.26,0.968,6,-111.16,20.44,0.032,2,2,-92.43,152.74,0.992,6,-96.13,48.92,0.008,1,2,-38.08,176.65,1,2,2,-50.94,44.07,0.872,6,-54.65,-59.75,0.128,2,2,47.02,44.95,0.92,6,43.31,-58.88,0.08,2,2,36.14,149.53,0.92,6,32.43,45.71,0.08,2,2,-44.81,146.01,0.918,6,-48.52,42.19,0.082,2,2,50.07,100.82,0.87,6,46.36,-3,0.13,2,2,-52.79,101.6,0.862,6,-56.49,-2.22,0.138],"hull":12,"edges":[20,22,22,0,0,2,2,4,8,10,10,12,12,14,14,16,16,24,24,26,4,6,6,8,26,6,16,18,18,20],"width":113,"height":103}},"h_o_basef":{"h_o_basef":{"type":"mesh","uvs":[0.29678,0.92444,0.06025,0.72674,0.02966,0.43766,0.14399,0.19238,0.33723,0.08201,0.54334,0.05047,0.78006,0.10829,0.97168,0.34305,0.96041,0.53227,0.91532,0.70572,0.82675,0.83011,0.61098,0.93348,0.29214,0.2099,0.58038,0.19589,0.25375,0.47991,0.64318,0.46044,0.88956,0.39036,0.26981,0.77241,0.67202,0.76321],"triangles":[11,18,10,18,11,17,1,17,0,18,17,15,17,11,0,10,18,9,15,14,12,12,13,15,1,14,17,15,17,14,18,15,9,1,2,14,8,9,16,16,9,15,8,16,7,12,4,13,4,5,13,2,3,14,14,3,12,15,13,16,13,6,16,16,6,7,12,3,4,13,5,6],"vertices":[2,13,-63.28,-2.13,0.95,22,-72.19,-117.16,0.05,2,13,-127.62,47.29,0.95,22,-136.53,-67.74,0.05,2,13,-135.94,119.56,0.95,22,-144.85,4.53,0.05,2,13,-104.84,180.88,0.96,22,-113.75,65.85,0.04,2,13,-52.28,208.47,0.96,22,-61.19,93.45,0.04,2,13,3.78,216.36,0.96,22,-5.13,101.33,0.04,2,13,68.17,201.9,0.96,22,59.26,86.88,0.04,2,13,120.29,143.21,0.95,22,111.38,28.19,0.05,2,13,117.22,95.91,0.95,22,108.32,-19.12,0.05,2,13,104.96,52.55,0.95,22,96.05,-62.48,0.05,2,13,80.87,21.45,0.95,22,71.96,-93.58,0.05,2,13,22.18,-4.39,0.95,22,13.27,-119.42,0.05,2,13,-64.55,176.5,0.928,22,-73.45,61.47,0.072,2,13,13.86,180,0.88,22,4.95,64.98,0.12,2,13,-74.99,109,0.88,22,-83.9,-6.03,0.12,2,13,30.94,113.87,0.88,22,22.03,-1.16,0.12,2,13,97.95,131.39,0.92,22,89.04,16.36,0.08,2,13,-70.62,35.87,0.92,22,-79.53,-79.15,0.08,2,13,38.78,38.17,0.896,22,29.87,-76.85,0.104],"hull":12,"edges":[6,8,8,10,10,12,12,14,6,4,14,16,20,22,22,0,0,2,2,4,20,18,18,16,32,18],"width":136,"height":125}},"h_o_bstem":{"h_o_bstem":{"type":"mesh","uvs":[0.3955,0.63519,0.24334,0.38274,0.16366,0.16808,0.45955,0.13205,0.51872,0.3075,0.677,0.55634,0.84155,0.80865,0.56114,0.87679],"triangles":[1,3,4,1,2,3,7,5,6,7,0,5,0,4,5,0,1,4],"vertices":[3,6,-20.98,76.38,0.095,4,8.72,5.87,0.73848,5,-7.95,4.11,0.16652,3,6,-26.5,89.43,0.095,4,22.89,5.28,0.17376,5,5.96,6.87,0.73124,3,6,-29.26,100.47,0.095,4,34.04,3.04,0.09412,5,17.33,7.34,0.81088,3,6,-17.67,101.94,0.095,4,30.41,-8.06,0.09412,5,16.42,-4.31,0.81088,3,6,-15.65,92.93,0.095,4,21.4,-6.03,0.50734,5,7.18,-4.47,0.39766,3,6,-9.88,80.05,0.095,4,7.29,-5.73,0.64333,5,-6.6,-7.5,0.26167,2,6,-3.87,66.98,0.095,4,-7.09,-5.57,0.905,2,6,-14.91,63.86,0.095,4,-5.19,5.75,0.905],"hull":8,"edges":[4,6,6,8,4,2,14,12,2,0,0,14,8,10,10,12],"width":20,"height":26}},"h_o_leaf":{"h_o_leaf":{"type":"mesh","uvs":[0.91109,0.29314,0.95755,0.59343,0.97304,0.80518,0.92959,0.82304,0.88873,0.83983,0.85827,0.66459,0.77344,0.54339,0.67666,0.70269,0.52927,0.92348,0.37178,0.92536,0.20437,0.89863,0.02925,0.73203,0.03303,0.64911,0.17606,0.48983,0.29898,0.40421,0.44996,0.32394,0.61977,0.35891,0.72651,0.37049,0.81568,0.47978,0.85667,0.55417,0.86058,0.55902,0.84382,0.49802,0.81143,0.40818,0.68225,0.13914,0.75695,0.06069,0.81474,0,0.22173,0.75618,0.53521,0.60008,0.76312,0.48563,0.86464,0.35474,0.9111,0.62808,0.38634,0.71712,0.67485,0.52996],"triangles":[24,25,0,26,12,13,26,11,12,13,31,26,10,11,26,10,26,9,31,14,27,13,14,31,9,26,31,9,31,8,32,16,17,32,17,28,27,15,16,27,16,32,14,15,27,7,32,6,27,32,7,27,7,8,27,8,31,28,17,18,19,6,28,32,28,6,18,19,28,19,5,6,20,5,19,29,23,24,0,29,24,29,22,23,29,21,22,29,0,1,29,30,21,20,21,30,29,1,30,5,20,30,30,1,2,30,4,5,2,3,30,3,4,30],"vertices":[3,22,-11.05,125.6,0.096,19,38.88,-6.99,0.01784,20,7.25,-10.05,0.88616,2,22,-2.74,101.58,0.096,19,13.66,-10.13,0.904,2,22,0.03,84.64,0.096,19,-3.49,-9.32,0.904,2,22,-7.74,83.21,0.11,19,-3.27,-1.42,0.89,3,22,-15.06,81.87,0.096,19,-3.07,6.01,0.89353,15,-12.83,12.35,0.01047,3,22,-20.51,95.89,0.096,19,11.78,8.43,0.44115,15,-0.5,3.75,0.46285,3,22,-35.69,105.58,0.096,15,17.51,4.15,0.79199,16,-1.04,7.88,0.11201,2,22,-53.02,92.84,0.096,16,19.27,14.96,0.904,3,22,-79.4,75.18,0.096,16,49.68,24.07,0.66999,17,-6.75,23.56,0.23401,3,22,-107.59,75.03,0.096,16,76.67,15.91,0.01096,17,20.85,17.84,0.89304,3,22,-137.56,77.16,0.096,17,49.72,9.5,0.21868,18,2.81,11.59,0.68532,2,22,-168.9,90.49,0.11,18,36.19,4.81,0.89,2,22,-168.23,97.13,0.11,18,36.85,-1.82,0.89,3,22,-142.63,109.87,0.096,17,47.86,-23.54,0.24076,18,14.32,-19.43,0.66324,4,22,-120.62,116.72,0.096,16,76.85,-27.77,0.02298,17,24.91,-25.66,0.78661,18,-5.87,-30.55,0.0944,3,22,-93.6,123.14,0.096,16,49.13,-25.95,0.52551,17,-2.86,-26.31,0.37849,2,22,-63.2,120.34,0.096,16,20.9,-14.32,0.904,3,22,-44.09,119.42,0.096,15,32.2,-2.66,0.00359,16,2.91,-7.81,0.90041,2,22,-28.13,110.67,0.096,15,14.07,-4.28,0.904,4,22,-20.8,104.72,0.096,19,20.48,6.88,0.09923,20,-5.35,9.24,0.00415,15,4.66,-3.43,0.80062,3,22,-20.1,104.33,0.11,19,19.96,6.27,0.14887,20,-6.04,8.85,0.74113,3,22,-23.1,109.21,0.096,19,25.35,8.19,0.41946,20,-0.32,8.83,0.48454,3,22,-28.89,116.4,0.096,20,8.85,9.96,0.76659,21,-8.02,11.98,0.13741,3,22,-52.02,137.92,0.096,20,39.33,18.24,0.27482,21,23.53,13.48,0.62918,3,22,-38.65,144.2,0.11,20,37.61,3.57,0.18512,21,18.68,-0.47,0.70488,3,22,-28.3,149.05,0.096,20,36.27,-7.77,0.11571,21,14.92,-11.26,0.78829,3,22,-134.45,88.56,0.11,17,44.3,-1,0.02419,18,2.04,-0.19,0.86581,3,22,-78.34,101.05,0.11,16,41.05,-0.34,0.88966,17,-13.18,-1.52,3.4E-4,3,22,-37.54,110.2,0.11,15,21.62,1.34,0.83032,16,-0.63,2.92,0.05968,2,22,-19.37,120.68,0.11,20,7.45,-0.39,0.89,2,22,-11.05,98.81,0.11,19,12.67,-1.42,0.89,2,22,-104.98,91.68,0.11,17,14.83,2.09,0.89,3,22,-53.34,106.66,0.11,15,32.77,13.09,1.5E-4,16,15.51,1.66,0.88985],"hull":26,"edges":[4,2,2,0,0,50,46,44,8,10,10,12,36,34,22,20,22,52,38,10,56,38,26,52,52,20,30,54,54,16,22,24,24,26,52,24,46,48,48,50,48,58,58,60,4,6,6,8,60,6,8,60,26,28,28,30,52,62,62,54,28,62,16,18,18,20,62,18,30,32,32,34,54,64,64,56,32,64,12,14,14,16,64,14,44,42,36,38,42,40,40,38],"width":90,"height":40}},"h_o_leafbL":{"h_o_leafbL":{"type":"mesh","uvs":[0.16331,0.64293,0.04505,0.14166,0.05183,0.08309,0.09672,0.07497,0.40323,0.26949,0.74483,0.56267,0.87593,0.68527,0.93861,0.74643,0.96827,0.83456,0.78368,0.92531,0.5363,0.97076,0.33497,0.49886,0.66322,0.74248,0.84843,0.75683],"triangles":[10,12,9,8,13,7,8,9,13,9,12,13,13,6,7,13,12,6,12,5,6,0,1,11,11,1,2,2,3,11,11,3,4,0,11,10,10,11,12,11,4,5,12,11,5],"vertices":[3,6,-73.84,75.93,0.087,8,32.12,12.96,0.10723,9,3.26,14.38,0.80577,2,6,-83.06,103,0.087,9,28.79,1.48,0.913,2,6,-82.53,106.16,0.102,9,30.62,-1.15,0.898,2,6,-79.03,106.6,0.087,9,28.42,-3.91,0.913,3,6,-55.12,96.09,0.087,8,25.38,-13.71,0.42986,9,3.99,-13.12,0.48314,4,6,-28.48,80.25,0.15461,8,-5.59,-12.62,0.2486,9,-26.13,-20.44,0.112,7,12.87,-9.22,0.48479,3,6,-18.26,73.63,0.087,8,-17.74,-11.72,0.27025,7,2.15,-3.43,0.64275,2,6,-13.37,70.32,0.102,7,-2.99,-0.52,0.898,2,6,-11.06,65.56,0.087,7,-5.67,4.04,0.913,3,6,-25.46,60.67,0.087,8,-17.65,3.11,0.16972,7,8.3,10.06,0.74328,4,6,-44.76,58.22,0.087,8,-1.9,14.52,0.61867,9,-29.91,6.68,0.09495,7,27.34,14.03,0.19938,3,6,-60.45,83.71,0.102,8,24.11,-0.29,0.88375,9,-0.87,-0.55,0.01425,4,6,-34.85,70.54,0.102,8,-4.67,-1.04,0.34483,9,-28.37,-9.05,0.1796,7,18.44,0.96,0.37357,3,6,-20.41,69.76,0.102,8,-17.71,-7.3,0.17242,7,3.98,0.59,0.72558],"hull":11,"edges":[6,8,2,0,0,20,10,8,20,18,10,12,18,16,12,14,14,16,20,24,24,10,18,26,26,12,6,4,4,2,4,22,22,24,24,26,26,14],"width":39,"height":27}},"h_o_leafbR":{"h_o_leafbR":{"type":"mesh","uvs":[0.16332,0.91742,0.10918,0.89327,0.08311,0.83453,0.08083,0.6032,0.26161,0.41053,0.89558,0.05854,0.93039,0.06038,0.96103,0.09854,0.89558,0.37053,0.72727,0.70253,0.40561,0.90253,0.62254,0.21453,0.77028,0.29253,0.49163,0.57453,0.22046,0.76498],"triangles":[8,12,7,7,5,6,7,12,5,12,11,5,11,4,5,13,11,12,9,12,8,9,13,12,13,4,11,0,14,10,0,1,14,10,13,9,10,14,13,1,2,14,2,3,14,14,4,13,14,3,4],"vertices":[3,6,-5.34,68.5,0.0798,10,-1.31,-4.86,0.7602,11,-35.7,-0.73,0.16,2,6,-9.51,70.24,0.11,10,-3.6,-0.97,0.89,2,6,-11.52,74.47,0.095,10,-2.67,3.62,0.905,2,6,-11.69,91.13,0.095,10,7.18,17.05,0.905,3,6,2.23,105,0.09156,10,26.64,19.79,0.76116,11,-5.07,20.52,0.14727,2,6,51.04,130.34,0.095,12,19.34,3.11,0.905,2,6,53.72,130.21,0.11,12,20.96,0.98,0.89,2,6,56.08,127.46,0.095,12,20.37,-2.6,0.905,3,6,51.04,107.88,0.095,11,32.3,-11.02,0.49054,12,2.13,-11.33,0.41446,3,6,38.08,83.97,0.147,10,42.71,-18.54,0.3958,11,6.44,-19.42,0.4572,3,6,13.32,69.57,0.05322,10,14.26,-15.2,0.50678,11,-21.43,-12.8,0.44,4,6,30.02,119.11,0.095,10,57.34,14.41,1.7E-4,11,24.8,11.61,0.80068,12,-2.78,12,0.10414,3,6,41.4,113.49,0.11,11,29.18,-0.3,0.28195,12,0.23,-0.33,0.60805,3,6,19.94,93.19,0.19565,10,33.73,-0.28,0.51726,11,-0.36,-0.24,0.28709,2,6,-0.94,79.48,0.11,10,8.79,1.28,0.89],"hull":11,"edges":[14,16,10,22,16,18,22,8,18,20,8,6,6,4,0,20,10,12,12,14,4,2,2,0,8,10],"width":39,"height":36}},"h_o_plate":{"h_o_plate":{"x":-1.9,"y":29.58,"scaleX":2,"scaleY":2,"width":252,"height":107}},"h_o_platex":{"h_o_platex":{"x":93.23,"y":-27.76,"scaleX":2,"scaleY":2,"width":96,"height":28}},"h_o_sec":{"h_o_sec":{"type":"mesh","uvs":[0.94299,0.08064,0.97094,0.35222,0.88534,0.6768,0.70542,0.85786,0.47038,0.95404,0.3088,0.96064,0.17962,0.88656,0.00524,0.59952,0.14643,0.42509,0.26059,0.34408,0.38924,0.30586,0.599,0.17484,0.71765,0.07623,0.84516,0.0287,0.17788,0.6481,0.45213,0.63043,0.68446,0.50016,0.85739,0.28157,0.09403,0.62602],"triangles":[4,5,15,15,5,14,4,15,3,7,18,6,18,14,6,5,6,14,15,16,3,3,16,2,1,2,17,17,2,16,9,15,14,14,18,8,14,8,9,9,10,15,15,10,16,18,7,8,10,11,16,16,11,17,17,0,1,11,12,17,12,13,17,17,13,0],"vertices":[2,23,72.91,83.15,0.92,24,62.58,48.97,0.08,2,23,69.16,49.12,0.918,24,63.16,14.74,0.082,2,23,46.4,12.91,0.896,24,45.17,-24.05,0.104,2,23,13.42,-2.34,0.882,24,14.38,-43.35,0.118,2,23,-25.51,-5.22,0.892,24,-23.87,-51.13,0.108,2,23,-50.51,0.03,0.92,24,-49.33,-49.09,0.08,2,23,-68.14,13.86,0.95,24,-68.57,-37.59,0.05,1,23,-86.4,55.25,1,2,23,-59.56,71.15,0.95,24,-67.31,20.31,0.05,2,23,-39.64,76.71,0.92,24,-48.25,28.35,0.08,2,23,-18.76,76.53,0.9,24,-27.51,30.82,0.1,2,23,17.32,84.59,0.898,24,7.26,43.37,0.102,2,23,38.45,92.12,0.896,24,27.27,53.52,0.104,2,23,59.44,93.12,0.936,24,47.95,57.16,0.064,2,23,-61.34,42.89,0.92,24,-65.5,-7.94,0.08,2,23,-18.72,34.76,0.852,24,-22.2,-10.61,0.148,2,23,20.8,41.88,0.85,24,16.11,1.45,0.15,2,23,53.82,61.95,0.864,24,46.33,25.53,0.136,2,23,-73.56,48.71,0.95,24,-78.36,-3.71,0.05],"hull":14,"edges":[24,26,26,0,0,2,2,4,4,6,12,14,10,12,28,10,16,18,18,20,28,18,6,8,8,10,20,30,30,8,20,22,22,24,22,32,32,6,36,16,36,12,34,4,34,24,14,16],"width":79,"height":63}},"h_o_shdw":{"h_o_shdw":{"x":-6,"y":-14,"width":260,"height":188},"h_o_shdw_mg":{"x":-6,"y":-14,"width":260,"height":188}}}}],"animations":{"win":{"slots":{"h_o_shdw":{"color":[{"color":"ffffffff"},{"time":0.1333,"color":"ffffff00","curve":"stepped"},{"time":0.5,"color":"ffffff00"},{"time":0.8333,"color":"ffffffff"}],"attachment":[{"name":"h_o_shdw_mg"}]}},"bones":{"_subroot":{"scale":[{},{"time":0.1333,"x":0.96,"y":0.96},{"time":0.2667,"x":1.01,"y":1.01},{"time":0.4667,"x":0.99,"y":0.99},{"time":0.6333}]},"orange_Front":{"rotate":[{},{"time":0.1667,"angle":3.77},{"time":0.3667,"angle":-2.19},{"time":0.6,"angle":-1.47},{"time":0.7333}],"translate":[{},{"time":0.1333,"y":-7.3},{"time":0.3333,"y":18.36},{"time":0.5667,"y":-6.37},{"time":0.7333}],"scale":[{},{"time":0.1333,"x":1.018,"y":0.961},{"time":0.3333,"x":1.018,"y":1.022},{"time":0.5667,"x":1.009,"y":0.974},{"time":0.7333}]},"orange_Front_direction":{"translate":[{},{"time":0.1,"x":-27.55,"y":-22.04},{"time":0.2667,"x":-6.81,"y":16.41},{"time":0.4667,"x":6.06,"y":-31.53},{"time":0.7}],"scale":[{},{"time":0.1,"x":0.984,"y":0.985},{"time":0.2667,"x":1.116,"y":1.122},{"time":0.5}]},"orange_Back":{"rotate":[{"time":0.0333},{"time":0.2333,"angle":3.77},{"time":0.4542,"angle":-2.93},{"time":0.6809,"angle":-1.47},{"time":0.8}],"translate":[{"time":0.0333},{"time":0.2,"y":-7.3},{"time":0.4,"x":-0.1,"y":15.07},{"time":0.6475,"y":-6.37},{"time":0.8}],"scale":[{"time":0.0333},{"time":0.2,"x":1.018,"y":0.961},{"time":0.4,"x":1.018,"y":1.022},{"time":0.6475,"x":1.009,"y":0.974},{"time":0.8}]},"orange_Back_direction":{"translate":[{"time":0.024},{"time":0.1333,"x":-27.55,"y":-22.04},{"time":0.3,"x":-6.81,"y":16.41},{"time":0.5333,"x":6.06,"y":-31.53},{"time":0.7667}],"scale":[{"time":0.024},{"time":0.1333,"x":0.984,"y":0.985},{"time":0.3,"x":1.116,"y":1.122},{"time":0.5667}]},"orange_Front_Stem_01":{"rotate":[{},{"time":0.1333,"angle":7.36},{"time":0.3333,"angle":-7.31},{"time":0.5667,"angle":-0.41},{"time":0.7,"angle":-2.08},{"time":0.8333}]},"orange_Front_Stem_02":{"rotate":[{},{"time":0.0723,"angle":-4.32},{"time":0.1514,"angle":7.36},{"time":0.3514,"angle":-7.15},{"time":0.5847,"angle":5.06},{"time":0.7181,"angle":-2.08},{"time":0.8333}]},"orange_Front_Stem_03":{"rotate":[{},{"time":0.1,"angle":-3.21},{"time":0.2,"angle":7.36},{"time":0.4,"angle":-7.15},{"time":0.6333,"angle":5.06},{"time":0.7667,"angle":-2.08},{"time":0.8333}]},"orange_Front_Leaf_01":{"rotate":[{},{"time":0.0723,"angle":-4.32},{"time":0.1514,"angle":8.29},{"time":0.3514,"angle":-7.15},{"time":0.5847,"angle":5.06},{"time":0.7181,"angle":-2.08},{"time":0.8333}]},"orange_Front_Leaf_02":{"rotate":[{},{"time":0.0883,"angle":-5.49},{"time":0.1674,"angle":0.63},{"time":0.3521,"angle":-11.84},{"time":0.5497,"angle":-8.34},{"time":0.6667,"angle":-1.96},{"time":0.8}]},"orange_Front_Leaf_03":{"rotate":[{},{"time":0.1047,"angle":-5.49},{"time":0.1333,"angle":-1.74},{"time":0.1838,"angle":18.21},{"time":0.3667,"angle":-13.59},{"time":0.5333,"angle":3.87},{"time":0.6497,"angle":15.04},{"time":0.7164,"angle":9.2},{"time":0.8}]},"orange_Front_Leaf_04":{"rotate":[{},{"time":0.0667,"angle":8.96},{"time":0.1333,"angle":-5.49},{"time":0.1898,"angle":24.66},{"time":0.4,"angle":-13.59},{"time":0.5,"angle":1.35},{"time":0.6,"angle":25.43},{"time":0.7333}]},"orange_Back_Stem_01":{"rotate":[{},{"time":0.0667,"angle":-5.93},{"time":0.1667,"angle":4.89},{"time":0.3667,"angle":-2.46},{"time":0.6,"angle":2.52},{"time":0.8}]},"orange_Back_Stem_02":{"rotate":[{},{"time":0.1164,"angle":-2.04},{"time":0.1827,"angle":14.72},{"time":0.4,"angle":-2.46},{"time":0.6,"angle":9.25},{"time":0.7333,"angle":1.12},{"time":0.8333}]},"orange_Back_leafL_01":{"rotate":[{"angle":0.11},{"time":0.0836,"angle":-9},{"time":0.2,"angle":6.82},{"time":0.3854,"angle":-13.59},{"time":0.5836,"angle":4.33},{"time":0.7,"angle":-4.34},{"time":0.8}]},"orange_Back_leafL_02":{"rotate":[{"time":0.0333},{"time":0.1499,"angle":-12.24},{"time":0.2667,"angle":6.63},{"time":0.4,"angle":-13.59},{"time":0.6667,"angle":23.45},{"time":0.7333,"angle":12.55},{"time":0.8}]},"orange_Back_leafL_03":{"rotate":[{"time":0.0333},{"time":0.1499,"angle":-11.52},{"time":0.2667,"angle":21.14},{"time":0.4,"angle":-13.59},{"time":0.5333,"angle":1.35},{"time":0.6333,"angle":18.41},{"time":0.8333}]},"orange_Back_leafR_01":{"rotate":[{},{"time":0.1333,"angle":6.58},{"time":0.2333,"angle":-6.44},{"time":0.4,"angle":11.94},{"time":0.6,"angle":-3.34},{"time":0.7,"angle":4.33},{"time":0.8}]},"orange_Back_leafR_02":{"rotate":[{"time":0.0333},{"time":0.1499,"angle":8.87},{"time":0.2667,"angle":2.08},{"time":0.4,"angle":23.78},{"time":0.6513,"angle":-16.5},{"time":0.732,"angle":-6.79},{"time":0.7731,"angle":-2.41},{"time":0.7977}]},"orange_Back_leafR_03":{"rotate":[{"time":0.0333},{"time":0.1499,"angle":10.21},{"time":0.2667,"angle":-9.58},{"time":0.4,"angle":13.59},{"time":0.5667,"angle":11.23},{"time":0.6818,"angle":-14.71},{"time":0.8333}]},"orange_Slice":{"rotate":[{},{"time":0.0667,"angle":-2.06},{"time":0.3333,"angle":-5.58},{"time":0.5333,"angle":-1.47},{"time":0.6513}],"translate":[{},{"time":0.1,"x":-2.87,"y":4.52},{"time":0.3,"x":4.98,"y":15.76},{"time":0.5,"x":-0.16,"y":-1.23},{"time":0.6513}],"scale":[{},{"time":0.1,"x":1.018,"y":0.961},{"time":0.3,"x":1.018,"y":1.022},{"time":0.5,"x":1.009,"y":0.974},{"time":0.6513}]},"orange_Slice_direction":{"translate":[{},{"time":0.1,"x":-64.11,"y":-61.05},{"time":0.2667,"x":23.11,"y":74.82},{"time":0.5,"x":19.49,"y":-43.57},{"time":0.7333}],"scale":[{},{"time":0.1,"x":0.984,"y":0.985},{"time":0.2667,"x":1.116,"y":1.122},{"time":0.5}]},"plate":{"scale":[{},{"time":0.1,"x":1.018,"y":0.932},{"time":0.3667,"x":1.05,"y":1.01},{"time":0.6,"y":0.98},{"time":0.8}]},"orange_Front_Stalk":{"shear":[{},{"time":0.1333,"x":2.5},{"time":0.3333,"x":-2.03,"y":-1.15},{"time":0.6,"x":3.97},{"time":0.7667}]},"orange_Back_Stalk":{"shear":[{"time":0.0333},{"time":0.1333,"x":1.7},{"time":0.1667,"x":2.5},{"time":0.3667,"x":-2.03,"y":-1.15},{"time":0.6333,"x":3.97},{"time":0.8}]}}},"win_bg":{"slots":{"h_o_shdw":{"color":[{"color":"ffffffff"},{"time":0.1333,"color":"ffffff00","curve":"stepped"},{"time":0.5,"color":"ffffff00"},{"time":0.8333,"color":"ffffffff"}],"attachment":[{"name":"h_o_shdw"}]}},"bones":{"_subroot":{"scale":[{},{"time":0.1333,"x":0.96,"y":0.96},{"time":0.2667,"x":1.01,"y":1.01},{"time":0.4667,"x":0.99,"y":0.99},{"time":0.6333}]},"orange_Front":{"rotate":[{},{"time":0.1667,"angle":3.77},{"time":0.3667,"angle":-2.19},{"time":0.6,"angle":-1.47},{"time":0.7333}],"translate":[{},{"time":0.1333,"y":-7.3},{"time":0.3333,"y":18.36},{"time":0.5667,"y":-6.37},{"time":0.7333}],"scale":[{},{"time":0.1333,"x":1.018,"y":0.961},{"time":0.3333,"x":1.018,"y":1.022},{"time":0.5667,"x":1.009,"y":0.974},{"time":0.7333}]},"orange_Front_direction":{"translate":[{},{"time":0.1,"x":-27.55,"y":-22.04},{"time":0.2667,"x":-6.81,"y":16.41},{"time":0.4667,"x":6.06,"y":-31.53},{"time":0.7}],"scale":[{},{"time":0.1,"x":0.984,"y":0.985},{"time":0.2667,"x":1.116,"y":1.122},{"time":0.5}]},"orange_Back":{"rotate":[{"time":0.0333},{"time":0.2333,"angle":3.77},{"time":0.4542,"angle":-2.93},{"time":0.6809,"angle":-1.47},{"time":0.8}],"translate":[{"time":0.0333},{"time":0.2,"y":-7.3},{"time":0.4,"x":-0.1,"y":15.07},{"time":0.6475,"y":-6.37},{"time":0.8}],"scale":[{"time":0.0333},{"time":0.2,"x":1.018,"y":0.961},{"time":0.4,"x":1.018,"y":1.022},{"time":0.6475,"x":1.009,"y":0.974},{"time":0.8}]},"orange_Back_direction":{"translate":[{"time":0.024},{"time":0.1333,"x":-27.55,"y":-22.04},{"time":0.3,"x":-6.81,"y":16.41},{"time":0.5333,"x":6.06,"y":-31.53},{"time":0.7667}],"scale":[{"time":0.024},{"time":0.1333,"x":0.984,"y":0.985},{"time":0.3,"x":1.116,"y":1.122},{"time":0.5667}]},"orange_Front_Stem_01":{"rotate":[{},{"time":0.1333,"angle":7.36},{"time":0.3333,"angle":-7.31},{"time":0.5667,"angle":-0.41},{"time":0.7,"angle":-2.08},{"time":0.8333}]},"orange_Front_Stem_02":{"rotate":[{},{"time":0.0723,"angle":-4.32},{"time":0.1514,"angle":7.36},{"time":0.3514,"angle":-7.15},{"time":0.5847,"angle":5.06},{"time":0.7181,"angle":-2.08},{"time":0.8333}]},"orange_Front_Stem_03":{"rotate":[{},{"time":0.1,"angle":-3.21},{"time":0.2,"angle":7.36},{"time":0.4,"angle":-7.15},{"time":0.6333,"angle":5.06},{"time":0.7667,"angle":-2.08},{"time":0.8333}]},"orange_Front_Leaf_01":{"rotate":[{},{"time":0.0723,"angle":-4.32},{"time":0.1514,"angle":8.29},{"time":0.3514,"angle":-7.15},{"time":0.5847,"angle":5.06},{"time":0.7181,"angle":-2.08},{"time":0.8333}]},"orange_Front_Leaf_02":{"rotate":[{},{"time":0.0883,"angle":-5.49},{"time":0.1674,"angle":0.63},{"time":0.3521,"angle":-11.84},{"time":0.5497,"angle":-8.34},{"time":0.6667,"angle":-1.96},{"time":0.8}]},"orange_Front_Leaf_03":{"rotate":[{},{"time":0.1047,"angle":-5.49},{"time":0.1333,"angle":-1.74},{"time":0.1838,"angle":18.21},{"time":0.3667,"angle":-13.59},{"time":0.5333,"angle":3.87},{"time":0.6497,"angle":15.04},{"time":0.7164,"angle":9.2},{"time":0.8}]},"orange_Front_Leaf_04":{"rotate":[{},{"time":0.0667,"angle":8.96},{"time":0.1333,"angle":-5.49},{"time":0.1898,"angle":24.66},{"time":0.4,"angle":-13.59},{"time":0.5,"angle":1.35},{"time":0.6,"angle":25.43},{"time":0.7333}]},"orange_Back_Stem_01":{"rotate":[{},{"time":0.0667,"angle":-5.93},{"time":0.1667,"angle":4.89},{"time":0.3667,"angle":-2.46},{"time":0.6,"angle":2.52},{"time":0.8}]},"orange_Back_Stem_02":{"rotate":[{},{"time":0.1164,"angle":-2.04},{"time":0.1827,"angle":14.72},{"time":0.4,"angle":-2.46},{"time":0.6,"angle":9.25},{"time":0.7333,"angle":1.12},{"time":0.8333}]},"orange_Back_leafL_01":{"rotate":[{"angle":0.11},{"time":0.0836,"angle":-9},{"time":0.2,"angle":6.82},{"time":0.3854,"angle":-13.59},{"time":0.5836,"angle":4.33},{"time":0.7,"angle":-4.34},{"time":0.8}]},"orange_Back_leafL_02":{"rotate":[{"time":0.0333},{"time":0.1499,"angle":-12.24},{"time":0.2667,"angle":6.63},{"time":0.4,"angle":-13.59},{"time":0.6667,"angle":23.45},{"time":0.7333,"angle":12.55},{"time":0.8}]},"orange_Back_leafL_03":{"rotate":[{"time":0.0333},{"time":0.1499,"angle":-11.52},{"time":0.2667,"angle":21.14},{"time":0.4,"angle":-13.59},{"time":0.5333,"angle":1.35},{"time":0.6333,"angle":18.41},{"time":0.8333}]},"orange_Back_leafR_01":{"rotate":[{},{"time":0.1333,"angle":6.58},{"time":0.2333,"angle":-6.44},{"time":0.4,"angle":11.94},{"time":0.6,"angle":-3.34},{"time":0.7,"angle":4.33},{"time":0.8}]},"orange_Back_leafR_02":{"rotate":[{"time":0.0333},{"time":0.1499,"angle":8.87},{"time":0.2667,"angle":2.08},{"time":0.4,"angle":23.78},{"time":0.6513,"angle":-16.5},{"time":0.732,"angle":-6.79},{"time":0.7731,"angle":-2.41},{"time":0.7977}]},"orange_Back_leafR_03":{"rotate":[{"time":0.0333},{"time":0.1499,"angle":10.21},{"time":0.2667,"angle":-9.58},{"time":0.4,"angle":13.59},{"time":0.5667,"angle":11.23},{"time":0.6818,"angle":-14.71},{"time":0.8333}]},"orange_Slice":{"rotate":[{},{"time":0.0667,"angle":-2.06},{"time":0.3333,"angle":-5.58},{"time":0.5333,"angle":-1.47},{"time":0.6513}],"translate":[{},{"time":0.1,"x":-2.87,"y":4.52},{"time":0.3,"x":4.98,"y":15.76},{"time":0.5,"x":-0.16,"y":-1.23},{"time":0.6513}],"scale":[{},{"time":0.1,"x":1.018,"y":0.961},{"time":0.3,"x":1.018,"y":1.022},{"time":0.5,"x":1.009,"y":0.974},{"time":0.6513}]},"orange_Slice_direction":{"translate":[{},{"time":0.1,"x":-64.11,"y":-61.05},{"time":0.2667,"x":23.11,"y":74.82},{"time":0.5,"x":19.49,"y":-43.57},{"time":0.7333}],"scale":[{},{"time":0.1,"x":0.984,"y":0.985},{"time":0.2667,"x":1.116,"y":1.122},{"time":0.5}]},"plate":{"scale":[{},{"time":0.1,"x":1.018,"y":0.932},{"time":0.3667,"x":1.05,"y":1.01},{"time":0.6,"y":0.98},{"time":0.8}]},"orange_Front_Stalk":{"shear":[{},{"time":0.1333,"x":2.5},{"time":0.3333,"x":-2.03,"y":-1.15},{"time":0.6,"x":3.97},{"time":0.7667}]},"orange_Back_Stalk":{"shear":[{"time":0.0333},{"time":0.1333,"x":1.7},{"time":0.1667,"x":2.5},{"time":0.3667,"x":-2.03,"y":-1.15},{"time":0.6333,"x":3.97},{"time":0.8}]}}}}}