{"skeleton":{"hash":"fST2h+KS4P0","spine":"3.8-from-4.0-from-4.1.23","x":-132,"y":-118.49,"width":264,"height":216,"images":"./donghua/btn_normal/","audio":""},"bones":[{"name":"root"},{"name":"norm_light_1","parent":"root"},{"name":"light_1","parent":"root","x":-0.4,"y":17.38,"scaleX":1.04,"scaleY":1.04}],"slots":[{"name":"norm_light_1","bone":"norm_light_1","blend":"screen"},{"name":"light_1","bone":"light_1","blend":"screen"}],"skins":[{"name":"default","attachments":{"light_1":{"light_1":{"width":145,"height":147},"light_2":{"x":0.5,"y":0.5,"width":145,"height":147},"light_3":{"x":0.5,"y":0.5,"width":145,"height":147},"light_4":{"x":0.5,"y":0.5,"width":145,"height":147},"light_5":{"x":0.5,"y":0.5,"width":145,"height":147},"light_6":{"x":0.5,"y":0.5,"width":145,"height":147},"light_7":{"x":0.5,"y":0.5,"width":145,"height":147},"light_8":{"x":0.5,"y":0.5,"width":145,"height":147}},"norm_light_1":{"norm_light_1":{"width":253,"height":217},"norm_light_2":{"x":0.5,"y":0.5,"width":253,"height":217},"norm_light_3":{"x":0.5,"y":0.5,"width":253,"height":217},"norm_light_4":{"x":0.5,"y":0.5,"width":253,"height":217},"norm_light_5":{"x":0.5,"y":0.5,"width":253,"height":217},"norm_light_6":{"x":0.5,"y":0.5,"width":253,"height":217},"norm_light_7":{"x":0.5,"y":0.5,"width":253,"height":217},"norm_light_8":{"x":0.5,"y":0.5,"width":253,"height":217},"norm_light_9":{"x":0.5,"y":0.5,"width":253,"height":217},"norm_light_10":{"x":0.5,"y":0.5,"width":253,"height":217},"norm_light_11":{"x":0.5,"y":0.5,"width":253,"height":217}}}}],"animations":{"btn_normal":{"slots":{"light_1":{"attachment":[{"name":"light_1"},{"time":0.0667,"name":"light_2"},{"time":0.1333,"name":"light_3"},{"time":0.2,"name":"light_4"},{"time":0.2667,"name":"light_5"},{"time":0.3333,"name":"light_6"},{"time":0.4,"name":"light_7"},{"time":0.4667,"name":"light_8"}]},"norm_light_1":{"attachment":[{"name":"norm_light_1"},{"time":0.0667,"name":"norm_light_2"},{"time":0.1333,"name":"norm_light_3"},{"time":0.2,"name":"norm_light_4"},{"time":0.2667,"name":"norm_light_5"},{"time":0.3333,"name":"norm_light_6"},{"time":0.4,"name":"norm_light_7"},{"time":0.4667,"name":"norm_light_8"},{"time":0.5333,"name":"norm_light_9"},{"time":0.6,"name":"norm_light_10"},{"time":0.6667,"name":"norm_light_11"}]}}}}}