{
    "skeleton": {
        "hash": "7hzHkq+OVT9dkEKuRZyynrkwbOM",
        "spine": "3.6.53",
        "width": 0,
        "height": 0,
        "images": "./images/"
    },
    "bones": [
        {
            "name": "root",
            "scaleX": 0.5,
            "scaleY": 0.5
        },
        {
            "name": "subroot",
            "parent": "root"
        },
        {
            "name": "ab_F",
            "parent": "subroot",
            "x": 7.46,
            "y": -176.52
        },
        {
            "name": "ab_L",
            "parent": "subroot",
            "rotation": 26.01,
            "x": -38.88,
            "y": -166.32
        },
        {
            "name": "ab_R",
            "parent": "subroot",
            "rotation": -24.2,
            "x": 39.42,
            "y": -165.78
        },
        {
            "name": "coin_F",
            "parent": "ab_F",
            "rotation": -5.05,
            "x": -24.18,
            "y": 249.96
        },
        {
            "name": "coin_L",
            "parent": "ab_F",
            "rotation": 1.94,
            "x": -53.95,
            "y": 269.75
        },
        {
            "name": "coin_R",
            "parent": "ab_F",
            "x": 50.28,
            "y": 270
        },
        {
            "name": "fx_glow_long",
            "parent": "ab_F",
            "rotation": -17.61,
            "x": -75.95,
            "y": 278.97
        }
    ],
    "slots": [
        {
            "name": "h_ab_sha",
            "bone": "subroot"
        },
        {
            "name": "h_ab_packet_R",
            "bone": "ab_R",
            "attachment": "h_ab_packet_R"
        },
        {
            "name": "h_ab_packet_L",
            "bone": "ab_L",
            "attachment": "h_ab_packet_L"
        },
        {
            "name": "h_ab_packet_Front_BX",
            "bone": "ab_F",
            "attachment": "h_ab_packet_Front_BX"
        },
        {
            "name": "h_ab_coin_L",
            "bone": "coin_L",
            "attachment": "h_ab_coin_L"
        },
        {
            "name": "h_ab_coin_R",
            "bone": "coin_R",
            "attachment": "h_ab_coin_R"
        },
        {
            "name": "h_ab_coin_F",
            "bone": "coin_F",
            "attachment": "h_ab_coin_F"
        },
        {
            "name": "h_ab_packet_Front_F",
            "bone": "ab_F",
            "attachment": "h_ab_packet_Front_F"
        },
        {
            "name": "fx_glow_long",
            "bone": "fx_glow_long",
            "blend": "additive"
        }
    ],
    "skins": {
        "default": {
            "fx_glow_long": {
                "fx_glow_long": {
                    "width": 93,
                    "height": 17
                }
            },
            "h_ab_coin_F": {
                "h_ab_coin_F": {
                    "x": 2.15,
                    "y": 51.96,
                    "rotation": 5.05,
                    "width": 136,
                    "height": 134
                }
            },
            "h_ab_coin_L": {
                "h_ab_coin_L": {
                    "x": -0.64,
                    "y": 55.33,
                    "rotation": -1.94,
                    "width": 126,
                    "height": 125
                }
            },
            "h_ab_coin_R": {
                "h_ab_coin_R": {
                    "x": 3.76,
                    "y": 54.03,
                    "width": 127,
                    "height": 125
                }
            },
            "h_ab_packet_Front_BX": {
                "h_ab_packet_Front_BX": {
                    "x": -8.51,
                    "y": 148.61,
                    "width": 299,
                    "height": 381
                }
            },
            "h_ab_packet_Front_F": {
                "h_ab_packet_Front_F": {
                    "x": -8.96,
                    "y": 149.02,
                    "width": 299,
                    "height": 381
                }
            },
            "h_ab_packet_L": {
                "h_ab_packet_L": {
                    "x": -0.65,
                    "y": 140.32,
                    "rotation": -26.01,
                    "width": 290,
                    "height": 327
                }
            },
            "h_ab_packet_R": {
                "h_ab_packet_R": {
                    "x": -7.83,
                    "y": 142.05,
                    "rotation": 24.2,
                    "width": 281,
                    "height": 326
                }
            },
            "h_ab_sha": {
                "h_ab_sha": {
                    "x": -6,
                    "y": -14,
                    "width": 504,
                    "height": 424
                },
                "h_ab_sha_mg": {
                    "x": -6,
                    "y": -14,
                    "width": 504,
                    "height": 424
                }
            }
        }
    },
    "animations": {
        "win": {
            "slots": {
                "fx_glow_long": {
                    "color": [
                        {
                            "time": 0,
                            "color": "ffffff00",
                            "curve": "stepped"
                        },
                        {
                            "time": 0.0333,
                            "color": "ffffff00"
                        },
                        {
                            "time": 0.3333,
                            "color": "ffffff49"
                        },
                        {
                            "time": 0.5,
                            "color": "ffffff00"
                        }
                    ],
                    "attachment": [
                        {
                            "time": 0,
                            "name": "fx_glow_long"
                        }
                    ]
                },
                "h_ab_sha": {
                    "color": [
                        {
                            "time": 0,
                            "color": "ffffffff",
                            "curve": [
                                0.229,
                                0.38,
                                0.611,
                                1
                            ]
                        },
                        {
                            "time": 0.1333,
                            "color": "ffffff00",
                            "curve": "stepped"
                        },
                        {
                            "time": 0.5,
                            "color": "ffffff00",
                            "curve": [
                                0.229,
                                0.38,
                                0.611,
                                1
                            ]
                        },
                        {
                            "time": 0.8333,
                            "color": "ffffffff"
                        }
                    ],
                    "attachment": [
                        {
                            "time": 0,
                            "name": "h_ab_sha_mg"
                        }
                    ]
                }
            },
            "bones": {
                "subroot": {
                    "scale": [
                        {
                            "time": 0,
                            "x": 1,
                            "y": 1,
                            "curve": [
                                0.384,
                                0,
                                0.803,
                                0.71
                            ]
                        },
                        {
                            "time": 0.0823,
                            "x": 0.97,
                            "y": 0.97,
                            "curve": [
                                0.229,
                                0.38,
                                0.611,
                                1
                            ]
                        },
                        {
                            "time": 0.3,
                            "x": 1.02,
                            "y": 1.02,
                            "curve": [
                                0.523,
                                0,
                                0.467,
                                1
                            ]
                        },
                        {
                            "time": 0.5333,
                            "x": 0.98,
                            "y": 0.98,
                            "curve": [
                                0.229,
                                0.38,
                                0.611,
                                1
                            ]
                        },
                        {
                            "time": 0.7667,
                            "x": 1,
                            "y": 1
                        }
                    ]
                },
                "ab_F": {
                    "rotate": [
                        {
                            "time": 0,
                            "angle": 0,
                            "curve": [
                                0.384,
                                0,
                                0.803,
                                0.71
                            ]
                        },
                        {
                            "time": 0.1667,
                            "angle": -1.04,
                            "curve": [
                                0.229,
                                0.38,
                                0.611,
                                1
                            ]
                        },
                        {
                            "time": 0.3667,
                            "angle": 2.61,
                            "curve": [
                                0.523,
                                0,
                                0.467,
                                1
                            ]
                        },
                        {
                            "time": 0.6333,
                            "angle": -0.91,
                            "curve": [
                                0.229,
                                0.38,
                                0.611,
                                1
                            ]
                        },
                        {
                            "time": 0.8333,
                            "angle": 0
                        }
                    ],
                    "translate": [
                        {
                            "time": 0,
                            "x": 0,
                            "y": 0,
                            "curve": [
                                0.384,
                                0,
                                0.803,
                                0.71
                            ]
                        },
                        {
                            "time": 0.1333,
                            "x": 1.95,
                            "y": -4.85,
                            "curve": [
                                0.229,
                                0.38,
                                0.611,
                                1
                            ]
                        },
                        {
                            "time": 0.3333,
                            "x": 1.06,
                            "y": 10.87,
                            "curve": [
                                0.523,
                                0,
                                0.467,
                                1
                            ]
                        },
                        {
                            "time": 0.5667,
                            "x": -0.62,
                            "y": -0.3,
                            "curve": [
                                0.229,
                                0.38,
                                0.611,
                                1
                            ]
                        },
                        {
                            "time": 0.8,
                            "x": 0,
                            "y": 0
                        }
                    ],
                    "scale": [
                        {
                            "time": 0,
                            "x": 1,
                            "y": 1,
                            "curve": [
                                0.384,
                                0,
                                0.803,
                                0.71
                            ]
                        },
                        {
                            "time": 0.1333,
                            "x": 1.018,
                            "y": 0.976,
                            "curve": [
                                0.229,
                                0.38,
                                0.611,
                                1
                            ]
                        },
                        {
                            "time": 0.3333,
                            "x": 1.01,
                            "y": 1.02,
                            "curve": [
                                0.523,
                                0,
                                0.467,
                                1
                            ]
                        },
                        {
                            "time": 0.5667,
                            "x": 1.012,
                            "y": 0.981,
                            "curve": [
                                0.229,
                                0.38,
                                0.611,
                                1
                            ]
                        },
                        {
                            "time": 0.8,
                            "x": 1,
                            "y": 1
                        }
                    ]
                },
                "ab_L": {
                    "rotate": [
                        {
                            "time": 0,
                            "angle": 0,
                            "curve": [
                                0.384,
                                0,
                                0.803,
                                0.71
                            ]
                        },
                        {
                            "time": 0.1333,
                            "angle": -1.33,
                            "curve": [
                                0.229,
                                0.38,
                                0.611,
                                1
                            ]
                        },
                        {
                            "time": 0.3333,
                            "angle": 0.41,
                            "curve": [
                                0.523,
                                0,
                                0.467,
                                1
                            ]
                        },
                        {
                            "time": 0.5333,
                            "angle": -0.44,
                            "curve": [
                                0.229,
                                0.38,
                                0.611,
                                1
                            ]
                        },
                        {
                            "time": 0.7,
                            "angle": 0.25,
                            "curve": [
                                0.25,
                                0,
                                0.75,
                                1
                            ]
                        },
                        {
                            "time": 0.8333,
                            "angle": 0
                        }
                    ],
                    "translate": [
                        {
                            "time": 0,
                            "x": 0,
                            "y": 0,
                            "curve": [
                                0.384,
                                0,
                                0.803,
                                0.71
                            ]
                        },
                        {
                            "time": 0.1,
                            "x": 3.47,
                            "y": -2.41,
                            "curve": [
                                0.229,
                                0.38,
                                0.611,
                                1
                            ]
                        },
                        {
                            "time": 0.3,
                            "x": -8.26,
                            "y": 1.94,
                            "curve": [
                                0.523,
                                0,
                                0.467,
                                1
                            ]
                        },
                        {
                            "time": 0.5,
                            "x": 1.25,
                            "y": -1,
                            "curve": [
                                0.229,
                                0.38,
                                0.611,
                                1
                            ]
                        },
                        {
                            "time": 0.6667,
                            "x": 0.11,
                            "y": 0.93,
                            "curve": [
                                0.245,
                                0,
                                0.637,
                                0.56
                            ]
                        },
                        {
                            "time": 0.8333,
                            "x": 0,
                            "y": 0
                        }
                    ],
                    "scale": [
                        {
                            "time": 0,
                            "x": 1,
                            "y": 1,
                            "curve": [
                                0.384,
                                0,
                                0.803,
                                0.71
                            ]
                        },
                        {
                            "time": 0.1,
                            "x": 1.017,
                            "y": 0.976,
                            "curve": [
                                0.229,
                                0.38,
                                0.611,
                                1
                            ]
                        },
                        {
                            "time": 0.3,
                            "x": 1.021,
                            "y": 1.032,
                            "curve": [
                                0.523,
                                0,
                                0.467,
                                1
                            ]
                        },
                        {
                            "time": 0.5,
                            "x": 1.007,
                            "y": 0.993,
                            "curve": [
                                0.229,
                                0.38,
                                0.611,
                                1
                            ]
                        },
                        {
                            "time": 0.6667,
                            "x": 0.993,
                            "y": 1.025,
                            "curve": [
                                0.25,
                                0,
                                0.75,
                                1
                            ]
                        },
                        {
                            "time": 0.8333,
                            "x": 1,
                            "y": 1
                        }
                    ]
                },
                "ab_R": {
                    "rotate": [
                        {
                            "time": 0.0209,
                            "angle": 0,
                            "curve": [
                                0.384,
                                0,
                                0.803,
                                0.71
                            ]
                        },
                        {
                            "time": 0.1543,
                            "angle": 0.37,
                            "curve": [
                                0.229,
                                0.38,
                                0.611,
                                1
                            ]
                        },
                        {
                            "time": 0.3543,
                            "angle": -2.51,
                            "curve": [
                                0.523,
                                0,
                                0.467,
                                1
                            ]
                        },
                        {
                            "time": 0.5543,
                            "angle": 1.31,
                            "curve": [
                                0.229,
                                0.38,
                                0.611,
                                1
                            ]
                        },
                        {
                            "time": 0.7209,
                            "angle": -0.88,
                            "curve": [
                                0.25,
                                0,
                                0.75,
                                1
                            ]
                        },
                        {
                            "time": 0.8333,
                            "angle": 0
                        }
                    ],
                    "translate": [
                        {
                            "time": 0.0209,
                            "x": 0,
                            "y": 0,
                            "curve": [
                                0.384,
                                0,
                                0.803,
                                0.71
                            ]
                        },
                        {
                            "time": 0.1209,
                            "x": -0.16,
                            "y": -0.8,
                            "curve": [
                                0.229,
                                0.38,
                                0.611,
                                1
                            ]
                        },
                        {
                            "time": 0.3209,
                            "x": -5.51,
                            "y": 2.85,
                            "curve": [
                                0.523,
                                0,
                                0.467,
                                1
                            ]
                        },
                        {
                            "time": 0.5209,
                            "x": -2.29,
                            "y": -1.88,
                            "curve": [
                                0.229,
                                0.38,
                                0.611,
                                1
                            ]
                        },
                        {
                            "time": 0.6876,
                            "x": 1.68,
                            "y": 0.93,
                            "curve": [
                                0.25,
                                0,
                                0.75,
                                1
                            ]
                        },
                        {
                            "time": 0.8333,
                            "x": 0,
                            "y": 0
                        }
                    ],
                    "scale": [
                        {
                            "time": 0.0209,
                            "x": 1,
                            "y": 1,
                            "curve": [
                                0.384,
                                0,
                                0.803,
                                0.71
                            ]
                        },
                        {
                            "time": 0.1209,
                            "x": 1.017,
                            "y": 0.976,
                            "curve": [
                                0.229,
                                0.38,
                                0.611,
                                1
                            ]
                        },
                        {
                            "time": 0.3209,
                            "x": 1.021,
                            "y": 1.032,
                            "curve": [
                                0.523,
                                0,
                                0.467,
                                1
                            ]
                        },
                        {
                            "time": 0.5209,
                            "x": 1.007,
                            "y": 0.993,
                            "curve": [
                                0.229,
                                0.38,
                                0.611,
                                1
                            ]
                        },
                        {
                            "time": 0.6876,
                            "x": 0.993,
                            "y": 1.025,
                            "curve": [
                                0.25,
                                0,
                                0.75,
                                1
                            ]
                        },
                        {
                            "time": 0.8333,
                            "x": 1,
                            "y": 1
                        }
                    ]
                },
                "coin_F": {
                    "rotate": [
                        {
                            "time": 0,
                            "angle": 0,
                            "curve": [
                                0.384,
                                0,
                                0.803,
                                0.71
                            ]
                        },
                        {
                            "time": 0.1667,
                            "angle": -1.04,
                            "curve": [
                                0.229,
                                0.38,
                                0.611,
                                1
                            ]
                        },
                        {
                            "time": 0.3667,
                            "angle": 2.61,
                            "curve": [
                                0.523,
                                0,
                                0.467,
                                1
                            ]
                        },
                        {
                            "time": 0.6,
                            "angle": -0.91,
                            "curve": [
                                0.384,
                                0,
                                0.803,
                                0.71
                            ]
                        },
                        {
                            "time": 0.7333,
                            "angle": -1.04
                        },
                        {
                            "time": 0.8333,
                            "angle": 0
                        }
                    ],
                    "translate": [
                        {
                            "time": 0,
                            "x": 0,
                            "y": 0,
                            "curve": [
                                0.384,
                                0,
                                0.803,
                                0.71
                            ]
                        },
                        {
                            "time": 0.147,
                            "x": 2.38,
                            "y": -4.9,
                            "curve": [
                                0.229,
                                0.38,
                                0.611,
                                1
                            ]
                        },
                        {
                            "time": 0.347,
                            "x": 0.8,
                            "y": 4.9,
                            "curve": [
                                0.523,
                                0,
                                0.467,
                                1
                            ]
                        },
                        {
                            "time": 0.5804,
                            "x": -0.62,
                            "y": -0.3,
                            "curve": [
                                0.384,
                                0,
                                0.803,
                                0.71
                            ]
                        },
                        {
                            "time": 0.7,
                            "x": -0.04,
                            "y": 1.62
                        },
                        {
                            "time": 0.8333,
                            "x": 0,
                            "y": 0
                        }
                    ],
                    "shear": [
                        {
                            "time": 0,
                            "x": 0,
                            "y": 0,
                            "curve": [
                                0.384,
                                0,
                                0.803,
                                0.71
                            ]
                        },
                        {
                            "time": 0.1667,
                            "x": 1.04,
                            "y": 0,
                            "curve": [
                                0.229,
                                0.38,
                                0.611,
                                1
                            ]
                        },
                        {
                            "time": 0.3667,
                            "x": 3.82,
                            "y": 1.24,
                            "curve": [
                                0.523,
                                0,
                                0.467,
                                1
                            ]
                        },
                        {
                            "time": 0.6,
                            "x": 0,
                            "y": 0
                        }
                    ]
                },
                "coin_R": {
                    "rotate": [
                        {
                            "time": 0,
                            "angle": 0,
                            "curve": [
                                0.384,
                                0,
                                0.803,
                                0.71
                            ]
                        },
                        {
                            "time": 0.1157,
                            "angle": 0.51,
                            "curve": [
                                0.229,
                                0.38,
                                0.611,
                                1
                            ]
                        },
                        {
                            "time": 0.3157,
                            "angle": 2.61,
                            "curve": [
                                0.523,
                                0,
                                0.467,
                                1
                            ]
                        },
                        {
                            "time": 0.5491,
                            "angle": -0.91,
                            "curve": [
                                0.384,
                                0,
                                0.803,
                                0.71
                            ]
                        },
                        {
                            "time": 0.6824,
                            "angle": -1.04
                        },
                        {
                            "time": 0.8,
                            "angle": 0
                        }
                    ],
                    "translate": [
                        {
                            "time": 0,
                            "x": 0,
                            "y": 0,
                            "curve": [
                                0.384,
                                0,
                                0.803,
                                0.71
                            ]
                        },
                        {
                            "time": 0.1,
                            "x": 0.14,
                            "y": -4.92,
                            "curve": [
                                0.229,
                                0.38,
                                0.611,
                                1
                            ]
                        },
                        {
                            "time": 0.3,
                            "x": 5.54,
                            "y": 2.31,
                            "curve": [
                                0.523,
                                0,
                                0.467,
                                1
                            ]
                        },
                        {
                            "time": 0.5333,
                            "x": -0.65,
                            "y": -2.18,
                            "curve": [
                                0.384,
                                0,
                                0.803,
                                0.71
                            ]
                        },
                        {
                            "time": 0.6667,
                            "x": 1.15,
                            "y": 1.6
                        },
                        {
                            "time": 0.8,
                            "x": 0,
                            "y": 0
                        }
                    ],
                    "shear": [
                        {
                            "time": 0,
                            "x": 0,
                            "y": 0,
                            "curve": [
                                0.384,
                                0,
                                0.803,
                                0.71
                            ]
                        },
                        {
                            "time": 0.1157,
                            "x": -5.72,
                            "y": -0.94,
                            "curve": [
                                0.229,
                                0.38,
                                0.611,
                                1
                            ]
                        },
                        {
                            "time": 0.3157,
                            "x": 2.88,
                            "y": 4.37,
                            "curve": [
                                0.523,
                                0,
                                0.467,
                                1
                            ]
                        },
                        {
                            "time": 0.5333,
                            "x": 0,
                            "y": 0
                        },
                        {
                            "time": 0.6667,
                            "x": 0,
                            "y": -0.07
                        }
                    ]
                },
                "coin_L": {
                    "rotate": [
                        {
                            "time": 0,
                            "angle": 0,
                            "curve": [
                                0.384,
                                0,
                                0.803,
                                0.71
                            ]
                        },
                        {
                            "time": 0.1333,
                            "angle": -2.85,
                            "curve": [
                                0.229,
                                0.38,
                                0.611,
                                1
                            ]
                        },
                        {
                            "time": 0.3333,
                            "angle": 3.46,
                            "curve": [
                                0.523,
                                0,
                                0.467,
                                1
                            ]
                        },
                        {
                            "time": 0.5667,
                            "angle": -1.8,
                            "curve": [
                                0.229,
                                0.38,
                                0.611,
                                1
                            ]
                        },
                        {
                            "time": 0.7,
                            "angle": 1.86,
                            "curve": [
                                0.25,
                                0,
                                0.75,
                                1
                            ]
                        },
                        {
                            "time": 0.8,
                            "angle": 0
                        }
                    ],
                    "translate": [
                        {
                            "time": 0,
                            "x": 0,
                            "y": 0,
                            "curve": [
                                0.384,
                                0,
                                0.803,
                                0.71
                            ]
                        },
                        {
                            "time": 0.1,
                            "x": 3.88,
                            "y": -7.05,
                            "curve": [
                                0.229,
                                0.38,
                                0.611,
                                1
                            ]
                        },
                        {
                            "time": 0.3,
                            "x": 1.38,
                            "y": 9.37,
                            "curve": [
                                0.523,
                                0,
                                0.467,
                                1
                            ]
                        },
                        {
                            "time": 0.5333,
                            "x": 0.85,
                            "y": -2.92,
                            "curve": [
                                0.384,
                                0,
                                0.803,
                                0.71
                            ]
                        },
                        {
                            "time": 0.6667,
                            "x": 1.14,
                            "y": 2.34,
                            "curve": [
                                0.25,
                                0,
                                0.75,
                                1
                            ]
                        },
                        {
                            "time": 0.8,
                            "x": 0,
                            "y": 0
                        }
                    ],
                    "shear": [
                        {
                            "time": 0,
                            "x": 0,
                            "y": 0,
                            "curve": [
                                0.384,
                                0,
                                0.803,
                                0.71
                            ]
                        },
                        {
                            "time": 0.1333,
                            "x": -0.98,
                            "y": 0,
                            "curve": [
                                0.229,
                                0.38,
                                0.611,
                                1
                            ]
                        },
                        {
                            "time": 0.3333,
                            "x": -2.1,
                            "y": 1.32,
                            "curve": [
                                0.523,
                                0,
                                0.467,
                                1
                            ]
                        },
                        {
                            "time": 0.5667,
                            "x": 0,
                            "y": 0
                        }
                    ]
                },
                "fx_glow_long": {
                    "rotate": [
                        {
                            "time": 0.0667,
                            "angle": 0
                        },
                        {
                            "time": 0.2667,
                            "angle": 16.38
                        },
                        {
                            "time": 0.5,
                            "angle": 36.42
                        }
                    ],
                    "translate": [
                        {
                            "time": 0.0667,
                            "x": 0,
                            "y": 0
                        },
                        {
                            "time": 0.2667,
                            "x": 74.06,
                            "y": -14.93
                        },
                        {
                            "time": 0.5,
                            "x": 131.81,
                            "y": -6.57
                        }
                    ],
                    "scale": [
                        {
                            "time": 0.0667,
                            "x": 1,
                            "y": 1,
                            "curve": [
                                0.25,
                                0,
                                0.75,
                                1
                            ]
                        },
                        {
                            "time": 0.5,
                            "x": 1.163,
                            "y": 1.037
                        }
                    ]
                }
            }
        },
        "win_bg": {
            "slots": {
                "fx_glow_long": {
                    "color": [
                        {
                            "time": 0,
                            "color": "ffffff00",
                            "curve": "stepped"
                        },
                        {
                            "time": 0.0333,
                            "color": "ffffff00"
                        },
                        {
                            "time": 0.3333,
                            "color": "ffffff49"
                        },
                        {
                            "time": 0.5,
                            "color": "ffffff00"
                        }
                    ],
                    "attachment": [
                        {
                            "time": 0,
                            "name": "fx_glow_long"
                        }
                    ]
                },
                "h_ab_sha": {
                    "color": [
                        {
                            "time": 0,
                            "color": "ffffffff",
                            "curve": [
                                0.229,
                                0.38,
                                0.611,
                                1
                            ]
                        },
                        {
                            "time": 0.1333,
                            "color": "ffffff00",
                            "curve": "stepped"
                        },
                        {
                            "time": 0.5,
                            "color": "ffffff00",
                            "curve": [
                                0.229,
                                0.38,
                                0.611,
                                1
                            ]
                        },
                        {
                            "time": 0.8333,
                            "color": "ffffffff"
                        }
                    ],
                    "attachment": [
                        {
                            "time": 0,
                            "name": "h_ab_sha"
                        }
                    ]
                }
            },
            "bones": {
                "subroot": {
                    "scale": [
                        {
                            "time": 0,
                            "x": 1,
                            "y": 1,
                            "curve": [
                                0.384,
                                0,
                                0.803,
                                0.71
                            ]
                        },
                        {
                            "time": 0.0823,
                            "x": 0.97,
                            "y": 0.97,
                            "curve": [
                                0.229,
                                0.38,
                                0.611,
                                1
                            ]
                        },
                        {
                            "time": 0.3,
                            "x": 1.02,
                            "y": 1.02,
                            "curve": [
                                0.523,
                                0,
                                0.467,
                                1
                            ]
                        },
                        {
                            "time": 0.5333,
                            "x": 0.98,
                            "y": 0.98,
                            "curve": [
                                0.229,
                                0.38,
                                0.611,
                                1
                            ]
                        },
                        {
                            "time": 0.7667,
                            "x": 1,
                            "y": 1
                        }
                    ]
                },
                "ab_F": {
                    "rotate": [
                        {
                            "time": 0,
                            "angle": 0,
                            "curve": [
                                0.384,
                                0,
                                0.803,
                                0.71
                            ]
                        },
                        {
                            "time": 0.1667,
                            "angle": -1.04,
                            "curve": [
                                0.229,
                                0.38,
                                0.611,
                                1
                            ]
                        },
                        {
                            "time": 0.3667,
                            "angle": 2.61,
                            "curve": [
                                0.523,
                                0,
                                0.467,
                                1
                            ]
                        },
                        {
                            "time": 0.6333,
                            "angle": -0.91,
                            "curve": [
                                0.229,
                                0.38,
                                0.611,
                                1
                            ]
                        },
                        {
                            "time": 0.8333,
                            "angle": 0
                        }
                    ],
                    "translate": [
                        {
                            "time": 0,
                            "x": 0,
                            "y": 0,
                            "curve": [
                                0.384,
                                0,
                                0.803,
                                0.71
                            ]
                        },
                        {
                            "time": 0.1333,
                            "x": 1.95,
                            "y": -4.85,
                            "curve": [
                                0.229,
                                0.38,
                                0.611,
                                1
                            ]
                        },
                        {
                            "time": 0.3333,
                            "x": 1.06,
                            "y": 10.87,
                            "curve": [
                                0.523,
                                0,
                                0.467,
                                1
                            ]
                        },
                        {
                            "time": 0.5667,
                            "x": -0.62,
                            "y": -0.3,
                            "curve": [
                                0.229,
                                0.38,
                                0.611,
                                1
                            ]
                        },
                        {
                            "time": 0.8,
                            "x": 0,
                            "y": 0
                        }
                    ],
                    "scale": [
                        {
                            "time": 0,
                            "x": 1,
                            "y": 1,
                            "curve": [
                                0.384,
                                0,
                                0.803,
                                0.71
                            ]
                        },
                        {
                            "time": 0.1333,
                            "x": 1.018,
                            "y": 0.976,
                            "curve": [
                                0.229,
                                0.38,
                                0.611,
                                1
                            ]
                        },
                        {
                            "time": 0.3333,
                            "x": 1.01,
                            "y": 1.02,
                            "curve": [
                                0.523,
                                0,
                                0.467,
                                1
                            ]
                        },
                        {
                            "time": 0.5667,
                            "x": 1.012,
                            "y": 0.981,
                            "curve": [
                                0.229,
                                0.38,
                                0.611,
                                1
                            ]
                        },
                        {
                            "time": 0.8,
                            "x": 1,
                            "y": 1
                        }
                    ]
                },
                "ab_L": {
                    "rotate": [
                        {
                            "time": 0,
                            "angle": 0,
                            "curve": [
                                0.384,
                                0,
                                0.803,
                                0.71
                            ]
                        },
                        {
                            "time": 0.1333,
                            "angle": -1.33,
                            "curve": [
                                0.229,
                                0.38,
                                0.611,
                                1
                            ]
                        },
                        {
                            "time": 0.3333,
                            "angle": 0.41,
                            "curve": [
                                0.523,
                                0,
                                0.467,
                                1
                            ]
                        },
                        {
                            "time": 0.5333,
                            "angle": -0.44,
                            "curve": [
                                0.229,
                                0.38,
                                0.611,
                                1
                            ]
                        },
                        {
                            "time": 0.7,
                            "angle": 0.25,
                            "curve": [
                                0.25,
                                0,
                                0.75,
                                1
                            ]
                        },
                        {
                            "time": 0.8333,
                            "angle": 0
                        }
                    ],
                    "translate": [
                        {
                            "time": 0,
                            "x": 0,
                            "y": 0,
                            "curve": [
                                0.384,
                                0,
                                0.803,
                                0.71
                            ]
                        },
                        {
                            "time": 0.1,
                            "x": 3.47,
                            "y": -2.41,
                            "curve": [
                                0.229,
                                0.38,
                                0.611,
                                1
                            ]
                        },
                        {
                            "time": 0.3,
                            "x": -8.26,
                            "y": 1.94,
                            "curve": [
                                0.523,
                                0,
                                0.467,
                                1
                            ]
                        },
                        {
                            "time": 0.5,
                            "x": 1.25,
                            "y": -1,
                            "curve": [
                                0.229,
                                0.38,
                                0.611,
                                1
                            ]
                        },
                        {
                            "time": 0.6667,
                            "x": 0.11,
                            "y": 0.93,
                            "curve": [
                                0.245,
                                0,
                                0.637,
                                0.56
                            ]
                        },
                        {
                            "time": 0.8333,
                            "x": 0,
                            "y": 0
                        }
                    ],
                    "scale": [
                        {
                            "time": 0,
                            "x": 1,
                            "y": 1,
                            "curve": [
                                0.384,
                                0,
                                0.803,
                                0.71
                            ]
                        },
                        {
                            "time": 0.1,
                            "x": 1.017,
                            "y": 0.976,
                            "curve": [
                                0.229,
                                0.38,
                                0.611,
                                1
                            ]
                        },
                        {
                            "time": 0.3,
                            "x": 1.021,
                            "y": 1.032,
                            "curve": [
                                0.523,
                                0,
                                0.467,
                                1
                            ]
                        },
                        {
                            "time": 0.5,
                            "x": 1.007,
                            "y": 0.993,
                            "curve": [
                                0.229,
                                0.38,
                                0.611,
                                1
                            ]
                        },
                        {
                            "time": 0.6667,
                            "x": 0.993,
                            "y": 1.025,
                            "curve": [
                                0.25,
                                0,
                                0.75,
                                1
                            ]
                        },
                        {
                            "time": 0.8333,
                            "x": 1,
                            "y": 1
                        }
                    ]
                },
                "ab_R": {
                    "rotate": [
                        {
                            "time": 0.0209,
                            "angle": 0,
                            "curve": [
                                0.384,
                                0,
                                0.803,
                                0.71
                            ]
                        },
                        {
                            "time": 0.1543,
                            "angle": 0.37,
                            "curve": [
                                0.229,
                                0.38,
                                0.611,
                                1
                            ]
                        },
                        {
                            "time": 0.3543,
                            "angle": -2.51,
                            "curve": [
                                0.523,
                                0,
                                0.467,
                                1
                            ]
                        },
                        {
                            "time": 0.5543,
                            "angle": 1.31,
                            "curve": [
                                0.229,
                                0.38,
                                0.611,
                                1
                            ]
                        },
                        {
                            "time": 0.7209,
                            "angle": -0.88,
                            "curve": [
                                0.25,
                                0,
                                0.75,
                                1
                            ]
                        },
                        {
                            "time": 0.8333,
                            "angle": 0
                        }
                    ],
                    "translate": [
                        {
                            "time": 0.0209,
                            "x": 0,
                            "y": 0,
                            "curve": [
                                0.384,
                                0,
                                0.803,
                                0.71
                            ]
                        },
                        {
                            "time": 0.1209,
                            "x": -0.16,
                            "y": -0.8,
                            "curve": [
                                0.229,
                                0.38,
                                0.611,
                                1
                            ]
                        },
                        {
                            "time": 0.3209,
                            "x": -5.51,
                            "y": 2.85,
                            "curve": [
                                0.523,
                                0,
                                0.467,
                                1
                            ]
                        },
                        {
                            "time": 0.5209,
                            "x": -2.29,
                            "y": -1.88,
                            "curve": [
                                0.229,
                                0.38,
                                0.611,
                                1
                            ]
                        },
                        {
                            "time": 0.6876,
                            "x": 1.68,
                            "y": 0.93,
                            "curve": [
                                0.25,
                                0,
                                0.75,
                                1
                            ]
                        },
                        {
                            "time": 0.8333,
                            "x": 0,
                            "y": 0
                        }
                    ],
                    "scale": [
                        {
                            "time": 0.0209,
                            "x": 1,
                            "y": 1,
                            "curve": [
                                0.384,
                                0,
                                0.803,
                                0.71
                            ]
                        },
                        {
                            "time": 0.1209,
                            "x": 1.017,
                            "y": 0.976,
                            "curve": [
                                0.229,
                                0.38,
                                0.611,
                                1
                            ]
                        },
                        {
                            "time": 0.3209,
                            "x": 1.021,
                            "y": 1.032,
                            "curve": [
                                0.523,
                                0,
                                0.467,
                                1
                            ]
                        },
                        {
                            "time": 0.5209,
                            "x": 1.007,
                            "y": 0.993,
                            "curve": [
                                0.229,
                                0.38,
                                0.611,
                                1
                            ]
                        },
                        {
                            "time": 0.6876,
                            "x": 0.993,
                            "y": 1.025,
                            "curve": [
                                0.25,
                                0,
                                0.75,
                                1
                            ]
                        },
                        {
                            "time": 0.8333,
                            "x": 1,
                            "y": 1
                        }
                    ]
                },
                "coin_F": {
                    "rotate": [
                        {
                            "time": 0,
                            "angle": 0,
                            "curve": [
                                0.384,
                                0,
                                0.803,
                                0.71
                            ]
                        },
                        {
                            "time": 0.1667,
                            "angle": -1.04,
                            "curve": [
                                0.229,
                                0.38,
                                0.611,
                                1
                            ]
                        },
                        {
                            "time": 0.3667,
                            "angle": 2.61,
                            "curve": [
                                0.523,
                                0,
                                0.467,
                                1
                            ]
                        },
                        {
                            "time": 0.6,
                            "angle": -0.91,
                            "curve": [
                                0.384,
                                0,
                                0.803,
                                0.71
                            ]
                        },
                        {
                            "time": 0.7333,
                            "angle": -1.04
                        },
                        {
                            "time": 0.8333,
                            "angle": 0
                        }
                    ],
                    "translate": [
                        {
                            "time": 0,
                            "x": 0,
                            "y": 0,
                            "curve": [
                                0.384,
                                0,
                                0.803,
                                0.71
                            ]
                        },
                        {
                            "time": 0.147,
                            "x": 2.38,
                            "y": -4.9,
                            "curve": [
                                0.229,
                                0.38,
                                0.611,
                                1
                            ]
                        },
                        {
                            "time": 0.347,
                            "x": 0.8,
                            "y": 4.9,
                            "curve": [
                                0.523,
                                0,
                                0.467,
                                1
                            ]
                        },
                        {
                            "time": 0.5804,
                            "x": -0.62,
                            "y": -0.3,
                            "curve": [
                                0.384,
                                0,
                                0.803,
                                0.71
                            ]
                        },
                        {
                            "time": 0.7,
                            "x": -0.04,
                            "y": 1.62
                        },
                        {
                            "time": 0.8333,
                            "x": 0,
                            "y": 0
                        }
                    ],
                    "shear": [
                        {
                            "time": 0,
                            "x": 0,
                            "y": 0,
                            "curve": [
                                0.384,
                                0,
                                0.803,
                                0.71
                            ]
                        },
                        {
                            "time": 0.1667,
                            "x": 1.04,
                            "y": 0,
                            "curve": [
                                0.229,
                                0.38,
                                0.611,
                                1
                            ]
                        },
                        {
                            "time": 0.3667,
                            "x": 3.82,
                            "y": 1.24,
                            "curve": [
                                0.523,
                                0,
                                0.467,
                                1
                            ]
                        },
                        {
                            "time": 0.6,
                            "x": 0,
                            "y": 0
                        }
                    ]
                },
                "coin_R": {
                    "rotate": [
                        {
                            "time": 0,
                            "angle": 0,
                            "curve": [
                                0.384,
                                0,
                                0.803,
                                0.71
                            ]
                        },
                        {
                            "time": 0.1157,
                            "angle": 0.51,
                            "curve": [
                                0.229,
                                0.38,
                                0.611,
                                1
                            ]
                        },
                        {
                            "time": 0.3157,
                            "angle": 2.61,
                            "curve": [
                                0.523,
                                0,
                                0.467,
                                1
                            ]
                        },
                        {
                            "time": 0.5491,
                            "angle": -0.91,
                            "curve": [
                                0.384,
                                0,
                                0.803,
                                0.71
                            ]
                        },
                        {
                            "time": 0.6824,
                            "angle": -1.04
                        },
                        {
                            "time": 0.8,
                            "angle": 0
                        }
                    ],
                    "translate": [
                        {
                            "time": 0,
                            "x": 0,
                            "y": 0,
                            "curve": [
                                0.384,
                                0,
                                0.803,
                                0.71
                            ]
                        },
                        {
                            "time": 0.1,
                            "x": 0.14,
                            "y": -4.92,
                            "curve": [
                                0.229,
                                0.38,
                                0.611,
                                1
                            ]
                        },
                        {
                            "time": 0.3,
                            "x": 5.54,
                            "y": 2.31,
                            "curve": [
                                0.523,
                                0,
                                0.467,
                                1
                            ]
                        },
                        {
                            "time": 0.5333,
                            "x": -0.65,
                            "y": -2.18,
                            "curve": [
                                0.384,
                                0,
                                0.803,
                                0.71
                            ]
                        },
                        {
                            "time": 0.6667,
                            "x": 1.15,
                            "y": 1.6
                        },
                        {
                            "time": 0.8,
                            "x": 0,
                            "y": 0
                        }
                    ],
                    "shear": [
                        {
                            "time": 0,
                            "x": 0,
                            "y": 0,
                            "curve": [
                                0.384,
                                0,
                                0.803,
                                0.71
                            ]
                        },
                        {
                            "time": 0.1157,
                            "x": -5.72,
                            "y": -0.94,
                            "curve": [
                                0.229,
                                0.38,
                                0.611,
                                1
                            ]
                        },
                        {
                            "time": 0.3157,
                            "x": 2.88,
                            "y": 4.37,
                            "curve": [
                                0.523,
                                0,
                                0.467,
                                1
                            ]
                        },
                        {
                            "time": 0.5333,
                            "x": 0,
                            "y": 0
                        },
                        {
                            "time": 0.6667,
                            "x": 0,
                            "y": -0.07
                        }
                    ]
                },
                "coin_L": {
                    "rotate": [
                        {
                            "time": 0,
                            "angle": 0,
                            "curve": [
                                0.384,
                                0,
                                0.803,
                                0.71
                            ]
                        },
                        {
                            "time": 0.1333,
                            "angle": -2.85,
                            "curve": [
                                0.229,
                                0.38,
                                0.611,
                                1
                            ]
                        },
                        {
                            "time": 0.3333,
                            "angle": 3.46,
                            "curve": [
                                0.523,
                                0,
                                0.467,
                                1
                            ]
                        },
                        {
                            "time": 0.5667,
                            "angle": -1.8,
                            "curve": [
                                0.229,
                                0.38,
                                0.611,
                                1
                            ]
                        },
                        {
                            "time": 0.7,
                            "angle": 1.86,
                            "curve": [
                                0.25,
                                0,
                                0.75,
                                1
                            ]
                        },
                        {
                            "time": 0.8,
                            "angle": 0
                        }
                    ],
                    "translate": [
                        {
                            "time": 0,
                            "x": 0,
                            "y": 0,
                            "curve": [
                                0.384,
                                0,
                                0.803,
                                0.71
                            ]
                        },
                        {
                            "time": 0.1,
                            "x": 3.88,
                            "y": -7.05,
                            "curve": [
                                0.229,
                                0.38,
                                0.611,
                                1
                            ]
                        },
                        {
                            "time": 0.3,
                            "x": 1.38,
                            "y": 9.37,
                            "curve": [
                                0.523,
                                0,
                                0.467,
                                1
                            ]
                        },
                        {
                            "time": 0.5333,
                            "x": 0.85,
                            "y": -2.92,
                            "curve": [
                                0.384,
                                0,
                                0.803,
                                0.71
                            ]
                        },
                        {
                            "time": 0.6667,
                            "x": 1.14,
                            "y": 2.34,
                            "curve": [
                                0.25,
                                0,
                                0.75,
                                1
                            ]
                        },
                        {
                            "time": 0.8,
                            "x": 0,
                            "y": 0
                        }
                    ],
                    "shear": [
                        {
                            "time": 0,
                            "x": 0,
                            "y": 0,
                            "curve": [
                                0.384,
                                0,
                                0.803,
                                0.71
                            ]
                        },
                        {
                            "time": 0.1333,
                            "x": -0.98,
                            "y": 0,
                            "curve": [
                                0.229,
                                0.38,
                                0.611,
                                1
                            ]
                        },
                        {
                            "time": 0.3333,
                            "x": -2.1,
                            "y": 1.32,
                            "curve": [
                                0.523,
                                0,
                                0.467,
                                1
                            ]
                        },
                        {
                            "time": 0.5667,
                            "x": 0,
                            "y": 0
                        }
                    ]
                },
                "fx_glow_long": {
                    "rotate": [
                        {
                            "time": 0.0667,
                            "angle": 0
                        },
                        {
                            "time": 0.2667,
                            "angle": 16.38
                        },
                        {
                            "time": 0.5,
                            "angle": 36.42
                        }
                    ],
                    "translate": [
                        {
                            "time": 0.0667,
                            "x": 0,
                            "y": 0
                        },
                        {
                            "time": 0.2667,
                            "x": 74.06,
                            "y": -14.93
                        },
                        {
                            "time": 0.5,
                            "x": 131.81,
                            "y": -6.57
                        }
                    ],
                    "scale": [
                        {
                            "time": 0.0667,
                            "x": 1,
                            "y": 1,
                            "curve": [
                                0.25,
                                0,
                                0.75,
                                1
                            ]
                        },
                        {
                            "time": 0.5,
                            "x": 1.163,
                            "y": 1.037
                        }
                    ]
                }
            }
        }
    }
}