{"skeleton":{"hash":"7lJ48tKtNbKzWW3VtjZ0K0OJmVM","spine":"3.8.99","x":-250,"y":-75,"width":500,"height":150,"images":"","audio":""},"bones":[{"name":"root"},{"name":"bone","parent":"root"}],"slots":[{"name":"broadcast_lizi01","bone":"bone","attachment":"broadcast_lizi26","blend":"additive"}],"skins":[{"name":"default","attachments":{"broadcast_lizi01":{"broadcast_lizi01":{"width":500,"height":150},"broadcast_lizi02":{"width":500,"height":150},"broadcast_lizi03":{"width":500,"height":150},"broadcast_lizi04":{"width":500,"height":150},"broadcast_lizi05":{"width":500,"height":150},"broadcast_lizi06":{"width":500,"height":150},"broadcast_lizi07":{"width":500,"height":150},"broadcast_lizi08":{"width":500,"height":150},"broadcast_lizi09":{"width":500,"height":150},"broadcast_lizi10":{"width":500,"height":150},"broadcast_lizi11":{"width":500,"height":150},"broadcast_lizi12":{"width":500,"height":150},"broadcast_lizi13":{"width":500,"height":150},"broadcast_lizi14":{"width":500,"height":150},"broadcast_lizi15":{"width":500,"height":150},"broadcast_lizi16":{"width":500,"height":150},"broadcast_lizi17":{"width":500,"height":150},"broadcast_lizi18":{"width":500,"height":150},"broadcast_lizi19":{"width":500,"height":150},"broadcast_lizi20":{"width":500,"height":150},"broadcast_lizi21":{"width":500,"height":150},"broadcast_lizi22":{"width":500,"height":150},"broadcast_lizi23":{"width":500,"height":150},"broadcast_lizi24":{"width":500,"height":150},"broadcast_lizi25":{"width":500,"height":150},"broadcast_lizi26":{"width":500,"height":150}}}}],"animations":{"broadcast_lizi":{"slots":{"broadcast_lizi01":{"attachment":[{"name":"broadcast_lizi01"},{"time":0.0667,"name":"broadcast_lizi02"},{"time":0.1333,"name":"broadcast_lizi03"},{"time":0.2,"name":"broadcast_lizi04"},{"time":0.2667,"name":"broadcast_lizi05"},{"time":0.3333,"name":"broadcast_lizi06"},{"time":0.4,"name":"broadcast_lizi07"},{"time":0.4667,"name":"broadcast_lizi08"},{"time":0.5333,"name":"broadcast_lizi09"},{"time":0.6,"name":"broadcast_lizi10"},{"time":0.6667,"name":"broadcast_lizi11"},{"time":0.7333,"name":"broadcast_lizi12"},{"time":0.8,"name":"broadcast_lizi13"},{"time":0.8667,"name":"broadcast_lizi14"},{"time":0.9333,"name":"broadcast_lizi15"},{"time":1,"name":"broadcast_lizi16"},{"time":1.0667,"name":"broadcast_lizi17"},{"time":1.1333,"name":"broadcast_lizi18"},{"time":1.2,"name":"broadcast_lizi19"},{"time":1.2667,"name":"broadcast_lizi20"},{"time":1.3333,"name":"broadcast_lizi21"},{"time":1.4,"name":"broadcast_lizi22"},{"time":1.4667,"name":"broadcast_lizi23"},{"time":1.5333,"name":"broadcast_lizi24"},{"time":1.6,"name":"broadcast_lizi25"},{"time":1.6667,"name":"broadcast_lizi26"},{"time":1.7333,"name":null}]}}}}}