{"skeleton":{"hash":"HnacGO0mGps","spine":"3.8-from-4.0-from-4.1.23","images":"./donghua/broadcast_light/","audio":""},"bones":[{"name":"root"},{"name":"light","parent":"root","y":-0.45},{"name":"di2_light","parent":"root"},{"name":"di3_light","parent":"root","y":6.99}],"slots":[{"name":"light","bone":"light","blend":"screen"},{"name":"di2_light","bone":"di2_light","blend":"screen"},{"name":"di3_light","bone":"di3_light","blend":"screen"}],"skins":[{"name":"default","attachments":{"di2_light":{"di2_light1":{"width":769,"height":122},"di2_light2":{"x":0.5,"width":769,"height":122},"di2_light3":{"x":0.5,"width":769,"height":122},"di2_light4":{"x":0.5,"width":769,"height":122},"di2_light5":{"x":0.5,"width":769,"height":122},"di2_light6":{"x":0.5,"width":769,"height":122},"di2_light7":{"x":0.5,"width":769,"height":122},"di2_light8":{"x":0.5,"width":769,"height":122},"di2_light9":{"x":0.5,"width":769,"height":122},"di2_light10":{"x":0.5,"width":769,"height":122},"di2_light11":{"x":0.5,"width":769,"height":122},"di2_light12":{"x":1.26,"y":1.9,"width":769,"height":122},"di2_light13":{"x":0.5,"width":769,"height":122},"di2_light14":{"x":0.5,"width":769,"height":122},"di2_light15":{"x":0.5,"width":769,"height":122},"di2_light16":{"x":0.5,"width":769,"height":122},"di2_light17":{"x":0.5,"width":769,"height":122},"di2_light18":{"x":0.5,"width":769,"height":122},"di2_light19":{"x":0.5,"width":769,"height":122},"di2_light20":{"x":0.5,"width":769,"height":122},"di2_light21":{"x":0.5,"width":769,"height":122},"di2_light22":{"x":0.5,"width":769,"height":122},"di2_light23":{"x":0.5,"width":769,"height":122}},"di3_light":{"di3_light1":{"y":-1.9,"width":780,"height":191},"di3_light2":{"y":-1.9,"width":780,"height":191},"di3_light3":{"y":-1.9,"width":780,"height":191},"di3_light4":{"y":-1.9,"width":780,"height":191},"di3_light5":{"y":-1.9,"width":780,"height":191},"di3_light6":{"y":-1.9,"width":780,"height":191},"di3_light7":{"y":-1.9,"width":780,"height":191},"di3_light8":{"y":-1.9,"width":780,"height":191},"di3_light9":{"y":-1.9,"width":780,"height":191},"di3_light10":{"width":780,"height":191},"di3_light11":{"y":-0.63,"width":780,"height":191},"di3_light12":{"y":-1.9,"width":780,"height":191},"di3_light13":{"y":-3.16,"width":780,"height":191},"di3_light14":{"y":-1.9,"width":780,"height":191},"di3_light15":{"y":-1.9,"width":780,"height":191},"di3_light16":{"y":-1.9,"width":780,"height":191},"di3_light17":{"y":-1.9,"width":780,"height":191},"di3_light18":{"y":-1.9,"width":780,"height":191},"di3_light19":{"y":-1.9,"width":780,"height":191},"di3_light20":{"y":-1.9,"width":780,"height":191},"di3_light21":{"y":-1.9,"width":780,"height":191},"di3_light22":{"y":-1.9,"width":780,"height":191},"di3_light23":{"y":-1.9,"width":780,"height":191}},"light":{"light":{"width":532,"height":77}}}}],"animations":{"broadcast2":{"slots":{"di2_light":{"attachment":[{"name":"di2_light1"},{"time":0.0667,"name":"di2_light2"},{"time":0.1333,"name":"di2_light3"},{"time":0.2,"name":"di2_light4"},{"time":0.2667,"name":"di2_light5"},{"time":0.3333,"name":"di2_light6"},{"time":0.4,"name":"di2_light7"},{"time":0.4667,"name":"di2_light8"},{"time":0.5333,"name":"di2_light9"},{"time":0.6,"name":"di2_light10"},{"time":0.6667,"name":"di2_light11"},{"time":0.7333,"name":"di2_light12"},{"time":0.8,"name":"di2_light13"},{"time":0.8667,"name":"di2_light14"},{"time":0.9333,"name":"di2_light15"},{"time":1,"name":"di2_light16"},{"time":1.0667,"name":"di2_light17"},{"time":1.1333,"name":"di2_light18"},{"time":1.2,"name":"di2_light19"},{"time":1.2667,"name":"di2_light20"},{"time":1.3333,"name":"di2_light21"},{"time":1.4,"name":"di2_light22"},{"time":1.4667,"name":"di2_light23"},{"time":1.5333,"name":null}]},"light":{"color":[{"color":"ffffff00"},{"time":0.1667,"color":"fffffffe","curve":"stepped"},{"time":0.8667,"color":"fffffffe"},{"time":1.5333,"color":"ffffff00"}],"attachment":[{"name":"light"}]}}},"broadcast3":{"slots":{"di3_light":{"attachment":[{"name":"di3_light1"},{"time":0.0667,"name":"di3_light2"},{"time":0.1333,"name":"di3_light3"},{"time":0.2,"name":"di3_light4"},{"time":0.2667,"name":"di3_light5"},{"time":0.3333,"name":"di3_light6"},{"time":0.4,"name":"di3_light7"},{"time":0.4667,"name":"di3_light8"},{"time":0.5333,"name":"di3_light9"},{"time":0.6,"name":"di3_light10"},{"time":0.6667,"name":"di3_light11"},{"time":0.7333,"name":"di3_light12"},{"time":0.8,"name":"di3_light13"},{"time":0.8667,"name":"di3_light14"},{"time":0.9333,"name":"di3_light15"},{"time":1,"name":"di3_light16"},{"time":1.0667,"name":"di3_light17"},{"time":1.1333,"name":"di3_light18"},{"time":1.2,"name":"di3_light19"},{"time":1.2667,"name":"di3_light20"},{"time":1.3333,"name":"di3_light21"},{"time":1.4,"name":"di3_light22"},{"time":1.4667,"name":"di3_light23"},{"time":1.5333,"name":null}]},"light":{"color":[{"color":"ffffff00"},{"time":0.1667,"color":"fffffffe","curve":"stepped"},{"time":0.8667,"color":"fffffffe"},{"time":1.5333,"color":"ffffff00"}],"attachment":[{"name":"light"}]}}}}}