{"skeleton":{"hash":"QICA0dkLBCJVIV+7eA1s15SnKdg","spine":"3.8.99","x":-398,"y":-100,"width":797,"height":200,"images":"","audio":""},"bones":[{"name":"root"},{"name":"bone","parent":"root"}],"slots":[{"name":"lizilihua_00","bone":"bone","attachment":"lizilihua_26"}],"skins":[{"name":"default","attachments":{"lizilihua_00":{"lizilihua_00":{"width":797,"height":200},"lizilihua_01":{"x":0.5,"width":797,"height":200},"lizilihua_02":{"x":0.5,"width":797,"height":200},"lizilihua_03":{"x":0.5,"width":797,"height":200},"lizilihua_04":{"x":0.5,"width":797,"height":200},"lizilihua_05":{"x":0.5,"width":797,"height":200},"lizilihua_06":{"x":0.5,"width":797,"height":200},"lizilihua_07":{"x":0.5,"width":797,"height":200},"lizilihua_08":{"x":0.5,"width":797,"height":200},"lizilihua_09":{"x":0.5,"width":797,"height":200},"lizilihua_10":{"x":0.5,"width":797,"height":200},"lizilihua_11":{"x":0.5,"width":797,"height":200},"lizilihua_12":{"x":0.5,"width":797,"height":200},"lizilihua_13":{"x":0.5,"width":797,"height":200},"lizilihua_14":{"x":0.5,"width":797,"height":200},"lizilihua_15":{"x":0.5,"width":797,"height":200},"lizilihua_16":{"x":0.5,"width":797,"height":200},"lizilihua_17":{"x":0.5,"width":797,"height":200},"lizilihua_18":{"x":0.5,"width":797,"height":200},"lizilihua_19":{"x":0.5,"width":797,"height":200},"lizilihua_20":{"x":0.5,"width":797,"height":200},"lizilihua_21":{"x":0.5,"width":797,"height":200},"lizilihua_22":{"x":0.5,"width":797,"height":200},"lizilihua_23":{"x":0.5,"width":797,"height":200},"lizilihua_24":{"x":0.5,"width":797,"height":200},"lizilihua_25":{"x":0.5,"width":797,"height":200},"lizilihua_26":{"x":0.5,"width":797,"height":200}}}}],"animations":{"broadcast_cionb":{"slots":{"lizilihua_00":{"attachment":[{"name":"lizilihua_00"},{"time":0.0667,"name":"lizilihua_01"},{"time":0.1333,"name":"lizilihua_02"},{"time":0.2,"name":"lizilihua_03"},{"time":0.2667,"name":"lizilihua_04"},{"time":0.3333,"name":"lizilihua_05"},{"time":0.4,"name":"lizilihua_06"},{"time":0.4667,"name":"lizilihua_07"},{"time":0.5333,"name":"lizilihua_08"},{"time":0.6,"name":"lizilihua_09"},{"time":0.6667,"name":"lizilihua_10"},{"time":0.7333,"name":"lizilihua_11"},{"time":0.8,"name":"lizilihua_12"},{"time":0.8667,"name":"lizilihua_13"},{"time":0.9333,"name":"lizilihua_14"},{"time":1,"name":"lizilihua_15"},{"time":1.0667,"name":"lizilihua_16"},{"time":1.1333,"name":"lizilihua_17"},{"time":1.2,"name":"lizilihua_18"},{"time":1.2667,"name":"lizilihua_19"},{"time":1.3333,"name":"lizilihua_20"},{"time":1.4,"name":"lizilihua_21"},{"time":1.4667,"name":"lizilihua_22"},{"time":1.5333,"name":"lizilihua_23"},{"time":1.6,"name":"lizilihua_24"},{"time":1.6667,"name":"lizilihua_25"},{"time":1.7333,"name":"lizilihua_26"},{"time":1.8,"name":null}]}}}}}