{
    "skeleton": {
        "hash": "XYnfpjpAcxR6uzH/E8yk1WqrnzY",
        "spine": "3.8.75",
        "x": -283,
        "y": -142,
        "width": 577.5,
        "height": 372.5,
        "images": "",
        "audio": ""
    },
    "bones": [
        {
            "name": "root"
        },
        {
            "name": "light",
            "parent": "root",
            "length": 183,
            "rotation": 90.31,
            "y": 68
        },
        {
            "name": "star2",
            "parent": "root",
            "length": 234,
            "rotation": 89.76,
            "x": -32.5,
            "y": 1
        },
        {
            "name": "star1",
            "parent": "root",
            "length": 252.03,
            "rotation": 89.09,
            "x": 31.5,
            "y": -8
        },
        {
            "name": "win",
            "parent": "root",
            "length": 170,
            "rotation": -89.66,
            "x": -1.5,
            "y": 62
        },
        {
            "name": "left",
            "parent": "root",
            "length": 149.16,
            "rotation": 177.31,
            "x": -98.5,
            "y": 51.7
        },
        {
            "name": "left2",
            "parent": "root",
            "length": 209.04,
            "rotation": -1.1,
            "x": 103.5,
            "y": 51.7
        },
        {
            "name": "title",
            "parent": "root",
            "length": 204.01,
            "rotation": 89.44,
            "x": -21.5,
            "y": -13
        },
        {
            "name": "gold",
            "parent": "root",
            "length": 273.02,
            "rotation": -90.63,
            "x": -27.5,
            "y": -28
        },
        {
            "name": "title2",
            "parent": "title",
            "length": 204.01
        },
        {
            "name": "win2",
            "parent": "win",
            "length": 170
        },
        {
            "name": "star",
            "parent": "root",
            "length": 27.68,
            "rotation": 45,
            "x": 11.75,
            "y": 69.97
        }
    ],
    "slots": [
        {
            "name": "light",
            "bone": "light",
            "attachment": "light"
        },
        {
            "name": "gold",
            "bone": "gold",
            "attachment": "gold"
        },
        {
            "name": "title",
            "bone": "title",
            "attachment": "title"
        },
        {
            "name": "title2",
            "bone": "title2",
            "attachment": "title",
            "blend": "screen"
        },
        {
            "name": "left",
            "bone": "left",
            "attachment": "left"
        },
        {
            "name": "left2",
            "bone": "left2",
            "attachment": "left"
        },
        {
            "name": "win",
            "bone": "win",
            "attachment": "win"
        },
        {
            "name": "win2",
            "bone": "win2",
            "color": "ffffff88",
            "attachment": "win",
            "blend": "additive"
        },
        {
            "name": "star1",
            "bone": "star1",
            "attachment": "star1"
        },
        {
            "name": "star2",
            "bone": "star2",
            "attachment": "star2"
        },
        {
            "name": "star",
            "bone": "star",
            "attachment": "star"
        }
    ],
    "skins": [
        {
            "name": "default",
            "attachments": {
                "left": {
                    "left": {
                        "x": 51.3,
                        "y": 5.41,
                        "rotation": -177.31,
                        "width": 266,
                        "height": 103
                    }
                },
                "left2": {
                    "left": {
                        "x": 46.55,
                        "y": -2.11,
                        "scaleX": -1,
                        "rotation": 1.1,
                        "width": 266,
                        "height": 103
                    }
                },
                "star2": {
                    "star2": {
                        "x": 40.21,
                        "y": -48.83,
                        "rotation": -89.76,
                        "width": 478,
                        "height": 366
                    }
                },
                "star": {
                    "star": {
                        "x": -7.91,
                        "y": 7.91,
                        "rotation": 44.09,
                        "width": 67,
                        "height": 67
                    }
                },
                "win2": {
                    "win": {
                        "x": 9.01,
                        "y": 1.45,
                        "rotation": 89.66,
                        "width": 208,
                        "height": 96
                    }
                },
                "light": {
                    "light": {
                        "x": 55.9,
                        "y": -19.31,
                        "rotation": -90.31,
                        "width": 551,
                        "height": 213
                    }
                },
                "title": {
                    "title": {
                        "x": 38.21,
                        "y": -21.13,
                        "rotation": -89.44,
                        "width": 318,
                        "height": 90
                    }
                },
                "title2": {
                    "title": {
                        "x": 38.21,
                        "y": -21.13,
                        "rotation": -89.44,
                        "width": 318,
                        "height": 90
                    }
                },
                "win": {
                    "win": {
                        "x": 9.01,
                        "y": 1.45,
                        "rotation": 89.66,
                        "width": 208,
                        "height": 96
                    }
                },
                "star1": {
                    "star1": {
                        "x": 58.6,
                        "y": 25.93,
                        "rotation": -89.09,
                        "width": 479,
                        "height": 346
                    }
                },
                "gold": {
                    "gold": {
                        "x": -73.38,
                        "y": 34.2,
                        "rotation": 90.63,
                        "width": 380,
                        "height": 223
                    }
                }
            }
        }
    ],
    "animations": {
        "ani_reward": {
            "slots": {
                "gold": {
                    "color": [
                        {
                            "color": "ffffff00"
                        },
                        {
                            "time": 0.5,
                            "color": "ffffffff"
                        }
                    ]
                },
                "star1": {
                    "color": [
                        {
                            "time": 0.3333,
                            "color": "ffffff00",
                            "curve": "stepped"
                        },
                        {
                            "time": 0.4333,
                            "color": "ffffff00"
                        },
                        {
                            "time": 0.6667,
                            "color": "ffffffff"
                        },
                        {
                            "time": 0.9333,
                            "color": "ffffff76"
                        },
                        {
                            "time": 1.0333,
                            "color": "ffffff75"
                        },
                        {
                            "time": 1.5,
                            "color": "ffffff00"
                        }
                    ]
                },
                "light": {
                    "color": [
                        {
                            "color": "ffffff00"
                        },
                        {
                            "time": 2,
                            "color": "ffffffff"
                        }
                    ]
                },
                "win2": {
                    "color": [
                        {
                            "time": 1,
                            "color": "ffffff88"
                        },
                        {
                            "time": 1.3333,
                            "color": "ffffff00",
                            "curve": "stepped"
                        },
                        {
                            "time": 1.5,
                            "color": "ffffff00",
                            "curve": 0.25,
                            "c3": 0.75
                        },
                        {
                            "time": 1.8333,
                            "color": "ffffff55",
                            "curve": 0.25,
                            "c3": 0.75
                        },
                        {
                            "time": 2.1667,
                            "color": "ffffff00"
                        }
                    ]
                },
                "title2": {
                    "color": [
                        {
                            "color": "ffffff00",
                            "curve": "stepped"
                        },
                        {
                            "time": 0.4,
                            "color": "ffffff00"
                        },
                        {
                            "time": 0.4333,
                            "color": "ffffffff",
                            "curve": "stepped"
                        },
                        {
                            "time": 0.7667,
                            "color": "ffffffff"
                        },
                        {
                            "time": 1,
                            "color": "ffffff00"
                        }
                    ]
                },
                "left2": {
                    "color": [
                        {
                            "color": "ffffff00",
                            "curve": "stepped"
                        },
                        {
                            "time": 0.6,
                            "color": "ffffff00"
                        },
                        {
                            "time": 0.7333,
                            "color": "ffffffff"
                        },
                        {
                            "time": 1,
                            "color": "ffffff00"
                        }
                    ]
                },
                "left": {
                    "color": [
                        {
                            "color": "ffffff00",
                            "curve": "stepped"
                        },
                        {
                            "time": 0.6,
                            "color": "ffffff00"
                        },
                        {
                            "time": 0.7333,
                            "color": "ffffffff"
                        },
                        {
                            "time": 1,
                            "color": "ffffff00"
                        }
                    ]
                },
                "star": {
                    "color": [
                        {
                            "color": "ffffff00",
                            "curve": "stepped"
                        },
                        {
                            "time": 0.6333,
                            "color": "ffffff00"
                        },
                        {
                            "time": 0.6667,
                            "color": "ffffffff",
                            "curve": "stepped"
                        },
                        {
                            "time": 1,
                            "color": "ffffffff"
                        },
                        {
                            "time": 1.3667,
                            "color": "ffffff00"
                        }
                    ]
                },
                "star2": {
                    "color": [
                        {
                            "time": 0.4667,
                            "color": "ffffff00",
                            "curve": "stepped"
                        },
                        {
                            "time": 0.7,
                            "color": "ffffff00"
                        },
                        {
                            "time": 0.8667,
                            "color": "ffffffff"
                        },
                        {
                            "time": 1.3,
                            "color": "ffffff00"
                        }
                    ]
                },
                "title": {
                    "color": [
                        {
                            "color": "ffffff00"
                        },
                        {
                            "time": 0.1667,
                            "color": "ffffffff"
                        }
                    ]
                }
            },
            "bones": {
                "title": {
                    "scale": [
                        {
                            "x": 0.8,
                            "y": 0.8
                        },
                        {
                            "time": 0.4
                        },
                        {
                            "time": 0.6333,
                            "x": 1.1,
                            "y": 1.1
                        },
                        {
                            "time": 0.8333,
                            "y": 1.05
                        }
                    ]
                },
                "title2": {
                    "scale": [
                        {
                            "time": 0.4333
                        },
                        {
                            "time": 1,
                            "x": 1.3,
                            "y": 1.3
                        }
                    ]
                },
                "win": {
                    "scale": [
                        {
                            "x": 0,
                            "y": 0
                        },
                        {
                            "time": 0.1667,
                            "x": 0.8,
                            "y": 0.8
                        },
                        {
                            "time": 0.5667
                        },
                        {
                            "time": 0.8,
                            "x": 1.1,
                            "y": 1.1
                        },
                        {
                            "time": 1,
                            "y": 1.05
                        }
                    ]
                },
                "win2": {
                    "rotate": [
                        {
                            "time": 1.2667,
                            "angle": -0.99
                        }
                    ],
                    "translate": [
                        {
                            "time": 1.3667,
                            "x": -0.01,
                            "y": -1.85
                        },
                        {
                            "time": 2.6667
                        }
                    ],
                    "scale": [
                        {
                            "time": 0.4333
                        },
                        {
                            "time": 1,
                            "x": 1.3,
                            "y": 1.5,
                            "curve": "stepped"
                        },
                        {
                            "time": 1.3333,
                            "x": 1.3,
                            "y": 1.5
                        },
                        {
                            "time": 1.5
                        }
                    ]
                },
                "left": {
                    "translate": [
                        {
                            "time": 0.6,
                            "x": 128.5,
                            "y": -1.7
                        },
                        {
                            "time": 1,
                            "x": -131.5,
                            "y": -1.7
                        }
                    ]
                },
                "left2": {
                    "translate": [
                        {
                            "time": 0.6,
                            "x": -73.5,
                            "y": -1.7
                        },
                        {
                            "time": 1,
                            "x": 126.5,
                            "y": -1.7
                        }
                    ]
                },
                "gold": {
                    "scale": [
                        {
                            "time": 0.4667
                        },
                        {
                            "time": 0.6667,
                            "x": 1.05,
                            "y": 1.05
                        },
                        {
                            "time": 1
                        }
                    ]
                },
                "light": {
                    "scale": [
                        {
                            "time": 0.4667
                        },
                        {
                            "time": 0.6667,
                            "x": 1.05,
                            "y": 1.05
                        },
                        {
                            "time": 1
                        }
                    ]
                },
                "star1": {
                    "rotate": [
                        {
                            "time": 0.6667
                        },
                        {
                            "time": 0.9333,
                            "angle": 6.91
                        }
                    ],
                    "scale": [
                        {
                            "x": 0,
                            "y": 0,
                            "curve": "stepped"
                        },
                        {
                            "time": 0.3333,
                            "x": 0,
                            "y": 0
                        },
                        {
                            "time": 0.8
                        }
                    ]
                },
                "star2": {
                    "rotate": [
                        {
                            "time": 0.6667
                        },
                        {
                            "time": 1.1333,
                            "angle": 6.24
                        }
                    ],
                    "scale": [
                        {
                            "x": 0,
                            "y": 0,
                            "curve": "stepped"
                        },
                        {
                            "time": 0.3333,
                            "x": 0,
                            "y": 0
                        },
                        {
                            "time": 1.1667
                        }
                    ]
                },
                "star": {
                    "translate": [
                        {
                            "time": 0.6667
                        },
                        {
                            "time": 0.9,
                            "x": 72.73,
                            "y": 52.15
                        },
                        {
                            "time": 1.2333,
                            "x": 154.71,
                            "y": 4.66
                        }
                    ]
                }
            }
        }
    }
}