{"skeleton":{"hash":"uYbTZz/TM3o","spine":"3.8-from-4.0-from-4.1.23","images":"./donghua/free_light/","audio":""},"bones":[{"name":"root"},{"name":"light_1","parent":"root"}],"slots":[{"name":"light_1","bone":"light_1","blend":"screen"}],"skins":[{"name":"default","attachments":{"light_1":{"light_1":{"width":204,"height":423},"light_2":{"y":0.5,"width":204,"height":423},"light_3":{"y":0.5,"width":204,"height":423},"light_4":{"y":0.5,"width":204,"height":423},"light_5":{"y":0.5,"width":204,"height":423},"light_6":{"y":0.5,"width":204,"height":423},"light_7":{"y":0.5,"width":204,"height":423},"light_8":{"y":0.5,"width":204,"height":423},"light_9":{"y":0.5,"width":204,"height":423},"light_10":{"y":0.5,"width":204,"height":423},"light_11":{"y":0.5,"width":204,"height":423},"light_12":{"y":0.5,"width":204,"height":423},"light_13":{"y":0.5,"width":204,"height":423}}}}],"animations":{"free_light":{"slots":{"light_1":{"attachment":[{"name":"light_1"},{"time":0.0667,"name":"light_2"},{"time":0.1333,"name":"light_3"},{"time":0.2,"name":"light_4"},{"time":0.2667,"name":"light_5"},{"time":0.3333,"name":"light_6"},{"time":0.4,"name":"light_7"},{"time":0.4667,"name":"light_8"},{"time":0.5333,"name":"light_9"},{"time":0.6,"name":"light_10"},{"time":0.6667,"name":"light_11"},{"time":0.7333,"name":"light_12"},{"time":0.8,"name":"light_13"},{"time":0.8667,"name":null}]}}}}}