{"skeleton":{"hash":"3ZpZes//JJ0","spine":"3.8-from-4.0-from-4.1.23","x":-98.09,"y":-335.22,"width":196.19,"height":670.44,"images":"./donghua/free/","audio":""},"bones":[{"name":"root"},{"name":"free_light_1","parent":"root","scaleX":0.615,"scaleY":0.755}],"slots":[{"name":"free_light_1","bone":"free_light_1","attachment":"free_light_1","blend":"additive"}],"skins":[{"name":"default","attachments":{"free_light_1":{"free_light_1":{"width":319,"height":888},"free_light_2":{"x":0.5,"width":319,"height":888},"free_light_3":{"x":0.5,"width":319,"height":888},"free_light_4":{"x":0.5,"width":319,"height":888},"free_light_5":{"x":0.5,"width":319,"height":888},"free_light_6":{"x":0.5,"width":319,"height":888},"free_light_7":{"x":0.5,"width":319,"height":888},"free_light_8":{"x":0.5,"width":319,"height":888},"free_light_9":{"x":0.5,"width":319,"height":888},"free_light_10":{"x":0.5,"width":319,"height":888},"free_light_11":{"x":0.5,"width":319,"height":888}}}}],"animations":{"free":{"slots":{"free_light_1":{"attachment":[{"name":null},{"time":0.0333,"name":"free_light_1"},{"time":0.0667,"name":"free_light_2"},{"time":0.1,"name":"free_light_3"},{"time":0.1333,"name":"free_light_4"},{"time":0.1667,"name":"free_light_5"},{"time":0.2,"name":"free_light_6"},{"time":0.2333,"name":"free_light_7"},{"time":0.2667,"name":"free_light_8"},{"time":0.3,"name":"free_light_9"},{"time":0.3333,"name":"free_light_10"},{"time":0.3667,"name":"free_light_11"},{"time":0.4,"name":null}]}}}}}