{"skeleton":{"hash":"gC4uhUcfCDI","spine":"3.8-from-4.0-from-4.1.23","x":-101,"y":-104.5,"width":202,"height":209,"images":"./donghua/times_light/","audio":""},"bones":[{"name":"root"},{"name":"times_light_1","parent":"root","y":12.49}],"slots":[{"name":"times_light_1","bone":"times_light_1","blend":"screen"}],"skins":[{"name":"default","attachments":{"times_light_1":{"times_light_1":{"width":205,"height":198},"times_light_2":{"x":0.5,"width":205,"height":198},"times_light_3":{"x":0.5,"width":205,"height":198},"times_light_4":{"x":0.5,"width":205,"height":198},"times_light_5":{"x":0.5,"width":205,"height":198},"times_light_6":{"x":0.5,"width":205,"height":198},"times_light_7":{"x":0.5,"width":205,"height":198},"times_light_8":{"x":0.5,"width":205,"height":198},"times_light_9":{"x":0.5,"width":205,"height":198},"times_light_10":{"x":0.5,"width":205,"height":198},"times_light_11":{"x":0.5,"width":205,"height":198}}}}],"animations":{"times_light":{"slots":{"times_light_1":{"attachment":[{"name":"times_light_1"},{"time":0.0667,"name":"times_light_2"},{"time":0.1333,"name":"times_light_3"},{"time":0.2,"name":"times_light_4"},{"time":0.2667,"name":"times_light_5"},{"time":0.3333,"name":"times_light_6"},{"time":0.4,"name":"times_light_7"},{"time":0.4667,"name":"times_light_8"},{"time":0.5333,"name":"times_light_9"},{"time":0.6,"name":"times_light_10"},{"time":0.6667,"name":"times_light_11"},{"time":0.7333,"name":null}]}}}}}