{"skeleton":{"hash":"5i3QJ8MKpto","spine":"3.8-from-4.0-from-4.1.23","x":-93,"y":-96,"width":169,"height":205.62,"images":"./donghua/bag/","audio":"E:/工作/6.15 牛/spine/bag"},"bones":[{"name":"root","scaleX":0.5,"scaleY":0.5},{"name":"subroot","parent":"root"},{"name":"coin_L","parent":"subroot","rotation":38.69,"x":-66.21,"y":-152.64,"color":"67ff45ff"},{"name":"coin_R_01","parent":"subroot","rotation":12.26,"x":105.2,"y":-137.24,"color":"67ff45ff"},{"name":"coin_R_02","parent":"subroot","rotation":-14.86,"x":96.49,"y":-146.93,"color":"67ff45ff"},{"name":"coin_Top","parent":"subroot","rotation":-6.7,"x":16.55,"y":-90.78,"color":"67ff45ff"},{"name":"cp","parent":"subroot","x":-19.21,"y":-148.27,"color":"40fffbff"},{"name":"cp_Top","parent":"cp","x":-2.8,"y":244.64,"color":"40fffbff"},{"name":"cp_direction","parent":"cp","y":83.07,"color":"40fffbff"},{"name":"fx_sparkle9","parent":"root","scaleX":0.983,"scaleY":0.983},{"name":"fx_sparkle10","parent":"root","scaleX":0.7,"scaleY":0.7},{"name":"rope","parent":"cp","x":-0.48,"y":220.64,"color":"36e7ffff"},{"name":"rope_midlink","parent":"rope","rotation":3.44,"x":3.51,"y":3.74,"color":"36e7ffff"},{"name":"trinket","parent":"rope_midlink","rotation":-3.44,"x":-5.17,"y":-14.49,"color":"cf17ffff"},{"name":"trinket_link","parent":"trinket","color":"cf17ffff"},{"name":"trinket_body","parent":"trinket_link","x":-0.62,"y":-26.52,"color":"cf17ffff"},{"name":"t_L_01","parent":"trinket_body","length":35.81,"rotation":130.82,"x":-8.48,"y":10.18,"color":"cf17ffff"},{"name":"t_L_02_01","parent":"trinket_body","length":26.51,"rotation":175.92,"x":-18.41,"y":-5.01,"color":"cf17ffff"},{"name":"t_L_02_02","parent":"t_L_02_01","length":19.33,"rotation":-2.12,"x":26.51,"color":"cf17ffff"},{"name":"t_L_02_03","parent":"t_L_02_02","length":15.34,"rotation":-0.02,"x":19.33,"color":"cf17ffff"},{"name":"t_L_03_01","parent":"trinket_body","length":25.44,"rotation":-135,"x":-9.89,"y":-18.58,"color":"cf17ffff"},{"name":"t_L_03_02","parent":"t_L_03_01","length":20.17,"rotation":0.52,"x":25.44,"color":"cf17ffff"},{"name":"t_R_01","parent":"trinket_body","length":35.41,"rotation":49.94,"x":6.92,"y":11.41,"color":"cf17ffff"},{"name":"t_R_02_01","parent":"trinket_body","length":25.13,"rotation":8.19,"x":18.73,"y":-5.37,"color":"cf17ffff"},{"name":"t_R_02_02","parent":"t_R_02_01","length":18.54,"rotation":4.2,"x":25.13,"color":"cf17ffff"},{"name":"t_R_02_03","parent":"t_R_02_02","length":12.5,"rotation":1.42,"x":18.54,"color":"cf17ffff"},{"name":"t_R_03_01","parent":"trinket_body","length":20.67,"rotation":-42.81,"x":8.9,"y":-19.87,"color":"cf17ffff"},{"name":"t_R_03_02","parent":"t_R_03_01","length":14.36,"rotation":-4.07,"x":20.67,"color":"cf17ffff"},{"name":"tail_01","parent":"trinket_body","length":19.53,"rotation":-90,"x":-0.09,"y":-27.75,"color":"cf17ffff"},{"name":"tail_02","parent":"tail_01","length":15.12,"rotation":-0.8,"x":19.53,"color":"cf17ffff"},{"name":"tail_03","parent":"tail_02","length":11.97,"rotation":1.8,"x":15.12,"color":"cf17ffff"}],"slots":[{"name":"h_cp_sha","bone":"subroot"},{"name":"h_cp_pouch_Bot","bone":"cp","attachment":"h_cp_pouch_Bot"},{"name":"h_cp_pouch_Top_B","bone":"cp_Top","attachment":"h_cp_pouch_Top_B"},{"name":"h_cp_pouch_Top_F","bone":"cp_Top","attachment":"h_cp_pouch_Top_F"},{"name":"h_cp_coins_R_02","bone":"coin_R_02","attachment":"h_cp_coins_R_02"},{"name":"h_cp_coins_R_01","bone":"coin_R_01","attachment":"h_cp_coins_R_01"},{"name":"h_cp_coins_L","bone":"coin_L","attachment":"h_cp_coins_L"},{"name":"h_cp_coins_Top","bone":"coin_Top","attachment":"h_cp_coins_Top"},{"name":"h_cp_rope_ring","bone":"rope","attachment":"h_cp_rope_ring"},{"name":"h_cp_rope_ring_mid","bone":"rope_midlink","attachment":"h_cp_rope_ring_mid"},{"name":"h_cp_trinket_link","bone":"trinket_link","attachment":"h_cp_trinket_link"},{"name":"h_cp_trinket_L_01","bone":"t_L_01","attachment":"h_cp_trinket_L_01"},{"name":"h_cp_trinket_L_03","bone":"t_L_03_01","attachment":"h_cp_trinket_L_03"},{"name":"h_cp_trinket_L_02","bone":"t_L_02_01","attachment":"h_cp_trinket_L_02"},{"name":"h_cp_trinket_R_01","bone":"t_R_01","attachment":"h_cp_trinket_R_01"},{"name":"h_cp_trinket_R_03","bone":"t_R_03_01","attachment":"h_cp_trinket_R_03"},{"name":"h_cp_trinket_R_02","bone":"t_R_02_01","attachment":"h_cp_trinket_R_02"},{"name":"h_cp_trinket_bodymid","bone":"trinket_body","attachment":"h_cp_trinket_bodymid"},{"name":"h_cp_trinket_tailend","bone":"tail_01","attachment":"h_cp_trinket_tailend"},{"name":"fx_sparkle9","bone":"fx_sparkle9","blend":"screen"},{"name":"fx_sparkle10","bone":"fx_sparkle10","blend":"screen"}],"skins":[{"name":"default","attachments":{"fx_sparkle9":{"fx_sparkle":{"width":18,"height":18}},"fx_sparkle10":{"fx_sparkle":{"width":18,"height":18}},"h_cp_coins_L":{"h_cp_coins_L":{"x":-8.88,"y":-7.44,"rotation":-38.69,"width":95,"height":56}},"h_cp_coins_R_01":{"h_cp_coins_R_01":{"x":-0.25,"y":-11.98,"rotation":-12.26,"width":89,"height":53}},"h_cp_coins_R_02":{"h_cp_coins_R_02":{"x":4.39,"y":-16.5,"rotation":14.86,"width":84,"height":43}},"h_cp_coins_Top":{"h_cp_coins_Top":{"x":1.58,"y":-9.6,"rotation":6.7,"width":88,"height":65}},"h_cp_pouch_Bot":{"h_cp_pouch_Bot":{"type":"mesh","uvs":[0.10538,0.20153,0.24305,0.09121,0.36221,0.06809,0.48771,0.05034,0.61785,0.05392,0.73758,0.07066,0.88162,0.12493,0.98379,0.43544,0.9973,0.66724,0.96854,0.92527,0.87535,0.94928,0.69399,0.98311,0.51491,0.98311,0.30663,0.96938,0.13876,0.95095,0.02733,0.90908,0,0.70308,0,0.4619,0.12989,0.54542,0.18507,0.24418,0.31744,0.27008,0.49148,0.27689,0.66185,0.26238,0.79595,0.2022,0.86252,0.52276,0.69831,0.56976,0.49524,0.58305,0.28435,0.57825,0.28753,0.80435,0.12902,0.76505,0.50652,0.83405,0.70738,0.82634,0.90111,0.7627],"triangles":[13,30,12,12,30,11,11,31,10,11,30,31,14,28,13,13,28,30,15,29,14,14,29,28,10,32,9,10,31,32,9,32,8,15,16,29,31,30,26,30,28,26,26,25,31,31,25,32,29,27,28,28,27,26,29,18,27,29,16,18,25,24,32,32,24,8,16,17,18,24,7,8,26,20,21,25,21,22,25,26,21,26,27,20,27,18,20,25,22,24,18,19,20,18,17,19,22,23,24,24,23,7,17,0,19,23,6,7,20,2,21,2,3,21,21,4,22,21,3,4,19,1,20,20,1,2,22,5,23,22,4,5,19,0,1,23,5,6],"vertices":[2,6,-131.91,219.13,0.982,8,-131.91,219.13,0.018,2,6,-86.34,250.68,0.982,8,-86.34,250.68,0.018,2,6,-46.9,254.64,0.95,8,-46.9,254.64,0.05,2,6,-5.36,259.71,0.95,8,-5.36,259.71,0.05,2,6,37.71,258.69,0.95,8,37.71,258.69,0.05,2,6,77.35,256.56,0.982,8,77.35,256.56,0.018,2,6,125.02,241.04,0.982,8,125.02,241.04,0.018,2,6,158.84,152.23,0.982,8,158.84,152.23,0.018,2,6,163.31,85.94,0.982,8,163.31,85.94,0.018,2,6,153.79,11.98,0.98,8,153.79,11.98,0.02,2,6,122.95,4.28,0.97,8,122.95,4.28,0.03,2,6,62.92,-7.06,0.95,8,62.92,-7.06,0.05,2,6,3.64,-7.06,0.95,8,3.64,-7.06,0.05,2,6,-65.3,-3.13,0.95,8,-65.3,-3.13,0.05,2,6,-120.86,3.8,0.97,8,-120.86,3.8,0.03,2,6,-157.75,16.61,0.98,8,-157.75,16.61,0.02,2,6,-166.79,75.69,0.982,8,-166.79,75.69,0.018,2,6,-166.79,144.67,0.982,8,-166.79,144.67,0.018,2,6,-123.8,115.63,0.92,8,-123.8,115.63,0.08,2,6,-105.54,205.94,0.97,8,-105.54,205.94,0.03,2,6,-61.72,192.72,0.9,8,-61.72,192.72,0.1,2,6,-4.11,190.77,0.9,8,-4.11,190.77,0.1,2,6,52.28,194.92,0.9,8,52.28,194.92,0.1,2,6,96.66,217.95,0.97,8,96.66,217.95,0.03,2,6,118.7,122.11,0.92,8,118.7,122.11,0.08,2,6,64.35,107.01,0.9,8,64.35,107.01,0.1,2,6,-2.87,100.71,0.87,8,-2.87,100.71,0.13,2,6,-72.68,104.58,0.9,8,-72.68,104.58,0.1,2,6,-71.62,39.92,0.9,8,-71.62,39.92,0.1,2,6,-124.09,52.82,0.92,8,-124.09,52.82,0.08,2,6,0.87,31.42,0.9,8,0.86,31.42,0.1,2,6,67.35,33.62,0.9,8,67.35,33.62,0.1,2,6,131.47,53.49,0.92,8,131.47,53.49,0.08],"hull":18,"edges":[32,34,14,16,2,4,2,0,0,34,32,30,30,28,28,26,26,24,22,20,20,18,22,24,18,16,14,12,12,10,10,8,8,6,6,4],"width":166,"height":143}},"h_cp_pouch_Top_B":{"h_cp_pouch_Top_B":{"type":"mesh","uvs":[0.47102,0.03614,0.57325,0.02892,0.61256,0.23697,0.66169,0.20894,0.72476,0.18274,0.87641,0.12959,0.94629,0.34869,0.99747,0.38665,0.96005,0.7216,0.83262,0.89586,0.7248,0.96261,0.63066,0.98904,0.59314,0.95606,0.49583,0.97443,0.35445,1,0.25919,1,0.13835,0.77863,0,0.50808,0.01347,0.29848,0.09788,0.18952,0.23299,0.11314,0.34487,0.04989,0.61401,0.5505,0.25584,0.62483,0.46219,0.53347,0.58985,0.54733,0.78055,0.52639,0.8573,0.44673,0.35065,0.5574,0.68878,0.53913],"triangles":[4,5,6,27,4,6,27,3,4,2,3,29,27,26,3,24,20,21,21,25,24,28,19,20,19,23,18,18,23,17,25,0,1,0,25,21,26,29,3,2,25,1,2,22,25,29,22,2,28,20,24,19,28,23,7,27,6,8,27,7,26,27,8,16,17,23,9,26,8,12,25,22,29,26,9,10,22,29,22,11,12,29,9,10,13,24,25,13,25,12,28,24,13,14,23,28,15,16,23,10,11,22,23,14,15,28,13,14],"vertices":[2,7,-17.93,122.2,0.968,8,-20.73,283.76,0.032,2,7,10.08,122.88,0.968,8,7.28,284.45,0.032,2,7,20.85,103.12,0.968,8,18.05,264.68,0.032,2,7,34.31,105.78,0.968,8,31.51,267.35,0.032,2,7,51.59,108.27,0.968,8,48.79,269.84,0.032,2,7,93.15,113.32,0.968,8,90.34,274.89,0.032,2,7,112.3,92.5,0.968,8,109.49,254.07,0.032,2,7,126.32,88.9,0.968,8,123.51,250.46,0.032,2,7,116.07,57.08,0.952,8,113.26,218.64,0.048,2,7,81.15,40.52,0.96,8,78.35,202.09,0.04,2,7,51.61,34.18,0.96,8,48.8,195.75,0.04,2,7,25.81,31.67,0.96,8,23.01,193.24,0.04,2,7,15.53,34.8,0.96,8,12.73,196.37,0.04,2,7,-11.13,33.06,0.96,8,-13.94,194.63,0.04,2,7,-49.87,30.63,0.96,8,-52.67,192.2,0.04,2,7,-75.97,30.63,0.96,8,-78.78,192.2,0.04,2,7,-109.08,51.66,0.96,8,-111.89,213.23,0.04,2,7,-146.99,77.36,0.968,8,-149.79,238.93,0.032,2,7,-143.3,97.27,0.968,8,-146.1,258.84,0.032,2,7,-120.17,107.62,0.968,8,-122.97,269.19,0.032,2,7,-83.15,114.88,0.968,8,-85.95,276.45,0.032,2,7,-52.49,120.89,0.968,8,-55.3,282.46,0.032,2,7,21.25,73.33,0.96,8,18.45,234.9,0.04,2,7,-76.89,66.27,0.96,8,-79.69,227.84,0.04,2,7,-20.35,74.95,0.96,8,-23.15,236.52,0.04,2,7,14.63,73.63,0.96,8,11.82,235.2,0.04,2,7,66.88,75.62,0.96,8,64.08,237.19,0.04,2,7,87.91,83.19,0.96,8,85.1,244.76,0.04,2,7,-50.91,72.68,0.96,8,-53.72,234.24,0.04,2,7,41.74,74.41,0.96,8,38.93,235.98,0.04],"hull":22,"edges":[4,44,8,10,10,12,18,20,20,22,30,32,34,36,36,38,2,50,50,24,44,22,14,16,14,12,24,22,24,26,32,34,38,46,46,30,38,40,40,42,40,56,28,30,56,28,2,4,2,0,0,42,8,54,54,16,16,18,26,28,58,20,4,6,6,8,58,6,52,6],"width":137,"height":48}},"h_cp_pouch_Top_F":{"h_cp_pouch_Top_F":{"type":"mesh","uvs":[0.07408,0.11782,0.10847,0.10742,0.32995,0.03797,0.34764,0.03381,0.38551,0.08862,0.36056,0.29281,0.44161,0.3709,0.5702,0.41149,0.5767,0.20208,0.60271,0.17689,0.65252,0.12867,0.8513,0.21456,0.96853,0.16151,1,0.27385,0.9332,0.54846,0.78322,0.77765,0.72283,0.89172,0.66824,0.9334,0.63291,0.96037,0.44342,0.96662,0.34538,0.89714,0.17685,0.69201,0.12591,0.60267,0.04517,0.46108,0,0.25513,0.83887,0.46092,0.09335,0.42676,0.07086,0.26761,0.304,0.32204,0.34225,0.58591,0.28284,0.29881,0.31174,0.58279,0.68412,0.70219,0.70644,0.47947,0.78893,0.59396,0.09859,0.24938,0.12995,0.44166,0.73089,0.42318,0.70672,0.68362,0.43935,0.68362,0.57227,0.72632,0.22733,0.41891],"triangles":[40,19,39,19,40,18,19,29,39,17,18,32,38,15,16,20,29,19,31,20,21,31,29,20,32,18,40,17,38,16,15,34,14,17,32,38,15,38,34,33,32,40,38,32,33,31,21,41,36,21,22,41,21,36,37,25,34,40,7,33,7,40,39,6,39,29,6,7,39,36,22,26,26,22,23,38,37,34,34,25,14,37,38,33,6,29,28,28,29,31,6,28,5,31,30,28,14,25,13,37,33,8,26,24,27,26,23,24,25,11,13,25,37,11,41,36,35,36,26,35,26,27,35,33,7,8,8,9,37,37,9,11,11,9,10,31,41,30,41,35,30,5,28,4,4,28,3,30,35,2,30,3,28,2,3,30,11,12,13,27,24,35,24,0,35,35,1,2,35,0,1],"vertices":[2,7,-126.69,95.02,0.968,8,-129.5,256.58,0.032,2,7,-117.27,96.48,0.968,8,-120.07,258.05,0.032,2,7,-56.58,106.27,0.968,8,-59.39,267.84,0.032,2,7,-51.73,106.86,0.96284,8,-54.54,268.43,0.03716,2,7,-41.36,99.13,0.952,8,-44.17,260.7,0.048,2,7,-48.2,70.34,0.936,8,-51,231.91,0.064,2,7,-25.99,59.33,0.912,8,-28.79,220.9,0.088,2,7,9.24,53.61,0.92,8,6.44,215.18,0.08,2,7,11.03,83.14,0.944,8,8.22,244.7,0.056,2,7,18.15,86.69,0.944,8,15.35,248.25,0.056,2,7,31.8,93.49,0.968,8,29,255.05,0.032,2,7,86.27,81.38,0.96,8,83.46,242.94,0.04,2,7,118.39,88.86,0.968,8,115.58,250.42,0.032,2,7,127.01,73.02,0.968,8,124.21,234.58,0.032,2,7,108.71,34.3,0.968,8,105.9,195.86,0.032,2,7,67.61,1.98,0.95,8,64.81,163.55,0.05,2,7,51.07,-14.1,0.92,8,48.26,147.46,0.08,2,7,36.11,-19.98,0.92,8,33.3,141.59,0.08,2,7,26.43,-23.78,0.92,8,23.62,137.78,0.08,2,7,-25.49,-24.66,0.92,8,-28.3,136.9,0.08,2,7,-52.36,-14.87,0.96,8,-55.16,146.7,0.04,2,7,-98.53,14.06,0.95,8,-101.34,175.62,0.05,2,7,-112.49,26.65,0.95,8,-115.3,188.22,0.05,2,7,-134.61,46.62,0.968,8,-137.42,208.18,0.032,2,7,-146.99,75.66,0.968,8,-149.79,237.22,0.032,2,7,82.86,46.64,0.934,8,80.06,208.21,0.066,2,7,-121.41,51.46,0.95,8,-124.22,213.02,0.05,2,7,-127.57,73.9,0.95,8,-130.38,235.46,0.05,2,7,-63.69,66.22,0.942,8,-66.5,227.79,0.058,2,7,-53.21,29.02,0.936,8,-56.02,190.58,0.064,2,7,-69.49,69.5,0.95,8,-72.3,231.06,0.05,2,7,-61.57,29.46,0.968,8,-64.38,191.02,0.032,2,7,40.46,12.62,0.92,8,37.66,174.19,0.08,2,7,46.57,44.02,0.902,8,43.77,205.59,0.098,2,7,69.18,27.88,0.95,8,66.37,189.45,0.05,2,7,-119.98,76.47,0.95,8,-122.78,238.03,0.05,2,7,-111.38,49.35,0.95,8,-114.19,210.92,0.05,2,7,53.27,51.96,0.918,8,50.47,213.53,0.082,2,7,46.65,15.24,0.92,8,43.85,176.81,0.08,2,7,-26.61,15.24,0.928,8,-29.41,176.81,0.072,2,7,9.81,9.22,0.92,8,7.01,170.79,0.08,2,7,-84.7,52.56,0.95,8,-87.51,214.13,0.05],"hull":25,"edges":[36,38,48,0,8,10,14,16,20,22,22,24,24,26,26,28,38,40,40,42,48,46,56,58,58,38,4,60,60,62,62,40,62,42,64,66,16,66,14,66,0,2,2,4,42,44,44,46,52,44,72,42,72,70,70,4,64,36,16,18,18,20,18,74,74,76,32,34,34,36,76,34,28,30,30,32,10,12,12,14,4,6,6,8,56,6,78,12],"width":137,"height":71}},"h_cp_rope_ring":{"h_cp_rope_ring":{"type":"mesh","uvs":[0.03162,0.19635,0.07643,0.13158,0.19224,0.38514,0.32598,0.49822,0.47488,0.57017,0.52865,0.48451,0.58517,0.53591,0.70098,0.46052,0.83058,0.30976,0.91468,0.07676,0.95292,0.09519,1,0.11788,0.9202,0.46738,0.74924,0.72779,0.60447,0.91282,0.54934,0.92995,0.48177,0.93338,0.30392,0.82373,0.1302,0.62157,0,0.30291,0.16329,0.49822,0.3177,0.66954,0.47488,0.72436,0.60999,0.69352,0.54795,0.71408,0.73269,0.57702,0.88435,0.32689],"triangles":[8,9,10,26,8,10,11,26,10,0,1,2,20,19,0,12,26,11,2,20,0,3,20,2,24,4,5,7,12,25,6,7,25,8,12,7,26,12,8,18,19,20,21,20,3,21,3,4,18,20,21,23,6,25,6,24,5,23,24,6,22,21,4,24,22,4,13,25,12,23,25,13,17,18,21,17,21,22,14,24,23,14,23,13,15,24,14,16,22,24,16,17,22,24,15,16],"vertices":[2,11,-83.97,35.28,0.984,8,-84.45,172.84,0.016,2,11,-76.4,39.68,0.984,8,-76.88,177.25,0.016,2,11,-56.82,22.44,0.952,8,-57.3,160.01,0.048,2,11,-34.22,14.75,0.934,8,-34.7,152.32,0.066,2,11,-9.06,9.86,0.92,8,-9.54,147.42,0.08,2,11,0.03,15.68,0.92,8,-0.45,153.25,0.08,2,11,9.58,12.19,0.92,8,9.1,149.75,0.08,2,11,29.15,17.31,0.934,8,28.67,154.88,0.066,2,11,51.05,27.57,0.952,8,50.57,165.13,0.048,2,11,65.27,43.41,0.984,8,64.79,180.98,0.016,2,11,71.73,42.16,0.984,8,71.25,179.72,0.016,2,11,79.69,40.61,0.984,8,79.21,178.18,0.016,2,11,66.2,16.85,0.952,8,65.72,154.41,0.048,2,11,37.31,-0.86,0.934,8,36.83,136.71,0.066,2,11,12.84,-13.44,0.92,8,12.36,124.12,0.08,2,11,3.53,-14.61,0.92,8,3.04,122.96,0.08,2,11,-7.89,-14.84,0.92,8,-8.37,122.73,0.08,2,11,-37.95,-7.38,0.934,8,-38.43,130.18,0.066,2,11,-67.31,6.36,0.952,8,-67.79,143.93,0.048,2,11,-89.31,28.03,0.984,8,-89.79,165.6,0.016,2,11,-61.72,14.75,0.952,8,-62.2,152.32,0.048,2,11,-35.62,3.1,0.934,8,-36.1,140.67,0.066,2,11,-9.06,-0.63,0.92,8,-9.54,136.94,0.08,2,11,13.77,1.47,0.92,8,13.29,139.04,0.08,2,11,3.29,0.07,0.916,8,2.81,137.64,0.084,2,11,34.51,9.39,0.934,8,34.03,146.96,0.066,2,11,60.14,26.4,0.952,8,59.66,163.97,0.048],"hull":20,"edges":[2,4,4,6,6,8,8,10,10,12,12,14,14,16,16,18,22,24,24,26,26,28,28,30,30,32,32,34,34,36,36,38,18,20,20,22,2,0,0,38,0,40,10,48,32,48],"width":85,"height":34}},"h_cp_rope_ring_mid":{"h_cp_rope_ring_mid":{"type":"mesh","uvs":[0.13395,0.68932,0.11252,0.40971,0.1518,0.21234,0.44823,0.06432,0.71252,0.17616,0.8018,0.38668,0.79466,0.74195,0.45895,0.92945,0.46609,0.45905],"triangles":[7,8,6,7,0,8,6,8,5,0,1,8,1,2,8,2,3,8,8,4,5,8,3,4],"vertices":[2,12,-13.45,-10.81,0.91,8,-9.74,129.71,0.09,2,12,-13.56,-0.16,0.91,8,-10.49,140.34,0.09,2,12,-11.73,7.25,0.91,8,-9.12,147.84,0.09,2,12,-1.04,12.24,0.91,8,1.26,153.46,0.09,2,12,7.94,7.44,0.91,8,10.51,149.21,0.09,2,12,10.58,-0.73,0.91,8,13.63,141.21,0.09,2,12,9.52,-14.19,0.91,8,13.38,127.71,0.09,2,12,-2.64,-20.6,0.91,8,1.63,120.59,0.09,2,12,-1.32,-2.77,0.91,8,1.88,138.46,0.09],"hull":8,"edges":[6,8,8,10,10,12,12,14,6,4,4,2,2,0,0,14],"width":18,"height":19}},"h_cp_sha":{"h_cp_sha":{"x":-6,"y":-14,"width":198,"height":224},"h_cp_sha_mg":{"x":-6,"y":-14,"width":198,"height":224}},"h_cp_trinket_bodymid":{"h_cp_trinket_bodymid":{"type":"mesh","uvs":[0.21334,0.76344,0.10054,0.40736,0.24859,0.22573,0.48359,0.12536,0.81259,0.25919,0.93009,0.47666,0.73974,0.78734,0.46949,0.89488,0.48359,0.41453],"triangles":[6,7,8,7,0,8,5,8,4,5,6,8,8,1,2,8,0,1,8,3,4,8,2,3],"vertices":[2,15,-15.97,-22.33,0.914,8,-17.85,77.68,0.086,2,15,-22.74,-1.32,0.914,8,-24.62,98.69,0.086,2,15,-13.85,9.39,0.914,8,-15.73,109.41,0.086,2,15,0.25,15.31,0.914,8,-1.63,115.33,0.086,2,15,19.99,7.42,0.914,8,18.11,107.44,0.086,2,15,27.04,-5.41,0.914,8,25.16,94.6,0.086,2,15,15.62,-23.74,0.914,8,13.73,76.27,0.086,2,15,-0.6,-30.09,0.914,8,-2.48,69.93,0.086,2,15,0.25,-1.75,0.914,8,-1.63,98.27,0.086],"hull":8,"edges":[6,16,16,14,14,12,12,10,10,8,8,6,6,4,4,2,2,0,0,14],"width":30,"height":30}},"h_cp_trinket_link":{"h_cp_trinket_link":{"type":"mesh","uvs":[1,1,0,1,0,0,1,0],"triangles":[1,3,0,1,2,3],"vertices":[2,14,12.46,-13.34,0.912,8,11.21,113.2,0.088,2,14,-6.54,-13.34,0.912,8,-7.79,113.2,0.088,2,14,-6.54,1.66,0.912,8,-7.79,128.2,0.088,2,14,12.46,1.66,0.912,8,11.21,128.2,0.088],"hull":4,"edges":[0,2,2,4,4,6,0,6],"width":10,"height":8}},"h_cp_trinket_L_01":{"h_cp_trinket_L_01":{"type":"mesh","uvs":[0.53889,0.09082,0.81075,0.17516,0.86886,0.45805,0.88657,0.68778,0.78811,0.73685,0.70934,0.71842,0.6045,0.55833,0.52843,0.45348,0.43433,0.38882,0.44478,0.48441,0.57026,0.59124,0.70461,0.71227,0.65602,0.81535,0.53628,0.85269,0.36328,0.76664,0.11803,0.64465,0.08928,0.39445,0.22521,0.12175,0.32977,0.24826,0.25657,0.42537,0.41342,0.61654,0.5598,0.24545,0.74721,0.45175],"triangles":[21,0,1,18,17,0,18,0,21,8,18,21,16,17,18,19,16,18,19,18,8,22,21,1,7,8,21,22,7,21,22,1,2,19,8,9,6,7,22,20,19,9,20,9,10,15,16,19,15,19,20,6,22,5,3,22,2,22,4,5,3,4,22,14,15,20,12,10,11,20,10,12,13,20,12,14,20,13],"vertices":[2,16,29.89,-14.16,0.92,8,-19.18,142.07,0.08,2,16,16.38,-22.97,0.92,8,-3.68,137.6,0.08,2,16,2.87,-15.67,0.92,8,-0.37,122.61,0.08,2,16,-7.01,-8.48,0.92,8,0.64,110.43,0.08,2,16,-5.31,-2.53,0.92,8,-4.97,107.83,0.08,2,16,-1.64,0.23,0.92,8,-9.46,108.81,0.08,2,16,8.69,-0.79,0.92,8,-15.44,117.29,0.08,2,16,15.73,-1.15,0.92,8,-19.77,122.85,0.08,2,16,21.83,0.67,0.92,8,-25.14,126.28,0.08,2,16,17.61,3.53,0.92,8,-24.54,121.21,0.08,2,16,8.65,1.82,0.92,8,-17.39,115.55,0.08,2,16,-1.21,0.22,0.92,8,-9.73,109.13,0.08,2,16,-3.54,5.89,0.92,8,-12.5,103.67,0.08,2,16,-0.57,12.35,0.92,8,-19.33,101.69,0.08,2,16,9.32,16.83,0.92,8,-29.19,106.25,0.08,2,16,23.35,23.18,0.92,8,-43.17,112.72,0.08,2,16,34.46,15.75,0.92,8,-44.81,125.98,0.08,2,16,40.34,0.44,0.92,8,-37.06,140.43,0.08,2,16,31.37,0.32,0.92,8,-31.1,133.73,0.08,2,16,26.99,9.61,0.92,8,-35.27,124.34,0.08,2,16,13.48,9.46,0.92,8,-26.33,114.21,0.08,2,16,22.91,-9.71,0.92,8,-17.99,133.87,0.08,2,16,7.65,-10.64,0.92,8,-7.3,122.94,0.08],"hull":18,"edges":[22,20,20,18,18,16,16,14,14,12,12,10,2,0,0,34,34,32,32,30,36,38,38,40,26,24,24,22,36,42,10,8,8,6,26,28,28,30,8,44,44,42,2,4,4,6,40,24],"width":29,"height":27}},"h_cp_trinket_L_02":{"h_cp_trinket_L_02":{"type":"mesh","uvs":[0.18551,0.08594,0.56351,0.09382,0.93048,0.40291,0.92891,0.57222,0.94466,0.70216,0.7385,0.79702,0.58517,0.86801,0.40758,0.95022,0.14456,0.89313,0.04533,0.48363,0.70368,0.56435,0.56508,0.45016,0.43436,0.37929,0.55091,0.59979,0.39341,0.586,0.35088,0.48166,0.20598,0.46985,0.32568,0.22376,0.49736,0.20998,0.81708,0.46591,0.85478,0.57675,0.28473,0.71988,0.51311,0.7435,0.72798,0.66492,0.72256,0.39311,0.75457,0.25756],"triangles":[16,0,17,9,0,16,14,21,16,21,8,9,21,9,16,8,21,7,11,12,18,22,14,13,7,22,6,1,17,0,18,17,1,12,17,18,15,16,17,12,15,17,15,12,11,13,14,15,14,16,15,21,14,22,7,21,22,2,25,1,18,1,25,24,18,25,24,25,2,24,11,18,19,24,2,10,11,24,10,24,19,10,15,11,3,19,2,20,19,3,10,19,20,10,13,15,23,10,20,23,22,13,23,13,10,4,5,23,22,23,5,20,3,4,4,23,20,6,22,5],"vertices":[4,17,57.94,-25.42,9.0E-4,18,32.34,-24.24,0.29837,19,13.02,-24.24,0.61573,8,-76.28,124.48,0.085,4,17,27.74,-27.07,0.32677,18,2.23,-27.01,0.55266,19,-17.09,-27.01,0.03556,8,-46.04,123.98,0.085,2,17,-2.95,-9.42,0.915,8,-16.68,104.2,0.085,2,17,-3.59,1.39,0.915,8,-16.81,93.36,0.085,2,17,-5.44,9.6,0.915,8,-15.55,85.04,0.085,4,17,10.58,16.83,0.86571,18,-16.55,16.23,0.04825,19,-35.88,16.21,0.00104,8,-32.04,78.97,0.085,4,17,22.49,22.23,0.52644,18,-4.84,22.07,0.33711,19,-24.18,22.06,0.05145,8,-44.31,74.43,0.085,4,17,36.29,28.49,0.14974,18,8.71,28.83,0.49721,19,-10.63,28.83,0.26805,8,-58.51,69.17,0.085,4,17,57.54,26.34,0.00315,18,30.03,27.47,0.22744,19,10.69,27.47,0.6844,8,-79.56,72.82,0.085,2,19,21.42,2.28,0.915,8,-87.49,99.03,0.085,2,17,14.41,2.17,0.915,8,-34.83,93.86,0.085,3,17,25.99,-4.33,0.5,18,-0.36,-4.35,0.415,8,-45.91,101.17,0.085,4,17,36.75,-8.11,0.04054,18,10.53,-7.73,0.84653,19,-8.8,-7.73,0.02793,8,-56.37,105.71,0.085,4,17,26.44,5.3,0.52,18,-0.27,5.3,0.39009,19,-19.6,5.29,0.00491,8,-47.05,91.6,0.085,4,17,39.08,5.32,0.01305,18,12.36,5.78,0.82221,19,-6.98,5.78,0.07974,8,-59.65,92.48,0.085,3,18,16.46,-0.49,0.91386,19,-2.87,-0.49,0.00114,8,-63.05,99.16,0.085,3,18,28.06,0.01,1.0E-5,19,8.74,0.01,0.91499,8,-74.64,99.91,0.085,4,17,46.13,-17.42,0.02437,18,20.24,-16.68,0.49937,19,0.92,-16.68,0.39126,8,-65.07,115.66,0.085,4,17,32.49,-19.28,0.22943,18,6.68,-19.04,0.6251,19,-12.64,-19.05,0.06047,8,-51.33,116.54,0.085,3,17,5.81,-4.76,0.91483,18,-20.51,-5.52,1.7E-4,8,-25.75,100.16,0.085,2,17,2.3,2.1,0.915,8,-22.74,93.07,0.085,4,17,47.14,14.48,0.01686,18,20.07,15.24,0.35714,19,0.74,15.24,0.541,8,-68.34,83.91,0.085,4,17,28.81,14.69,0.37041,18,1.75,14.77,0.47877,19,-17.59,14.76,0.06582,8,-50.07,82.4,0.085,3,17,12.02,8.45,0.90063,18,-14.8,7.91,0.01437,8,-32.88,87.43,0.085,3,17,13.69,-8.87,0.87384,18,-12.49,-9.34,0.04116,8,-33.32,104.82,0.085,3,17,11.75,-17.7,0.8046,18,-14.1,-18.24,0.1104,8,-30.76,113.5,0.085],"hull":10,"edges":[4,6,20,22,22,24,2,0,0,18,18,16,16,14,8,6,20,26,26,28,28,30,30,24,32,34,34,36,6,40,40,20,38,40,32,42,42,44,40,46,46,44,10,8,36,48,48,38,4,50,50,2,2,4,10,12,12,14,20,30],"width":40,"height":32}},"h_cp_trinket_L_03":{"h_cp_trinket_L_03":{"type":"mesh","uvs":[0.15134,0.86985,0.07361,0.51301,0.27277,0.14164,0.65663,0.08859,0.72043,0.1706,0.76813,0.25836,0.52941,0.39181,0.38327,0.49311,0.38327,0.61248,0.48792,0.60585,0.60649,0.46929,0.73727,0.30988,0.84029,0.2809,0.91503,0.31185,0.78541,0.62518,0.52107,0.95346,0.39351,0.28023,0.21894,0.49139,0.26145,0.74723,0.50009,0.77136,0.70009,0.58785],"triangles":[20,11,12,14,12,13,16,2,3,16,3,4,5,6,4,6,16,4,20,10,11,14,20,12,7,16,6,17,2,16,7,17,16,9,10,20,8,18,17,8,17,7,19,9,20,8,9,19,18,8,19,18,0,1,18,1,17,14,15,19,14,19,20,18,19,15,0,18,15,17,1,2],"vertices":[2,21,24.86,0.59,0.91,8,-46.77,45.3,0.09,3,21,13.57,-16.94,0.81646,8,-51.35,65.64,0.08754,20,39.16,-16.81,0.096,3,21,-9.77,-23.39,0.14434,8,-39.6,86.81,0.13835,20,15.88,-23.47,0.71731,3,21,-27.8,-9.35,0.00983,8,-16.95,89.83,0.09,20,-2.27,-9.6,0.90017,3,21,-27.1,-3.38,1.7E-4,8,-13.19,85.16,0.09,20,-1.63,-3.63,0.90983,2,8,-10.38,80.15,0.09,20,-0.08,1.9,0.91,3,21,-10.21,-2.59,0.2175,8,-24.46,72.55,0.09,20,15.26,-2.68,0.6925,3,21,-0.04,-4.7,0.678,8,-33.08,66.77,0.09,20,25.44,-4.7,0.232,3,21,4.81,0.07,0.9094,8,-33.08,59.97,0.09,20,30.25,0.11,6.0E-4,2,21,0.21,4.21,0.91,8,-26.91,60.35,0.09,3,21,-10.24,3.75,0.60424,8,-19.91,68.13,0.09,20,15.17,3.66,0.30576,2,8,-12.2,77.22,0.09,20,3.29,2.69,0.91,2,8,-6.12,78.87,0.09,20,-2.18,5.82,0.91,2,8,-1.71,77.11,0.09,20,-4.05,10.18,0.91,3,21,-11.3,17.51,0.53461,8,-9.36,59.25,0.07963,20,13.99,17.4,0.38576,2,21,12.98,19.49,0.91,8,-24.95,40.53,0.09,3,21,-9.12,-12.77,0.21792,8,-32.48,78.91,0.10504,20,16.43,-12.85,0.67703,3,21,6.68,-11.68,0.78701,8,-42.78,66.87,0.09,20,32.23,-11.62,0.12299,2,21,15.33,0.33,0.91,8,-40.27,52.29,0.09,2,21,6.44,11.33,0.91,8,-26.19,50.91,0.09,3,21,-9.29,12.42,0.60424,8,-14.39,61.37,0.09,20,16.04,12.34,0.30576],"hull":16,"edges":[12,14,14,16,0,30,30,28,28,26,0,2,2,4,4,6,22,20,20,18,18,16,6,8,8,32,32,34,16,36,36,0,34,36,36,38,38,40,40,24,22,24,24,26,10,8,10,12],"width":30,"height":29}},"h_cp_trinket_R_01":{"h_cp_trinket_R_01":{"type":"mesh","uvs":[0.30015,0.79869,0.23002,0.74441,0.17786,0.7149,0.11203,0.67765,0.20005,0.279,0.39107,0.09208,0.70007,0.0978,0.9248,0.40108,0.78247,0.68146,0.37234,0.90272,0.51841,0.39917,0.31429,0.65667,0.4098,0.46211,0.49594,0.49072,0.24125,0.50217,0.35362,0.27519,0.61018,0.20271,0.75063,0.41252,0.53901,0.62806],"triangles":[16,5,6,15,5,16,15,4,5,10,15,16,17,16,6,17,10,16,6,7,17,12,15,10,13,12,10,14,4,15,14,15,12,17,13,10,18,13,17,11,14,12,11,12,13,3,4,14,2,3,14,8,17,7,18,17,8,11,2,14,1,2,11,0,1,11,18,0,11,18,11,13,9,0,18,9,18,8],"vertices":[2,22,-3.16,-6.33,0.92,8,7.85,104.94,0.08,2,22,-3.4,-1.49,0.92,8,3.99,107.87,0.08,2,22,-4.02,1.73,0.92,8,1.13,109.46,0.08,2,22,-4.81,5.8,0.92,8,-2.5,111.47,0.08,2,22,14.78,15.95,0.92,8,2.35,133,0.08,2,22,29.26,14.4,0.92,8,12.85,143.09,0.08,2,22,39.97,1.2,0.92,8,29.85,142.78,0.08,2,22,35.39,-18.8,0.92,8,42.21,126.41,0.08,2,22,18.76,-22.56,0.92,8,34.38,111.27,0.08,2,22,-4.9,-12.98,0.92,8,11.82,99.32,0.08,2,22,21.08,-1.63,0.92,8,19.86,126.51,0.08,2,22,3.21,-1.99,0.92,8,8.63,112.61,0.08,2,22,14.63,0.76,0.92,8,13.88,123.11,0.08,2,22,16.5,-3.87,0.92,8,18.62,121.57,0.08,2,22,7.01,6.46,0.92,8,4.61,120.95,0.08,2,22,20.37,9.62,0.92,8,10.79,133.21,0.08,2,22,32.45,1.34,0.92,8,24.9,137.12,0.08,2,22,28.75,-11.87,0.92,8,32.63,125.79,0.08,2,22,12.35,-10.45,0.92,8,20.99,114.15,0.08],"hull":10,"edges":[12,10,10,8,8,6,2,22,22,24,24,20,20,26,26,22,18,16,16,14,14,12,6,4,4,2,4,28,28,30,30,32,32,34,34,36,2,0,0,18,36,0],"width":28,"height":27}},"h_cp_trinket_R_02":{"h_cp_trinket_R_02":{"type":"mesh","uvs":[0.38044,0.88976,0.08781,0.78232,0.11197,0.4139,0.3122,0.25835,0.55486,0.06984,0.81925,0.12008,0.93736,0.39259,0.94138,0.7473,0.73065,0.95617,0.68907,0.46262,0.0972,0.64225,0.25154,0.61181,0.59378,0.40477,0.38659,0.53109,0.38441,0.63617,0.57365,0.64226,0.66625,0.59354,0.49029,0.46276,0.24081,0.71838,0.60988,0.80363,0.82462,0.67879,0.83536,0.42456,0.69712,0.24187,0.47299,0.30581,0.22068,0.49611,0.10363,0.54283,0.39077,0.75774,0.34433,0.40285],"triangles":[22,4,5,23,4,22,22,5,6,21,22,6,21,9,22,20,16,21,20,21,6,7,20,6,8,20,7,12,23,22,9,12,22,17,23,12,16,12,9,17,12,16,15,17,16,21,16,9,19,15,16,19,16,20,8,19,20,23,3,4,27,3,23,2,3,27,27,23,17,24,2,27,13,27,17,24,27,13,25,2,24,11,24,13,10,25,24,14,11,13,2,25,1,11,10,24,13,17,15,14,13,15,18,10,11,18,11,14,26,14,15,18,14,26,10,1,25,1,10,18,26,15,19,0,18,26,0,26,19,1,18,0,0,19,8],"vertices":[4,23,14.33,-23.08,0.77582,24,-12.46,-22.23,0.13568,25,-31.55,-21.46,0.0035,8,34.33,73.84,0.085,2,23,-6.66,-12.79,0.915,8,12.09,81.04,0.085,2,23,-1.32,11.38,0.915,8,13.92,105.73,0.085,4,23,15.23,19.53,0.72172,24,-8.45,20.2,0.14233,25,-26.48,20.86,0.05094,8,29.14,116.15,0.085,4,23,35.28,29.4,0.15393,24,12.28,28.58,0.31915,25,-5.56,28.72,0.44192,8,47.58,128.78,0.085,4,23,54.69,23.21,0.0079,24,31.18,20.98,0.06359,25,13.15,20.66,0.84351,8,67.68,125.41,0.085,2,25,17.51,0.79,0.915,8,76.65,107.15,0.085,4,23,57.89,-19.71,0.01216,24,31.22,-22.06,0.26342,25,12.13,-22.37,0.63941,8,76.96,83.39,0.085,4,23,40.04,-31.28,0.16781,24,12.58,-32.29,0.51708,25,-6.76,-32.13,0.23011,8,60.94,69.39,0.085,3,23,41.63,1.9,2.9E-4,24,16.59,0.69,0.91471,8,57.78,102.46,0.085,2,23,-4.61,-3.6,0.915,8,12.8,90.43,0.085,2,23,7.29,-3.25,0.915,8,24.53,92.47,0.085,4,23,35.01,6.77,0.04975,24,10.35,6.03,0.74677,25,-8.04,6.23,0.11848,8,50.54,106.34,0.085,4,23,18.22,0.64,0.9146,24,-6.85,1.14,1.9E-4,25,-25.35,1.77,2.1E-4,8,34.79,97.88,0.085,3,23,17.05,-6.31,0.89861,24,-8.52,-5.7,0.01639,8,34.63,90.83,0.085,4,23,31.23,-8.76,0.20429,24,5.44,-9.19,0.68758,25,-13.33,-8.86,0.02314,8,49.01,90.43,0.085,4,23,38.66,-6.54,0.02745,24,13.01,-7.51,0.78001,25,-5.71,-7.37,0.10754,8,56.05,93.69,0.085,4,23,26.67,4.04,0.29741,24,1.83,3.92,0.60351,25,-16.61,4.33,0.01408,8,42.67,102.45,0.085,3,23,5.46,-10.21,0.91322,24,-20.36,-8.74,0.00178,8,23.71,85.33,0.085,4,23,32.41,-19.86,0.29385,24,5.81,-20.34,0.51572,25,-13.23,-20.02,0.10543,8,51.76,79.61,0.085,4,23,49.76,-13.9,0.01797,24,23.54,-15.67,0.31186,25,4.61,-15.79,0.58517,8,68.08,87.98,0.085,2,25,9.47,0.56,0.915,8,68.9,105.01,0.085,4,23,44.34,16.45,0.03258,24,20.36,15,0.19952,25,2.19,14.95,0.6829,8,58.39,117.25,0.085,4,23,26.87,14.64,0.38722,24,2.81,14.47,0.38985,25,-15.37,14.86,0.13792,8,41.36,112.97,0.085,3,23,6.07,4.75,0.91497,25,-37.04,7.06,3.0E-5,8,22.18,100.22,0.085,2,23,-3.18,2.92,0.915,8,13.29,97.09,0.085,4,23,16.37,-14.44,0.81356,24,-9.8,-13.76,0.10031,25,-28.67,-13.05,0.00113,8,35.11,82.69,0.085,4,23,16.26,9.6,0.82906,24,-8.14,10.22,0.06984,25,-26.42,10.88,0.0161,8,31.58,106.47,0.085],"hull":9,"edges":[12,10,10,8,20,22,24,18,12,14,14,16,2,20,8,6,6,4,22,26,22,28,28,30,30,32,32,18,24,34,34,26,4,50,50,20,48,50,36,20,48,20,46,44,44,42,42,40,40,38,2,4,2,0,0,16,36,52,52,38,46,54,54,48],"width":38,"height":34}},"h_cp_trinket_R_03":{"h_cp_trinket_R_03":{"type":"mesh","uvs":[0.28299,0.80706,0.19876,0.6132,0.13053,0.37176,0.19179,0.31934,0.25189,0.25572,0.31129,0.1866,0.39303,0.09149,0.83558,0.36129,0.92409,0.53725,0.81883,0.8141,0.5521,0.94079,0.57005,0.56775,0.42413,0.44106,0.32126,0.54195,0.50785,0.73433,0.73271,0.69679,0.7686,0.49268,0.56407,0.30147],"triangles":[0,14,10,10,15,9,10,14,15,9,15,8,14,13,11,14,11,15,15,16,8,15,11,16,11,17,16,16,7,8,16,17,7,0,13,14,0,1,13,11,13,12,1,2,13,12,17,11,2,3,13,13,3,12,3,4,12,4,5,12,12,5,17,5,6,17,7,17,6],"vertices":[3,26,18.56,-19.27,0.40998,27,-0.74,-19.37,0.50002,8,7.53,53.4,0.09,3,26,8.55,-14.79,0.75673,27,-11.04,-15.62,0.15327,8,3.24,63.49,0.09,3,26,-2.53,-7.95,0.90895,27,-22.58,-9.58,0.00105,8,-0.24,76.04,0.09,2,26,-2.09,-3.83,0.91,8,2.88,78.77,0.09,2,26,-2.09,0.68,0.91,8,5.95,82.07,0.09,2,26,-2.31,5.38,0.91,8,8.97,85.67,0.09,2,26,-2.62,11.84,0.91,8,13.14,90.61,0.09,3,26,23.48,16.89,0.23688,27,1.6,17.04,0.67312,8,35.71,76.58,0.09,3,26,33.01,13.24,0.02007,27,11.36,14.09,0.88993,8,40.23,67.43,0.09,2,27,18.2,0.33,0.91,8,34.86,53.04,0.09,3,26,33.35,-15.04,0.03131,27,13.72,-14.1,0.87869,8,21.26,46.45,0.09,3,26,20.84,-0.19,0.27432,27,0.18,-0.18,0.63568,8,22.17,65.85,0.09,3,26,10.9,-0.42,0.90901,27,-9.72,-1.11,9.9E-4,8,14.73,72.44,0.09,3,26,10.62,-7.83,0.81708,27,-9.47,-8.52,0.09292,8,9.48,67.19,0.09,3,26,24.4,-8.7,0.15053,27,4.34,-8.41,0.75947,8,19,57.19,0.09,2,27,10.75,1.29,0.91,8,30.47,59.14,0.09,3,26,25.61,9.55,0.11194,27,4.25,9.88,0.79806,8,32.3,69.75,0.09,3,26,11.2,9.76,0.81314,27,-10.14,9.06,0.09686,8,21.87,79.7,0.09],"hull":11,"edges":[18,16,18,20,20,0,16,14,14,12,6,8,6,26,0,2,26,28,28,30,30,32,32,34,12,10,10,8,34,10,2,4,4,6],"width":26,"height":26}},"h_cp_trinket_tailend":{"h_cp_trinket_tailend":{"type":"mesh","uvs":[0.512,0.13186,0.62873,0.1457,0.65035,0.22871,0.71952,0.31172,0.69358,0.39992,0.83626,0.58842,0.95732,0.90663,0.50335,0.93776,0.05154,0.90318,0.15531,0.58842,0.30447,0.39819,0.28717,0.31518,0.37581,0.22698,0.41904,0.14397,0.512,0.22871,0.50983,0.30134,0.50551,0.37571,0.49903,0.62128],"triangles":[17,4,5,9,10,17,7,17,5,7,5,6,9,17,7,8,9,7,14,13,0,14,0,1,12,13,14,14,1,2,15,12,14,15,14,2,3,15,2,11,12,15,16,11,15,10,11,16,4,15,3,16,15,4,17,10,16,17,16,4],"vertices":[2,28,-1.83,-0.01,0.915,8,-1.97,74.1,0.085,2,28,-0.66,7.93,0.915,8,5.96,72.93,0.085,3,28,6.4,9.4,0.91247,8,7.43,65.87,0.085,29,-13.26,9.22,0.00253,4,28,13.45,14.11,0.80915,8,12.14,58.81,0.085,29,-6.27,14.02,0.10375,30,-20.94,14.69,0.0021,4,28,20.95,12.34,0.40028,8,10.37,51.32,0.085,29,1.25,12.36,0.44987,30,-13.48,12.79,0.06486,4,28,36.97,22.04,2.0E-4,8,20.08,35.3,0.085,29,17.14,22.28,0.21878,30,2.71,22.21,0.69602,2,8,28.31,8.25,0.085,30,29.9,29.97,0.915,2,8,-2.56,5.6,0.085,30,32.01,-0.95,0.915,2,8,-33.29,8.54,0.085,30,28.53,-31.61,0.915,3,8,-26.23,35.3,0.085,29,17.78,-24.02,0.23956,30,1.9,-24.09,0.67544,4,28,20.8,-14.12,0.29699,8,-16.09,51.46,0.085,29,1.47,-14.1,0.54693,30,-14.09,-13.66,0.07109,4,28,13.75,-15.29,0.63474,8,-17.26,58.52,0.085,29,-5.57,-15.37,0.27553,30,-21.16,-14.71,0.00474,3,28,6.25,-9.27,0.88036,8,-11.24,66.02,0.085,29,-13.15,-9.45,0.03464,2,28,-0.81,-6.33,0.915,8,-8.3,73.07,0.085,2,28,6.4,-0.01,0.915,8,-1.97,65.87,0.085,3,28,12.57,-0.15,0.91497,8,-2.12,59.7,0.085,29,-6.96,-0.25,3.0E-5,3,28,18.89,-0.45,0.7979,8,-2.42,53.38,0.085,29,-0.63,-0.46,0.1171,3,8,-2.86,32.5,0.085,29,20.25,-0.61,0.00275,30,5.1,-0.77,0.91225],"hull":14,"edges":[0,28,28,30,30,32,32,34,34,14,0,26,26,24,24,22,22,20,20,18,18,16,0,2,2,4,4,6,6,8,8,10,10,12,12,14,14,16,22,30,30,6],"width":34,"height":43}}}}],"animations":{"win":{"slots":{"fx_sparkle9":{"color":[{"time":0.1,"color":"ffffff00"},{"time":0.3,"color":"ffffffff"},{"time":0.6667,"color":"ffffff00"}],"attachment":[{"time":0.1,"name":"fx_sparkle"}]},"fx_sparkle10":{"color":[{"time":0.2333,"color":"ffffff00"},{"time":0.4333,"color":"ffffffff"},{"time":0.8,"color":"ffffff00"}],"attachment":[{"time":0.2333,"name":"fx_sparkle"}]},"h_cp_sha":{"color":[{"color":"ffffffff"},{"time":0.1333,"color":"ffffff00","curve":"stepped"},{"time":0.5,"color":"ffffff00"},{"time":0.8333,"color":"ffffffff"}],"attachment":[{"name":"h_cp_sha_mg"}]}},"bones":{"fx_sparkle9":{"translate":[{"time":0.1,"x":-93.39,"y":-96.98}],"scale":[{"time":0.1,"x":0.712,"y":0.712},{"time":0.3,"x":1.017,"y":1.017},{"time":0.6667,"x":0.814,"y":0.814}]},"fx_sparkle10":{"translate":[{"time":0.2333,"x":93.39,"y":-50.29}],"scale":[{"time":0.2333,"x":0.712,"y":0.712},{"time":0.4333,"x":1.017,"y":1.017},{"time":0.8,"x":0.814,"y":0.814}]},"cp":{"rotate":[{},{"time":0.0883,"angle":-1.29},{"time":0.2667,"angle":0.22},{"time":0.4156,"angle":-0.13},{"time":0.5156,"angle":0.23},{"time":0.6333}],"translate":[{"time":0.0667},{"time":0.2333,"y":18.46},{"time":0.4},{"time":0.5,"y":2.13},{"time":0.6333}],"scale":[{},{"time":0.0491,"x":1.021,"y":0.964},{"time":0.2333,"x":1.014,"y":1.028},{"time":0.4156,"x":1.007,"y":0.978},{"time":0.5156,"y":1.007},{"time":0.6333}]},"cp_direction":{"translate":[{},{"time":0.051,"x":-80.55,"y":-49.24},{"time":0.249,"x":27.6,"y":152.26},{"time":0.4333,"x":61.84,"y":-54.79},{"time":0.5514,"x":10.13,"y":26.42},{"time":0.653,"x":-16.84,"y":-31.31},{"time":0.749,"x":-5.29,"y":10.88},{"time":0.8333}],"scale":[{},{"time":0.051,"x":0.98,"y":0.98},{"time":0.2667,"x":1.12,"y":1.12},{"time":0.4667}]},"rope":{"scale":[{},{"time":0.1,"x":1.007,"y":0.982},{"time":0.2667,"y":1.018},{"time":0.4333,"x":1.007,"y":0.989},{"time":0.5333,"y":1.007},{"time":0.6667}]},"trinket_link":{"rotate":[{},{"time":0.0347,"angle":-0.37},{"time":0.0844,"angle":-0.75},{"time":0.2667,"angle":-4.76},{"time":0.4,"angle":1.05},{"time":0.5504,"angle":-9.53},{"time":0.6406,"angle":-2.4},{"time":0.7333,"angle":3.68},{"time":0.8333}]},"tail_01":{"rotate":[{"time":0.0333,"angle":-0.01},{"time":0.1,"angle":2.89},{"time":0.2667,"angle":-13.76},{"time":0.4333,"angle":2.07},{"time":0.6333,"angle":-1.07},{"time":0.8333,"angle":-0.01}]},"tail_02":{"rotate":[{"angle":0.07},{"time":0.1333,"angle":7.26},{"time":0.2667,"angle":-13.8},{"time":0.4333,"angle":9.88},{"time":0.6333,"angle":-7.63},{"time":0.7667,"angle":3.74},{"time":0.8333,"angle":0.07}]},"tail_03":{"rotate":[{"time":0.0333,"angle":0.09},{"time":0.1667,"angle":0.18},{"time":0.3,"angle":-16.87},{"time":0.4667,"angle":10.72},{"time":0.6667,"angle":-12.03},{"time":0.7667,"angle":1.91},{"time":0.8333,"angle":0.09}]},"cp_Top":{"scale":[{},{"time":0.0667,"x":1.021,"y":0.965},{"time":0.2333,"x":0.979,"y":1.043},{"time":0.4333}],"shear":[{"time":0.1},{"time":0.2667,"x":-0.25,"y":0.13},{"time":0.4333}]},"t_L_01":{"rotate":[{"angle":0.1},{"time":0.1,"angle":2.89},{"time":0.2667,"angle":-15.62},{"time":0.4333,"angle":5.3},{"time":0.6333,"angle":-1.07},{"time":0.8333}]},"t_L_02_01":{"rotate":[{"angle":0.1},{"time":0.1,"angle":2.89},{"time":0.2667,"angle":-15.62},{"time":0.4333,"angle":5.3},{"time":0.6333,"angle":-1.07},{"time":0.8333,"angle":0.1}]},"t_L_02_02":{"rotate":[{"angle":0.19},{"time":0.1333,"angle":7.26},{"time":0.2667,"angle":-13.8},{"time":0.4333,"angle":9.88},{"time":0.6333,"angle":-7.63},{"time":0.7667,"angle":3.74},{"time":0.8333,"angle":0.13}]},"t_L_02_03":{"rotate":[{"angle":0.19},{"time":0.1667,"angle":0.18},{"time":0.3,"angle":-16.87},{"time":0.4667,"angle":10.72},{"time":0.6667,"angle":-12.03},{"time":0.7667,"angle":1.91},{"time":0.8333}]},"t_R_01":{"rotate":[{"angle":0.1},{"time":0.1,"angle":-7.8},{"time":0.2667,"angle":0.91},{"time":0.4333,"angle":-10.74},{"time":0.6333,"angle":3.18},{"time":0.8333}]},"t_L_03_01":{"rotate":[{"time":0.0333,"angle":0.1},{"time":0.1333,"angle":7.84},{"time":0.3,"angle":-19.85},{"time":0.4667,"angle":7.85},{"time":0.6667,"angle":-4.89},{"time":0.8333}]},"t_L_03_02":{"rotate":[{"time":0.0333,"angle":0.19},{"time":0.1667,"angle":10.89},{"time":0.3,"angle":-19.04},{"time":0.4667,"angle":15.55},{"time":0.6667,"angle":-11.61},{"time":0.8333,"angle":0.13}]},"t_R_02_01":{"rotate":[{"angle":0.21},{"time":0.0667,"angle":-11.49},{"time":0.218,"angle":0.14},{"time":0.4,"angle":-15.9},{"time":0.6,"angle":0.22},{"time":0.7667,"angle":0.1}]},"t_R_02_02":{"rotate":[{"angle":0.3},{"time":0.0801,"angle":-13.1},{"time":0.2667,"angle":18.08},{"time":0.4,"angle":-8.26},{"time":0.5333,"angle":3.2},{"time":0.6667,"angle":-4.83},{"time":0.7333,"angle":0.08}]},"t_R_02_03":{"rotate":[{"angle":0.12},{"time":0.0543,"angle":-18.08},{"time":0.1667,"angle":6.49},{"time":0.2667,"angle":9.25},{"time":0.4333,"angle":-8.14},{"time":0.5667,"angle":5.44},{"time":0.6667,"angle":-6.12},{"time":0.7667,"angle":-0.01}]},"t_R_03_01":{"rotate":[{"angle":0.3},{"time":0.1333,"angle":-4.76},{"time":0.3,"angle":16.27},{"time":0.4667,"angle":-11.89},{"time":0.6667,"angle":7.53},{"time":0.8333,"angle":0.3}]},"t_R_03_02":{"rotate":[{"angle":0.3},{"time":0.1667,"angle":-20.9},{"time":0.3,"angle":30.61},{"time":0.4667,"angle":-12.35},{"time":0.6667,"angle":24.68},{"time":0.8333,"angle":0.13}]},"trinket_body":{"translate":[{},{"time":0.1667,"y":1.72},{"time":0.3333,"y":2.68},{"time":0.5,"y":0.35},{"time":0.6667,"y":1.36},{"time":0.8333}],"scale":[{},{"time":0.1667,"x":1.007},{"time":0.3333,"x":1.017,"y":1.024},{"time":0.5,"x":0.993,"y":0.99},{"time":0.6667,"x":1.007,"y":1.01},{"time":0.8333}]},"coin_Top":{"rotate":[{},{"time":0.0667,"angle":1.44},{"time":0.2333,"angle":2.34},{"time":0.4,"angle":0.13},{"time":0.5667,"angle":1.69},{"time":0.7333}],"translate":[{},{"time":0.0667,"x":-0.1,"y":-1.18},{"time":0.2333,"x":-0.6,"y":4.2},{"time":0.4},{"time":0.5667,"y":1.11},{"time":0.7333}],"shear":[{},{"time":0.0667,"x":-0.5,"y":1},{"time":0.2333,"x":1,"y":1},{"time":0.4,"x":-0.6},{"time":0.5667,"x":0.4},{"time":0.7333}]},"coin_L":{"rotate":[{"angle":0.19},{"time":0.0667,"angle":-1.91},{"time":0.2164,"angle":-1.34},{"time":0.3667,"angle":-1.93},{"time":0.5,"angle":1.41},{"time":0.6667}],"translate":[{},{"time":0.0667,"x":-0.1,"y":-1.18},{"time":0.2164,"x":-0.6,"y":2.04},{"time":0.3667,"y":0.8},{"time":0.5,"y":1.11},{"time":0.6667}],"shear":[{"time":0.0667},{"time":0.2164,"x":1,"y":1},{"time":0.3667,"x":0.8},{"time":0.5}]},"coin_R_02":{"rotate":[{},{"time":0.0667,"angle":-0.88},{"time":0.3333,"angle":-0.55},{"time":0.4667,"angle":0.6},{"time":0.6}],"translate":[{},{"time":0.0667,"x":-0.02,"y":-0.18},{"time":0.3333,"x":-0.14,"y":0.46},{"time":0.5}],"shear":[{},{"time":0.0667,"x":-0.07,"y":0.15},{"time":0.3333,"x":1,"y":1},{"time":0.4667,"x":-0.6},{"time":0.6}]},"coin_R_01":{"rotate":[{"time":0.0117,"angle":0.19},{"time":0.0784,"angle":0.28},{"time":0.3,"angle":0.71},{"time":0.4333,"angle":-1.93},{"time":0.5667,"angle":1.41},{"time":0.7}],"translate":[{"time":0.0117},{"time":0.0784,"x":-0.1,"y":-1.18},{"time":0.2667,"x":-0.6,"y":2.04},{"time":0.4,"y":0.8},{"time":0.5333,"y":1.11},{"time":0.7}],"shear":[{"time":0.0117},{"time":0.0784,"x":-0.8},{"time":0.2667,"x":1.2,"y":1},{"time":0.3333,"x":1.15,"y":0.49},{"time":0.4,"x":0.8},{"time":0.5333}]},"rope_midlink":{"rotate":[{"angle":-0.01},{"time":0.0549,"angle":7.99},{"time":0.1667,"angle":-2.24},{"time":0.3177,"angle":9.19},{"time":0.4667,"angle":0.61},{"time":0.6,"angle":5.54},{"time":0.7333,"angle":-0.66},{"time":0.8333}]}}},"win_bg":{"slots":{"fx_sparkle9":{"color":[{"time":0.1,"color":"ffffff00"},{"time":0.3,"color":"ffffffff"},{"time":0.6667,"color":"ffffff00"}],"attachment":[{"time":0.1,"name":"fx_sparkle"}]},"fx_sparkle10":{"color":[{"time":0.2333,"color":"ffffff00"},{"time":0.4333,"color":"ffffffff"},{"time":0.8,"color":"ffffff00"}],"attachment":[{"time":0.2333,"name":"fx_sparkle"}]},"h_cp_sha":{"color":[{"color":"ffffffff"},{"time":0.1333,"color":"ffffff00","curve":"stepped"},{"time":0.5,"color":"ffffff00"},{"time":0.8333,"color":"ffffffff"}],"attachment":[{"name":"h_cp_sha"}]}},"bones":{"fx_sparkle9":{"translate":[{"time":0.1,"x":-93.39,"y":-96.98}],"scale":[{"time":0.1,"x":0.712,"y":0.712},{"time":0.3,"x":1.017,"y":1.017},{"time":0.6667,"x":0.814,"y":0.814}]},"fx_sparkle10":{"translate":[{"time":0.2333,"x":93.39,"y":-50.29}],"scale":[{"time":0.2333,"x":0.712,"y":0.712},{"time":0.4333,"x":1.017,"y":1.017},{"time":0.8,"x":0.814,"y":0.814}]},"cp":{"rotate":[{},{"time":0.0883,"angle":-1.29},{"time":0.2667,"angle":0.22},{"time":0.4156,"angle":-0.13},{"time":0.5156,"angle":0.23},{"time":0.6333}],"translate":[{"time":0.0667},{"time":0.2333,"y":18.46},{"time":0.4},{"time":0.5,"y":2.13},{"time":0.6333}],"scale":[{},{"time":0.0491,"x":1.021,"y":0.964},{"time":0.2333,"x":1.014,"y":1.028},{"time":0.4156,"x":1.007,"y":0.978},{"time":0.5156,"y":1.007},{"time":0.6333}]},"cp_direction":{"translate":[{},{"time":0.051,"x":-80.55,"y":-49.24},{"time":0.249,"x":27.6,"y":152.26},{"time":0.4333,"x":61.84,"y":-54.79},{"time":0.5514,"x":10.13,"y":26.42},{"time":0.653,"x":-16.84,"y":-31.31},{"time":0.749,"x":-5.29,"y":10.88},{"time":0.8333}],"scale":[{},{"time":0.051,"x":0.98,"y":0.98},{"time":0.2667,"x":1.12,"y":1.12},{"time":0.4667}]},"rope":{"scale":[{},{"time":0.1,"x":1.007,"y":0.982},{"time":0.2667,"y":1.018},{"time":0.4333,"x":1.007,"y":0.989},{"time":0.5333,"y":1.007},{"time":0.6667}]},"trinket_link":{"rotate":[{},{"time":0.0347,"angle":-0.37},{"time":0.0844,"angle":-0.75},{"time":0.2667,"angle":-4.76},{"time":0.4,"angle":1.05},{"time":0.5504,"angle":-9.53},{"time":0.6406,"angle":-2.4},{"time":0.7333,"angle":3.68},{"time":0.8333}]},"tail_01":{"rotate":[{"time":0.0333,"angle":-0.01},{"time":0.1,"angle":2.89},{"time":0.2667,"angle":-13.76},{"time":0.4333,"angle":2.07},{"time":0.6333,"angle":-1.07},{"time":0.8333,"angle":-0.01}]},"tail_02":{"rotate":[{"angle":0.07},{"time":0.1333,"angle":7.26},{"time":0.2667,"angle":-13.8},{"time":0.4333,"angle":9.88},{"time":0.6333,"angle":-7.63},{"time":0.7667,"angle":3.74},{"time":0.8333,"angle":0.07}]},"tail_03":{"rotate":[{"time":0.0333,"angle":0.09},{"time":0.1667,"angle":0.18},{"time":0.3,"angle":-16.87},{"time":0.4667,"angle":10.72},{"time":0.6667,"angle":-12.03},{"time":0.7667,"angle":1.91},{"time":0.8333,"angle":0.09}]},"cp_Top":{"scale":[{},{"time":0.0667,"x":1.021,"y":0.965},{"time":0.2333,"x":0.979,"y":1.043},{"time":0.4333}],"shear":[{"time":0.1},{"time":0.2667,"x":-0.25,"y":0.13},{"time":0.4333}]},"t_L_01":{"rotate":[{"angle":0.1},{"time":0.1,"angle":2.89},{"time":0.2667,"angle":-15.62},{"time":0.4333,"angle":5.3},{"time":0.6333,"angle":-1.07},{"time":0.8333}]},"t_L_02_01":{"rotate":[{"angle":0.1},{"time":0.1,"angle":2.89},{"time":0.2667,"angle":-15.62},{"time":0.4333,"angle":5.3},{"time":0.6333,"angle":-1.07},{"time":0.8333,"angle":0.1}]},"t_L_02_02":{"rotate":[{"angle":0.19},{"time":0.1333,"angle":7.26},{"time":0.2667,"angle":-13.8},{"time":0.4333,"angle":9.88},{"time":0.6333,"angle":-7.63},{"time":0.7667,"angle":3.74},{"time":0.8333,"angle":0.13}]},"t_L_02_03":{"rotate":[{"angle":0.19},{"time":0.1667,"angle":0.18},{"time":0.3,"angle":-16.87},{"time":0.4667,"angle":10.72},{"time":0.6667,"angle":-12.03},{"time":0.7667,"angle":1.91},{"time":0.8333}]},"t_R_01":{"rotate":[{"angle":0.1},{"time":0.1,"angle":-7.8},{"time":0.2667,"angle":0.91},{"time":0.4333,"angle":-10.74},{"time":0.6333,"angle":3.18},{"time":0.8333}]},"t_L_03_01":{"rotate":[{"time":0.0333,"angle":0.1},{"time":0.1333,"angle":7.84},{"time":0.3,"angle":-19.85},{"time":0.4667,"angle":7.85},{"time":0.6667,"angle":-4.89},{"time":0.8333}]},"t_L_03_02":{"rotate":[{"time":0.0333,"angle":0.19},{"time":0.1667,"angle":10.89},{"time":0.3,"angle":-19.04},{"time":0.4667,"angle":15.55},{"time":0.6667,"angle":-11.61},{"time":0.8333,"angle":0.13}]},"t_R_02_01":{"rotate":[{"angle":0.21},{"time":0.0667,"angle":-11.49},{"time":0.218,"angle":0.14},{"time":0.4,"angle":-15.9},{"time":0.6,"angle":0.22},{"time":0.7667,"angle":0.1}]},"t_R_02_02":{"rotate":[{"angle":0.3},{"time":0.0801,"angle":-13.1},{"time":0.2667,"angle":18.08},{"time":0.4,"angle":-8.26},{"time":0.5333,"angle":3.2},{"time":0.6667,"angle":-4.83},{"time":0.7333,"angle":0.08}]},"t_R_02_03":{"rotate":[{"angle":0.12},{"time":0.0543,"angle":-18.08},{"time":0.1667,"angle":6.49},{"time":0.2667,"angle":9.25},{"time":0.4333,"angle":-8.14},{"time":0.5667,"angle":5.44},{"time":0.6667,"angle":-6.12},{"time":0.7667,"angle":-0.01}]},"t_R_03_01":{"rotate":[{"angle":0.3},{"time":0.1333,"angle":-4.76},{"time":0.3,"angle":16.27},{"time":0.4667,"angle":-11.89},{"time":0.6667,"angle":7.53},{"time":0.8333,"angle":0.3}]},"t_R_03_02":{"rotate":[{"angle":0.3},{"time":0.1667,"angle":-20.9},{"time":0.3,"angle":30.61},{"time":0.4667,"angle":-12.35},{"time":0.6667,"angle":24.68},{"time":0.8333,"angle":0.13}]},"trinket_body":{"translate":[{},{"time":0.1667,"y":1.72},{"time":0.3333,"y":2.68},{"time":0.5,"y":0.35},{"time":0.6667,"y":1.36},{"time":0.8333}],"scale":[{},{"time":0.1667,"x":1.007},{"time":0.3333,"x":1.017,"y":1.024},{"time":0.5,"x":0.993,"y":0.99},{"time":0.6667,"x":1.007,"y":1.01},{"time":0.8333}]},"coin_Top":{"rotate":[{},{"time":0.0667,"angle":1.44},{"time":0.2333,"angle":2.34},{"time":0.4,"angle":0.13},{"time":0.5667,"angle":1.69},{"time":0.7333}],"translate":[{},{"time":0.0667,"x":-0.1,"y":-1.18},{"time":0.2333,"x":-0.6,"y":4.2},{"time":0.4},{"time":0.5667,"y":1.11},{"time":0.7333}],"shear":[{},{"time":0.0667,"x":-0.5,"y":1},{"time":0.2333,"x":1,"y":1},{"time":0.4,"x":-0.6},{"time":0.5667,"x":0.4},{"time":0.7333}]},"coin_L":{"rotate":[{"angle":0.19},{"time":0.0667,"angle":-1.91},{"time":0.2164,"angle":-1.34},{"time":0.3667,"angle":-1.93},{"time":0.5,"angle":1.41},{"time":0.6667}],"translate":[{},{"time":0.0667,"x":-0.1,"y":-1.18},{"time":0.2164,"x":-0.6,"y":2.04},{"time":0.3667,"y":0.8},{"time":0.5,"y":1.11},{"time":0.6667}],"shear":[{"time":0.0667},{"time":0.2164,"x":1,"y":1},{"time":0.3667,"x":0.8},{"time":0.5}]},"coin_R_02":{"rotate":[{},{"time":0.0667,"angle":-0.88},{"time":0.3333,"angle":-0.55},{"time":0.4667,"angle":0.6},{"time":0.6}],"translate":[{},{"time":0.0667,"x":-0.02,"y":-0.18},{"time":0.3333,"x":-0.14,"y":0.46},{"time":0.5}],"shear":[{},{"time":0.0667,"x":-0.07,"y":0.15},{"time":0.3333,"x":1,"y":1},{"time":0.4667,"x":-0.6},{"time":0.6}]},"coin_R_01":{"rotate":[{"time":0.0117,"angle":0.19},{"time":0.0784,"angle":0.28},{"time":0.3,"angle":0.71},{"time":0.4333,"angle":-1.93},{"time":0.5667,"angle":1.41},{"time":0.7}],"translate":[{"time":0.0117},{"time":0.0784,"x":-0.1,"y":-1.18},{"time":0.2667,"x":-0.6,"y":2.04},{"time":0.4,"y":0.8},{"time":0.5333,"y":1.11},{"time":0.7}],"shear":[{"time":0.0117},{"time":0.0784,"x":-0.8},{"time":0.2667,"x":1.2,"y":1},{"time":0.3333,"x":1.15,"y":0.49},{"time":0.4,"x":0.8},{"time":0.5333}]},"rope_midlink":{"rotate":[{"angle":-0.01},{"time":0.0549,"angle":7.99},{"time":0.1667,"angle":-2.24},{"time":0.3177,"angle":9.19},{"time":0.4667,"angle":0.61},{"time":0.6,"angle":5.54},{"time":0.7333,"angle":-0.66},{"time":0.8333}]}}}}}