{"skeleton":{"hash":"FBDaGLsZvrY","spine":"3.8-from-4.0-from-4.1.23","images":"./donghua/btn_clicked/","audio":""},"bones":[{"name":"root"},{"name":"pattern1","parent":"root","y":1.51},{"name":"light1","parent":"root"}],"slots":[{"name":"pattern1","bone":"pattern1","blend":"screen"},{"name":"light1","bone":"light1","blend":"screen"}],"skins":[{"name":"default","attachments":{"light1":{"light1":{"width":325,"height":306},"light2":{"x":0.5,"width":325,"height":306},"light3":{"x":0.5,"width":325,"height":306},"light4":{"x":0.5,"width":325,"height":306},"light5":{"x":0.5,"width":325,"height":306},"light6":{"x":0.5,"width":325,"height":306},"light7":{"x":0.5,"width":325,"height":306},"light8":{"x":0.5,"width":325,"height":306},"light9":{"x":0.5,"width":325,"height":306}},"pattern1":{"pattern1":{"width":292,"height":176},"pattern2":{"width":292,"height":176},"pattern3":{"width":292,"height":176},"pattern4":{"width":292,"height":176},"pattern5":{"width":292,"height":176},"pattern6":{"width":292,"height":176},"pattern7":{"width":292,"height":176},"pattern8":{"width":292,"height":176},"pattern9":{"width":292,"height":176}}}}],"animations":{"btn_clicked":{"slots":{"light1":{"attachment":[{"name":"light1"},{"time":0.0667,"name":"light2"},{"time":0.1333,"name":"light3"},{"time":0.2,"name":"light4"},{"time":0.2667,"name":"light5"},{"time":0.3333,"name":"light6"},{"time":0.4,"name":"light7"},{"time":0.4667,"name":"light8"},{"time":0.5333,"name":"light9"},{"time":0.6,"name":null}]},"pattern1":{"attachment":[{"name":"pattern1"},{"time":0.0667,"name":"pattern2"},{"time":0.1333,"name":"pattern3"},{"time":0.2,"name":"pattern4"},{"time":0.2667,"name":"pattern5"},{"time":0.3333,"name":"pattern6"},{"time":0.4,"name":"pattern7"},{"time":0.4667,"name":"pattern8"},{"time":0.5333,"name":"pattern9"},{"time":0.6,"name":null}]}}}}}