{"skeleton":{"hash":"sCu62Bw1CVI","spine":"3.8-from-4.0-from-4.1.23","x":-255,"y":-262.5,"width":510,"height":525,"images":"./donghua/fireworks_2/","audio":""},"bones":[{"name":"root"},{"name":"fireworks_1","parent":"root"}],"slots":[{"name":"fireworks_1","bone":"fireworks_1","attachment":"fireworks_1","blend":"screen"}],"skins":[{"name":"default","attachments":{"fireworks_1":{"fireworks_1":{"width":510,"height":525},"fireworks_2":{"y":0.5,"width":510,"height":525},"fireworks_3":{"y":0.5,"width":510,"height":525},"fireworks_4":{"y":0.5,"width":510,"height":525},"fireworks_5":{"y":0.5,"width":510,"height":525},"fireworks_6":{"y":0.5,"width":510,"height":525},"fireworks_7":{"y":0.5,"width":510,"height":525},"fireworks_8":{"y":0.5,"width":510,"height":525},"fireworks_9":{"y":0.5,"width":510,"height":525},"fireworks_10":{"y":0.5,"width":510,"height":525},"fireworks_11":{"y":0.5,"width":510,"height":525},"fireworks_12":{"y":0.5,"width":510,"height":525},"fireworks_13":{"y":0.5,"width":510,"height":525},"fireworks_14":{"y":0.5,"width":510,"height":525},"fireworks_15":{"y":0.5,"width":510,"height":525},"fireworks_16":{"y":0.5,"width":510,"height":525}}}}],"animations":{"fireworks_2":{"slots":{"fireworks_1":{"color":[{"color":"ffffff00"},{"time":0.0667,"color":"ffffffff","curve":"stepped"},{"time":1.0667,"color":"fffffffe"},{"time":1.1333,"color":"ffffff00"}],"attachment":[{"time":0.1333,"name":"fireworks_2"},{"time":0.2,"name":"fireworks_3"},{"time":0.2667,"name":"fireworks_4"},{"time":0.3333,"name":"fireworks_5"},{"time":0.4,"name":"fireworks_6"},{"time":0.4667,"name":"fireworks_7"},{"time":0.5333,"name":"fireworks_8"},{"time":0.6,"name":"fireworks_9"},{"time":0.6667,"name":"fireworks_10"},{"time":0.7333,"name":"fireworks_11"},{"time":0.8,"name":"fireworks_12"},{"time":0.8667,"name":"fireworks_13"},{"time":0.9333,"name":"fireworks_14"},{"time":1,"name":"fireworks_15"},{"time":1.0667,"name":"fireworks_16"}]}}}}}