{
    "skeleton": {
        "hash": "2rrvD1BxWrXeumprubQWjDt6onM",
        "spine": "3.6.53",
        "width": 307.26,
        "height": 290.11,
        "images": "./images/"
    },
    "bones": [
        {
            "name": "root",
            "scaleX": 0.31,
            "scaleY": 0.31
        },
        {
            "name": "scale",
            "parent": "root"
        },
        {
            "name": "bone",
            "parent": "scale",
            "x": -100.2,
            "y": -387.44
        },
        {
            "name": "bone2",
            "parent": "scale",
            "x": 101.87,
            "y": -313.96
        },
        {
            "name": "orange_02",
            "parent": "scale",
            "rotation": -15.21,
            "x": -133.63,
            "y": -280.29
        },
        {
            "name": "stick",
            "parent": "orange_02",
            "length": 74.59,
            "rotation": 93.3,
            "x": -47.61,
            "y": 498.37
        },
        {
            "name": "bone3",
            "parent": "stick",
            "length": 87.21,
            "rotation": -32.81,
            "x": 80.06,
            "y": -4.62
        },
        {
            "name": "leaf",
            "parent": "stick",
            "length": 138.62,
            "rotation": 68.28,
            "x": 43.74,
            "y": 38.13,
            "scaleX": 0.828,
            "scaleY": 0.828
        },
        {
            "name": "bone5",
            "parent": "leaf",
            "length": 153.3,
            "rotation": 29.23,
            "x": 185.35,
            "y": 2.86
        },
        {
            "name": "fx",
            "parent": "root"
        },
        {
            "name": "fx_shine",
            "parent": "fx"
        },
        {
            "name": "fx_shine2",
            "parent": "fx"
        },
        {
            "name": "orange_01",
            "parent": "scale",
            "rotation": 6.24,
            "x": 210.84,
            "y": -363.34
        },
        {
            "name": "orange_01_ctrl",
            "parent": "orange_01",
            "x": 120.29,
            "y": 484.02
        },
        {
            "name": "orange_shadow",
            "parent": "root"
        }
    ],
    "slots": [
        {
            "name": "h_orange_shdw",
            "bone": "orange_shadow",
            "color": "ff916f7b",
            "attachment": "h_orange_shdw_1"
        },
        {
            "name": "ps_particle/ps_shine",
            "bone": "fx_shine",
            "color": "ffffff95",
            "blend": "additive"
        },
        {
            "name": "ps_particle/ps_shine_big",
            "bone": "fx_shine2",
            "color": "ffffff95",
            "blend": "additive"
        },
        {
            "name": "h_orange_02",
            "bone": "orange_02",
            "attachment": "h_orange_02_1"
        },
        {
            "name": "h_orange_leaf",
            "bone": "leaf",
            "attachment": "h_orange_leaf_1"
        },
        {
            "name": "h_orange_stick",
            "bone": "stick",
            "attachment": "h_orange_stick_1"
        },
        {
            "name": "h_orange_shadow",
            "bone": "orange_02",
            "blend": "multiply"
        },
        {
            "name": "h_orange_peel03",
            "bone": "bone",
            "attachment": "h_orange_peel03_1"
        },
        {
            "name": "h_orange_peel02",
            "bone": "bone2",
            "attachment": "h_orange_peel02_1"
        },
        {
            "name": "h_orange_01",
            "bone": "orange_01",
            "attachment": "h_orange_bulb_1"
        },
        {
            "name": "h_orange_peel01",
            "bone": "bone",
            "attachment": "h_orange_peel01_1"
        },
        {
            "name": "ps_particle/ps_particle_00",
            "bone": "fx",
            "blend": "additive"
        }
    ],
    "skins": {
        "default": {
            "h_orange_01": {
                "h_orange_bulb_1": {
                    "type": "mesh",
                    "hull": 12,
                    "width": 153,
                    "height": 116,
                    "uvs": [
                        1,
                        0.39486,
                        0.93483,
                        0.64642,
                        0.7541,
                        0.92855,
                        0.4642,
                        1,
                        0.17968,
                        0.85802,
                        0.04189,
                        0.66758,
                        0,
                        0.41837,
                        0.06694,
                        0.21853,
                        0.47852,
                        0.20207,
                        0.75768,
                        0,
                        0.90083,
                        0,
                        1,
                        0,
                        0.05262,
                        0.37605,
                        0.15104,
                        0.66053,
                        0.34073,
                        0.84391,
                        0.62883,
                        0.85802,
                        0.82747,
                        0.71695,
                        0.93125,
                        0.4889,
                        0.95631,
                        0.25144
                    ],
                    "triangles": [
                        16,
                        15,
                        8,
                        2,
                        15,
                        16,
                        8,
                        15,
                        14,
                        3,
                        14,
                        15,
                        14,
                        13,
                        8,
                        4,
                        13,
                        14,
                        17,
                        16,
                        18,
                        18,
                        10,
                        11,
                        18,
                        11,
                        0,
                        12,
                        6,
                        7,
                        10,
                        18,
                        9,
                        17,
                        18,
                        0,
                        1,
                        17,
                        0,
                        8,
                        12,
                        7,
                        13,
                        12,
                        8,
                        6,
                        12,
                        13,
                        5,
                        6,
                        13,
                        9,
                        18,
                        8,
                        16,
                        17,
                        1,
                        16,
                        8,
                        18,
                        5,
                        13,
                        4,
                        2,
                        16,
                        1,
                        4,
                        14,
                        3,
                        3,
                        15,
                        2
                    ],
                    "vertices": [
                        1,
                        12,
                        258.45,
                        229.63,
                        1,
                        1,
                        12,
                        226.26,
                        135.04,
                        1,
                        1,
                        12,
                        136.97,
                        28.96,
                        1,
                        1,
                        12,
                        -6.23,
                        2.1,
                        1,
                        1,
                        12,
                        -146.79,
                        55.48,
                        1,
                        1,
                        12,
                        -214.86,
                        127.09,
                        1,
                        1,
                        12,
                        -235.55,
                        220.79,
                        1,
                        1,
                        12,
                        -202.48,
                        295.93,
                        1,
                        1,
                        12,
                        0.84,
                        302.12,
                        1,
                        1,
                        12,
                        138.74,
                        378.1,
                        1,
                        2,
                        12,
                        209.46,
                        378.1,
                        0.896,
                        13,
                        89.17,
                        -105.92,
                        0.104,
                        1,
                        12,
                        258.45,
                        378.1,
                        1,
                        2,
                        12,
                        -209.55,
                        236.7,
                        0.52,
                        13,
                        -329.84,
                        -247.31,
                        0.48,
                        2,
                        12,
                        -160.93,
                        129.74,
                        0.224,
                        13,
                        -281.22,
                        -354.28,
                        0.776,
                        2,
                        12,
                        -67.23,
                        60.79,
                        0.128,
                        13,
                        -187.52,
                        -423.23,
                        0.872,
                        2,
                        12,
                        75.09,
                        55.48,
                        0.04,
                        13,
                        -45.19,
                        -428.53,
                        0.96,
                        2,
                        12,
                        173.22,
                        108.52,
                        0.12,
                        13,
                        52.93,
                        -375.49,
                        0.88,
                        2,
                        12,
                        224.49,
                        194.27,
                        0.536,
                        13,
                        104.2,
                        -289.74,
                        0.464,
                        2,
                        12,
                        236.87,
                        283.56,
                        0.72,
                        13,
                        116.58,
                        -200.46,
                        0.28
                    ],
                    "edges": [
                        24,
                        26,
                        26,
                        28,
                        28,
                        30,
                        30,
                        32,
                        32,
                        34,
                        34,
                        36,
                        20,
                        22,
                        36,
                        20,
                        18,
                        20,
                        18,
                        16,
                        16,
                        14,
                        14,
                        12,
                        12,
                        10,
                        10,
                        8,
                        8,
                        6,
                        4,
                        6,
                        4,
                        2,
                        0,
                        22,
                        2,
                        0
                    ]
                }
            },
            "h_orange_02": {
                "h_orange_02_1": {
                    "type": "mesh",
                    "hull": 12,
                    "width": 202,
                    "height": 189,
                    "uvs": [
                        0.37552,
                        0.02149,
                        0.10659,
                        0.10494,
                        0,
                        0.37196,
                        0,
                        0.69647,
                        0.14198,
                        0.9169,
                        0.33388,
                        0.99999,
                        0.64793,
                        0.99073,
                        0.91166,
                        0.80773,
                        0.99997,
                        0.62772,
                        0.99653,
                        0.29408,
                        0.81623,
                        0.07527,
                        0.65834,
                        0.00372,
                        0.43798,
                        0.14759,
                        0.55038,
                        0.63086,
                        0.17661,
                        0.24835,
                        0.15792,
                        0.57061,
                        0.75011,
                        0.19898,
                        0.8577,
                        0.47095,
                        0.47742,
                        0.32443
                    ],
                    "triangles": [
                        18,
                        16,
                        17,
                        15,
                        14,
                        18,
                        13,
                        18,
                        17,
                        15,
                        18,
                        13,
                        18,
                        12,
                        16,
                        14,
                        12,
                        18,
                        12,
                        11,
                        16,
                        12,
                        0,
                        11,
                        16,
                        11,
                        10,
                        14,
                        1,
                        0,
                        14,
                        0,
                        12,
                        16,
                        10,
                        9,
                        2,
                        1,
                        14,
                        17,
                        16,
                        9,
                        15,
                        2,
                        14,
                        17,
                        9,
                        8,
                        3,
                        2,
                        15,
                        7,
                        17,
                        8,
                        13,
                        17,
                        7,
                        4,
                        3,
                        15,
                        5,
                        4,
                        15,
                        6,
                        13,
                        7,
                        13,
                        5,
                        15,
                        6,
                        5,
                        13
                    ],
                    "vertices": [
                        1,
                        4,
                        -68.49,
                        587.34,
                        1,
                        1,
                        4,
                        -244.11,
                        536.35,
                        1,
                        1,
                        4,
                        -313.71,
                        373.2,
                        1,
                        1,
                        4,
                        -313.71,
                        174.93,
                        1,
                        1,
                        4,
                        -221,
                        40.24,
                        1,
                        1,
                        4,
                        -95.68,
                        -10.52,
                        1,
                        2,
                        4,
                        109.39,
                        -4.87,
                        0.94209,
                        5,
                        -512.32,
                        -118.74,
                        0.05791,
                        1,
                        4,
                        281.61,
                        106.95,
                        1,
                        1,
                        4,
                        339.27,
                        216.93,
                        1,
                        1,
                        4,
                        337.03,
                        420.79,
                        1,
                        1,
                        4,
                        219.29,
                        554.48,
                        1,
                        1,
                        4,
                        116.19,
                        598.2,
                        1,
                        2,
                        4,
                        -36.47,
                        506.51,
                        0.7124,
                        5,
                        6.6,
                        -2.57,
                        0.2876,
                        2,
                        4,
                        33.04,
                        242.32,
                        0.50114,
                        5,
                        -261.15,
                        -56.76,
                        0.49886,
                        2,
                        4,
                        -182.38,
                        451.67,
                        0.57888,
                        5,
                        -39.74,
                        146.25,
                        0.42112,
                        2,
                        4,
                        -204.13,
                        275.45,
                        0.56103,
                        5,
                        -214.41,
                        178.11,
                        0.43897,
                        2,
                        4,
                        175.01,
                        478.72,
                        0.49215,
                        5,
                        -32.44,
                        -221.12,
                        0.50785,
                        2,
                        4,
                        245.45,
                        312.57,
                        0.50541,
                        5,
                        -202.37,
                        -281.87,
                        0.49459,
                        2,
                        4,
                        -8.69,
                        408.53,
                        0.18645,
                        5,
                        -91.94,
                        -33.68,
                        0.81355
                    ],
                    "edges": [
                        0,
                        2,
                        2,
                        4,
                        4,
                        6,
                        6,
                        8,
                        8,
                        10,
                        10,
                        12,
                        12,
                        14,
                        14,
                        16,
                        16,
                        18,
                        18,
                        20,
                        20,
                        22,
                        0,
                        22
                    ]
                }
            },
            "h_orange_leaf": {
                "h_orange_leaf_1": {
                    "type": "mesh",
                    "hull": 13,
                    "width": 106,
                    "height": 87,
                    "uvs": [
                        0.09296,
                        0.88397,
                        0.10016,
                        0.71239,
                        0.16255,
                        0.51173,
                        0.29931,
                        0.28199,
                        0.53206,
                        0.12786,
                        0.70481,
                        0.09005,
                        1,
                        0.05806,
                        1,
                        0.14821,
                        0.85838,
                        0.38377,
                        0.68322,
                        0.56117,
                        0.48407,
                        0.74729,
                        0.29451,
                        0.85489,
                        0.14815,
                        1,
                        0.24892,
                        0.68331,
                        0.44808,
                        0.36342,
                        0.7432,
                        0.18893
                    ],
                    "triangles": [
                        14,
                        3,
                        4,
                        14,
                        13,
                        2,
                        14,
                        2,
                        3,
                        10,
                        13,
                        14,
                        1,
                        2,
                        13,
                        9,
                        10,
                        14,
                        11,
                        13,
                        10,
                        12,
                        0,
                        13,
                        1,
                        13,
                        0,
                        13,
                        11,
                        12,
                        15,
                        5,
                        6,
                        7,
                        15,
                        6,
                        15,
                        14,
                        4,
                        15,
                        4,
                        5,
                        8,
                        15,
                        7,
                        9,
                        14,
                        15,
                        8,
                        9,
                        15
                    ],
                    "vertices": [
                        1,
                        8,
                        225.64,
                        -7.53,
                        1,
                        1,
                        8,
                        174.03,
                        -44.27,
                        1,
                        1,
                        8,
                        98.7,
                        -68.32,
                        1,
                        2,
                        7,
                        216.03,
                        -63.58,
                        0.07312,
                        8,
                        -5.68,
                        -72.95,
                        0.92688,
                        2,
                        7,
                        98.19,
                        -76.46,
                        0.97285,
                        8,
                        -114.8,
                        -26.65,
                        0.02715,
                        1,
                        7,
                        21.49,
                        -59.91,
                        1,
                        1,
                        7,
                        -104.98,
                        -20.52,
                        1,
                        1,
                        7,
                        -92.3,
                        10.22,
                        1,
                        1,
                        7,
                        -0.67,
                        66.39,
                        1,
                        2,
                        7,
                        96.65,
                        97.02,
                        0.8378,
                        8,
                        -31.42,
                        125.49,
                        0.1622,
                        2,
                        7,
                        205.1,
                        126.53,
                        0.13782,
                        8,
                        77.64,
                        98.28,
                        0.86218,
                        2,
                        7,
                        298.56,
                        130.92,
                        0.0007,
                        8,
                        161.33,
                        56.46,
                        0.9993,
                        1,
                        8,
                        243.89,
                        38.37,
                        1,
                        2,
                        7,
                        293.27,
                        64.65,
                        0.00002,
                        8,
                        124.36,
                        1.22,
                        0.99998,
                        2,
                        7,
                        166,
                        -10.47,
                        0.41268,
                        8,
                        -23.39,
                        -2.18,
                        0.58732,
                        1,
                        7,
                        19.53,
                        -19.66,
                        1
                    ],
                    "edges": [
                        14,
                        16,
                        16,
                        18,
                        18,
                        20,
                        20,
                        22,
                        22,
                        24,
                        24,
                        0,
                        0,
                        2,
                        2,
                        4,
                        4,
                        6,
                        6,
                        8,
                        8,
                        10,
                        14,
                        12,
                        10,
                        12,
                        24,
                        26,
                        26,
                        28,
                        28,
                        30
                    ]
                }
            },
            "h_orange_peel01": {
                "h_orange_peel01_1": {
                    "x": -29.37,
                    "y": 82.15,
                    "scaleX": 3.23,
                    "scaleY": 3.23,
                    "rotation": 3.49,
                    "width": 185,
                    "height": 59
                }
            },
            "h_orange_peel02": {
                "h_orange_peel02_1": {
                    "x": -67.06,
                    "y": 58.65,
                    "scaleX": 3.23,
                    "scaleY": 3.23,
                    "rotation": 3.03,
                    "width": 123,
                    "height": 42
                }
            },
            "h_orange_peel03": {
                "h_orange_peel03_1": {
                    "x": -14.8,
                    "y": 85.71,
                    "scaleX": 3.23,
                    "scaleY": 3.23,
                    "width": 131,
                    "height": 34
                }
            },
            "h_orange_shdw": {
                "h_orange_shdw_1": {
                    "x": 6,
                    "scaleX": 4.61,
                    "scaleY": 4.61,
                    "width": 215,
                    "height": 203
                }
            },
            "h_orange_stick": {
                "h_orange_stick_1": {
                    "type": "mesh",
                    "hull": 9,
                    "width": 31,
                    "height": 54,
                    "uvs": [
                        0,
                        1,
                        0,
                        0.60809,
                        0.08952,
                        0.24288,
                        0.29537,
                        0,
                        0.84842,
                        0.01171,
                        0.99999,
                        0.22231,
                        0.66541,
                        0.41941,
                        0.47754,
                        0.62525,
                        0.45647,
                        1
                    ],
                    "triangles": [
                        6,
                        3,
                        4,
                        6,
                        4,
                        5,
                        2,
                        3,
                        6,
                        6,
                        7,
                        2,
                        7,
                        1,
                        2,
                        8,
                        0,
                        1,
                        7,
                        8,
                        1
                    ],
                    "vertices": [
                        1,
                        5,
                        -7.33,
                        20.16,
                        1,
                        2,
                        5,
                        60.75,
                        16.23,
                        0.84,
                        6,
                        -27.53,
                        7.06,
                        0.16,
                        2,
                        5,
                        123.67,
                        3.64,
                        0.0001,
                        6,
                        32.18,
                        30.57,
                        0.9999,
                        1,
                        6,
                        79.1,
                        33.48,
                        1,
                        1,
                        6,
                        104.57,
                        -15.65,
                        1,
                        1,
                        6,
                        80.15,
                        -46.9,
                        1,
                        2,
                        5,
                        89.69,
                        -52.09,
                        0.00058,
                        6,
                        33.82,
                        -34.67,
                        0.99942,
                        2,
                        5,
                        55.02,
                        -31.27,
                        0.928,
                        6,
                        -6.6,
                        -35.97,
                        0.072,
                        1,
                        5,
                        -9.96,
                        -25.41,
                        1
                    ],
                    "edges": [
                        0,
                        2,
                        2,
                        4,
                        4,
                        6,
                        6,
                        8,
                        8,
                        10,
                        10,
                        12,
                        12,
                        14,
                        14,
                        16,
                        0,
                        16
                    ]
                }
            },
            "ps_particle/ps_particle_00": {
                "ps_particle/ps_particle_00": {
                    "scaleX": 3,
                    "scaleY": 3,
                    "width": 434,
                    "height": 414
                },
                "ps_particle/ps_particle_01": {
                    "scaleX": 3,
                    "scaleY": 3,
                    "width": 434,
                    "height": 414
                },
                "ps_particle/ps_particle_02": {
                    "scaleX": 3,
                    "scaleY": 3,
                    "width": 434,
                    "height": 414
                },
                "ps_particle/ps_particle_03": {
                    "scaleX": 3,
                    "scaleY": 3,
                    "width": 434,
                    "height": 414
                },
                "ps_particle/ps_particle_04": {
                    "scaleX": 3,
                    "scaleY": 3,
                    "width": 434,
                    "height": 414
                },
                "ps_particle/ps_particle_05": {
                    "scaleX": 3,
                    "scaleY": 3,
                    "width": 434,
                    "height": 414
                },
                "ps_particle/ps_particle_06": {
                    "scaleX": 3,
                    "scaleY": 3,
                    "width": 434,
                    "height": 414
                },
                "ps_particle/ps_particle_07": {
                    "scaleX": 3,
                    "scaleY": 3,
                    "width": 434,
                    "height": 414
                },
                "ps_particle/ps_particle_08": {
                    "scaleX": 3,
                    "scaleY": 3,
                    "width": 434,
                    "height": 414
                },
                "ps_particle/ps_particle_09": {
                    "scaleX": 3,
                    "scaleY": 3,
                    "width": 434,
                    "height": 414
                },
                "ps_particle/ps_particle_10": {
                    "scaleX": 3,
                    "scaleY": 3,
                    "width": 434,
                    "height": 414
                },
                "ps_particle/ps_particle_11": {
                    "scaleX": 3,
                    "scaleY": 3,
                    "width": 434,
                    "height": 414
                },
                "ps_particle/ps_particle_12": {
                    "scaleX": 3,
                    "scaleY": 3,
                    "width": 434,
                    "height": 414
                },
                "ps_particle/ps_particle_13": {
                    "scaleX": 3,
                    "scaleY": 3,
                    "width": 434,
                    "height": 414
                },
                "ps_particle/ps_particle_14": {
                    "scaleX": 3,
                    "scaleY": 3,
                    "width": 434,
                    "height": 414
                }
            },
            "ps_particle/ps_shine": {
                "ps_particle/ps_shine": {
                    "scaleX": 3.5,
                    "scaleY": 3.5,
                    "rotation": -60,
                    "width": 373,
                    "height": 376
                }
            },
            "ps_particle/ps_shine_big": {
                "ps_particle/ps_shine_big": {
                    "scaleX": 1.5,
                    "scaleY": 1.5,
                    "width": 949,
                    "height": 990
                }
            }
        }
    },
    "animations": {
        "win": {
            "slots": {
                "h_orange_shdw": {
                    "color": [
                        {
                            "time": 0,
                            "color": "ff916f7b"
                        },
                        {
                            "time": 0.1667,
                            "color": "ffffff00"
                        }
                    ]
                },
                "ps_particle/ps_particle_00": {
                    "color": [
                        {
                            "time": 0.6,
                            "color": "ffffffff"
                        },
                        {
                            "time": 0.8333,
                            "color": "ffffff00"
                        }
                    ],
                    "attachment": [
                        {
                            "time": 0.1667,
                            "name": "ps_particle/ps_particle_00"
                        },
                        {
                            "time": 0.2,
                            "name": "ps_particle/ps_particle_01"
                        },
                        {
                            "time": 0.2452,
                            "name": "ps_particle/ps_particle_02"
                        },
                        {
                            "time": 0.2905,
                            "name": "ps_particle/ps_particle_03"
                        },
                        {
                            "time": 0.3357,
                            "name": "ps_particle/ps_particle_04"
                        },
                        {
                            "time": 0.3809,
                            "name": "ps_particle/ps_particle_05"
                        },
                        {
                            "time": 0.4262,
                            "name": "ps_particle/ps_particle_06"
                        },
                        {
                            "time": 0.4714,
                            "name": "ps_particle/ps_particle_07"
                        },
                        {
                            "time": 0.5166,
                            "name": "ps_particle/ps_particle_08"
                        },
                        {
                            "time": 0.5618,
                            "name": "ps_particle/ps_particle_09"
                        },
                        {
                            "time": 0.6071,
                            "name": "ps_particle/ps_particle_10"
                        },
                        {
                            "time": 0.6523,
                            "name": "ps_particle/ps_particle_11"
                        },
                        {
                            "time": 0.6975,
                            "name": "ps_particle/ps_particle_12"
                        },
                        {
                            "time": 0.7428,
                            "name": "ps_particle/ps_particle_13"
                        },
                        {
                            "time": 0.788,
                            "name": "ps_particle/ps_particle_14"
                        },
                        {
                            "time": 0.8333,
                            "name": null
                        }
                    ]
                },
                "ps_particle/ps_shine": {
                    "color": [
                        {
                            "time": 0,
                            "color": "ffffff00"
                        },
                        {
                            "time": 0.1667,
                            "color": "ffffff95"
                        }
                    ],
                    "attachment": [
                        {
                            "time": 0,
                            "name": "ps_particle/ps_shine"
                        }
                    ]
                },
                "ps_particle/ps_shine_big": {
                    "color": [
                        {
                            "time": 0,
                            "color": "ffffff00"
                        },
                        {
                            "time": 0.1667,
                            "color": "ffffff95"
                        }
                    ],
                    "attachment": [
                        {
                            "time": 0,
                            "name": "ps_particle/ps_shine_big"
                        }
                    ]
                }
            },
            "bones": {
                "orange_02": {
                    "rotate": [
                        {
                            "time": 0,
                            "angle": 0,
                            "curve": [
                                0.25,
                                0,
                                0.75,
                                1
                            ]
                        },
                        {
                            "time": 0.1333,
                            "angle": -2.69,
                            "curve": [
                                0.25,
                                0,
                                0.75,
                                1
                            ]
                        },
                        {
                            "time": 0.3333,
                            "angle": -1.39,
                            "curve": [
                                0.25,
                                0,
                                0.75,
                                1
                            ]
                        },
                        {
                            "time": 0.4667,
                            "angle": -2.65,
                            "curve": [
                                0.25,
                                0,
                                0.75,
                                1
                            ]
                        },
                        {
                            "time": 0.6667,
                            "angle": -2.65,
                            "curve": [
                                0.25,
                                0,
                                0.75,
                                1
                            ]
                        },
                        {
                            "time": 0.8333,
                            "angle": -3.04,
                            "curve": [
                                0.25,
                                0,
                                0.75,
                                1
                            ]
                        },
                        {
                            "time": 1,
                            "angle": 0
                        }
                    ],
                    "translate": [
                        {
                            "time": 0.2,
                            "x": 0,
                            "y": 0,
                            "curve": [
                                0.25,
                                0,
                                0.243,
                                1.01
                            ]
                        },
                        {
                            "time": 0.3667,
                            "x": 0,
                            "y": 29.61,
                            "curve": [
                                0.223,
                                0.07,
                                0.716,
                                0.9
                            ]
                        },
                        {
                            "time": 0.4667,
                            "x": 0,
                            "y": 72.18,
                            "curve": [
                                0.842,
                                0.01,
                                0.606,
                                0.36
                            ]
                        },
                        {
                            "time": 0.7333,
                            "x": 0,
                            "y": 0
                        }
                    ],
                    "scale": [
                        {
                            "time": 0,
                            "x": 1,
                            "y": 1,
                            "curve": [
                                0.25,
                                0,
                                0.75,
                                1
                            ]
                        },
                        {
                            "time": 0.0667,
                            "x": 1,
                            "y": 1.02,
                            "curve": [
                                0.25,
                                0,
                                0.75,
                                1
                            ]
                        },
                        {
                            "time": 0.1667,
                            "x": 1.029,
                            "y": 0.967,
                            "curve": [
                                0.25,
                                0,
                                0.75,
                                1
                            ]
                        },
                        {
                            "time": 0.2667,
                            "x": 0.971,
                            "y": 1.031,
                            "curve": "stepped"
                        },
                        {
                            "time": 0.3667,
                            "x": 0.971,
                            "y": 1.031,
                            "curve": [
                                0.25,
                                0,
                                0.75,
                                1
                            ]
                        },
                        {
                            "time": 0.4667,
                            "x": 1,
                            "y": 0.98,
                            "curve": [
                                0.25,
                                0,
                                0.75,
                                1
                            ]
                        },
                        {
                            "time": 0.6333,
                            "x": 1,
                            "y": 1.02,
                            "curve": "stepped"
                        },
                        {
                            "time": 0.7333,
                            "x": 1,
                            "y": 1.02,
                            "curve": [
                                0.25,
                                0,
                                0.75,
                                1
                            ]
                        },
                        {
                            "time": 0.8,
                            "x": 1.029,
                            "y": 0.98,
                            "curve": [
                                0.25,
                                0,
                                0.75,
                                1
                            ]
                        },
                        {
                            "time": 0.8667,
                            "x": 1,
                            "y": 1.01,
                            "curve": [
                                0.25,
                                0,
                                0.75,
                                1
                            ]
                        },
                        {
                            "time": 1,
                            "x": 1,
                            "y": 1
                        }
                    ]
                },
                "stick": {
                    "rotate": [
                        {
                            "time": 0,
                            "angle": 0,
                            "curve": [
                                0.25,
                                0,
                                0.75,
                                1
                            ]
                        },
                        {
                            "time": 0.0667,
                            "angle": 3.73,
                            "curve": [
                                0.25,
                                0,
                                0.75,
                                1
                            ]
                        },
                        {
                            "time": 0.2,
                            "angle": 0.48,
                            "curve": [
                                0.25,
                                0,
                                0.75,
                                1
                            ]
                        },
                        {
                            "time": 0.4333,
                            "angle": 6.08,
                            "curve": [
                                0.25,
                                0,
                                0.75,
                                1
                            ]
                        },
                        {
                            "time": 0.6333,
                            "angle": 5.28,
                            "curve": [
                                0.25,
                                0,
                                0.75,
                                1
                            ]
                        },
                        {
                            "time": 0.7333,
                            "angle": 2.13,
                            "curve": [
                                0.25,
                                0,
                                0.75,
                                1
                            ]
                        },
                        {
                            "time": 0.8333,
                            "angle": -2.21,
                            "curve": [
                                0.25,
                                0,
                                0.75,
                                1
                            ]
                        },
                        {
                            "time": 1,
                            "angle": 0
                        }
                    ],
                    "translate": [
                        {
                            "time": 0,
                            "x": 0,
                            "y": 0,
                            "curve": [
                                0.25,
                                0,
                                0.75,
                                1
                            ]
                        },
                        {
                            "time": 0.2,
                            "x": 1.11,
                            "y": -30.11,
                            "curve": [
                                0.25,
                                0,
                                0.75,
                                1
                            ]
                        },
                        {
                            "time": 0.4333,
                            "x": -0.88,
                            "y": 16.76,
                            "curve": "stepped"
                        },
                        {
                            "time": 0.5333,
                            "x": -0.88,
                            "y": 16.76,
                            "curve": [
                                0.25,
                                0,
                                0.75,
                                1
                            ]
                        },
                        {
                            "time": 0.6,
                            "x": 0,
                            "y": 0
                        },
                        {
                            "time": 0.7333,
                            "x": 0.33,
                            "y": -8.16,
                            "curve": [
                                0.25,
                                0,
                                0.75,
                                1
                            ]
                        },
                        {
                            "time": 0.9333,
                            "x": 0,
                            "y": 0
                        }
                    ]
                },
                "bone3": {
                    "rotate": [
                        {
                            "time": 0,
                            "angle": 0,
                            "curve": [
                                0.25,
                                0,
                                0.75,
                                1
                            ]
                        },
                        {
                            "time": 0.1667,
                            "angle": 5.11,
                            "curve": [
                                0.25,
                                0,
                                0.75,
                                1
                            ]
                        },
                        {
                            "time": 0.2667,
                            "angle": -5.26,
                            "curve": [
                                0.25,
                                0,
                                0.75,
                                1
                            ]
                        },
                        {
                            "time": 0.5333,
                            "angle": 2.44,
                            "curve": [
                                0.25,
                                0,
                                0.75,
                                1
                            ]
                        },
                        {
                            "time": 0.7333,
                            "angle": 3.6,
                            "curve": [
                                0.25,
                                0,
                                0.75,
                                1
                            ]
                        },
                        {
                            "time": 0.8667,
                            "angle": -1.99,
                            "curve": [
                                0.25,
                                0,
                                0.75,
                                1
                            ]
                        },
                        {
                            "time": 1,
                            "angle": 0
                        }
                    ]
                },
                "leaf": {
                    "rotate": [
                        {
                            "time": 0,
                            "angle": 0,
                            "curve": [
                                0.25,
                                0,
                                0.75,
                                1
                            ]
                        },
                        {
                            "time": 0.2,
                            "angle": -6.69,
                            "curve": [
                                0.25,
                                0,
                                0.75,
                                1
                            ]
                        },
                        {
                            "time": 0.4,
                            "angle": -0.42,
                            "curve": [
                                0.25,
                                0,
                                0.75,
                                1
                            ]
                        },
                        {
                            "time": 0.6333,
                            "angle": -6.66,
                            "curve": "stepped"
                        },
                        {
                            "time": 0.7333,
                            "angle": -6.66,
                            "curve": [
                                0.601,
                                0,
                                0.75,
                                1
                            ]
                        },
                        {
                            "time": 0.8333,
                            "angle": -1.44,
                            "curve": [
                                0.25,
                                0,
                                0.75,
                                1
                            ]
                        },
                        {
                            "time": 1,
                            "angle": 0
                        }
                    ]
                },
                "bone5": {
                    "rotate": [
                        {
                            "time": 0,
                            "angle": 0,
                            "curve": [
                                0.25,
                                0,
                                0.75,
                                1
                            ]
                        },
                        {
                            "time": 0.1333,
                            "angle": -5.94,
                            "curve": [
                                0.25,
                                0,
                                0.75,
                                1
                            ]
                        },
                        {
                            "time": 0.3333,
                            "angle": 1.29,
                            "curve": "stepped"
                        },
                        {
                            "time": 0.4333,
                            "angle": 1.29,
                            "curve": [
                                0.25,
                                0,
                                0.75,
                                1
                            ]
                        },
                        {
                            "time": 0.6,
                            "angle": -6.24,
                            "curve": [
                                0.25,
                                0,
                                0.75,
                                1
                            ]
                        },
                        {
                            "time": 0.7667,
                            "angle": -12.82,
                            "curve": [
                                0.25,
                                0,
                                0.75,
                                1
                            ]
                        },
                        {
                            "time": 0.8667,
                            "angle": -4.37,
                            "curve": [
                                0.25,
                                0,
                                0.75,
                                1
                            ]
                        },
                        {
                            "time": 1,
                            "angle": 0
                        }
                    ]
                },
                "orange_01": {
                    "rotate": [
                        {
                            "time": 0.0667,
                            "angle": 0
                        },
                        {
                            "time": 0.2,
                            "angle": -7.98,
                            "curve": [
                                0.557,
                                0,
                                0.664,
                                1
                            ]
                        },
                        {
                            "time": 0.5667,
                            "angle": 5.26,
                            "curve": [
                                0.25,
                                0,
                                0.75,
                                1
                            ]
                        },
                        {
                            "time": 0.7,
                            "angle": -1.38,
                            "curve": [
                                0.25,
                                0,
                                0.106,
                                1
                            ]
                        },
                        {
                            "time": 1,
                            "angle": 0
                        }
                    ],
                    "translate": [
                        {
                            "time": 0.1333,
                            "x": 0,
                            "y": 0,
                            "curve": [
                                0.25,
                                0,
                                0.473,
                                1.01
                            ]
                        },
                        {
                            "time": 0.3333,
                            "x": 0,
                            "y": 31.36,
                            "curve": [
                                0.25,
                                0,
                                0.625,
                                0.5
                            ]
                        },
                        {
                            "time": 0.4,
                            "x": 0,
                            "y": 36.36,
                            "curve": [
                                0.375,
                                0.5,
                                0.75,
                                1
                            ]
                        },
                        {
                            "time": 0.4667,
                            "x": 0,
                            "y": 31.36,
                            "curve": [
                                0.585,
                                0,
                                0.907,
                                0.72
                            ]
                        },
                        {
                            "time": 0.6333,
                            "x": 0,
                            "y": 0
                        }
                    ],
                    "scale": [
                        {
                            "time": 0,
                            "x": 1,
                            "y": 1,
                            "curve": [
                                0.25,
                                0,
                                0.75,
                                1
                            ]
                        },
                        {
                            "time": 0.0667,
                            "x": 1.001,
                            "y": 0.98,
                            "curve": [
                                0.25,
                                0,
                                0.75,
                                1
                            ]
                        },
                        {
                            "time": 0.1667,
                            "x": 0.98,
                            "y": 1.02,
                            "curve": "stepped"
                        },
                        {
                            "time": 0.2667,
                            "x": 0.98,
                            "y": 1.02,
                            "curve": [
                                0.25,
                                0,
                                0.75,
                                1
                            ]
                        },
                        {
                            "time": 0.4,
                            "x": 1,
                            "y": 1,
                            "curve": "stepped"
                        },
                        {
                            "time": 0.4667,
                            "x": 1,
                            "y": 1,
                            "curve": [
                                0.25,
                                0,
                                0.75,
                                1
                            ]
                        },
                        {
                            "time": 0.5667,
                            "x": 0.98,
                            "y": 1.02,
                            "curve": [
                                0.25,
                                0,
                                0.75,
                                1
                            ]
                        },
                        {
                            "time": 0.6333,
                            "x": 0.952,
                            "y": 1.02,
                            "curve": [
                                0.25,
                                0,
                                0.75,
                                1
                            ]
                        },
                        {
                            "time": 0.7,
                            "x": 1.01,
                            "y": 0.98,
                            "curve": [
                                0.25,
                                0,
                                0.75,
                                1
                            ]
                        },
                        {
                            "time": 0.8,
                            "x": 0.99,
                            "y": 1.018,
                            "curve": [
                                0.25,
                                0,
                                0.75,
                                1
                            ]
                        },
                        {
                            "time": 0.9333,
                            "x": 1,
                            "y": 1
                        }
                    ]
                },
                "orange_01_ctrl": {
                    "translate": [
                        {
                            "time": 0.2,
                            "x": 0,
                            "y": 0,
                            "curve": [
                                0.25,
                                0,
                                0.75,
                                1
                            ]
                        },
                        {
                            "time": 0.4,
                            "x": 14.59,
                            "y": 15.12
                        },
                        {
                            "time": 0.6333,
                            "x": 22.84,
                            "y": 19.01
                        },
                        {
                            "time": 0.8333,
                            "x": 0,
                            "y": 0
                        }
                    ]
                },
                "bone": {
                    "rotate": [
                        {
                            "time": 0,
                            "angle": 0,
                            "curve": [
                                0.25,
                                0,
                                0.75,
                                1
                            ]
                        },
                        {
                            "time": 0.1333,
                            "angle": -0.65,
                            "curve": [
                                0.25,
                                0,
                                0.023,
                                1
                            ]
                        },
                        {
                            "time": 0.5667,
                            "angle": 0.73,
                            "curve": [
                                0.25,
                                0,
                                0.75,
                                1
                            ]
                        },
                        {
                            "time": 0.7333,
                            "angle": -1.33,
                            "curve": [
                                0.25,
                                0,
                                0.435,
                                1
                            ]
                        },
                        {
                            "time": 0.8667,
                            "angle": 0.26,
                            "curve": [
                                0.25,
                                0,
                                0.75,
                                1
                            ]
                        },
                        {
                            "time": 1,
                            "angle": 0
                        }
                    ]
                },
                "bone2": {
                    "rotate": [
                        {
                            "time": 0.0667,
                            "angle": 0,
                            "curve": [
                                0.25,
                                0,
                                0,
                                1
                            ]
                        },
                        {
                            "time": 0.5667,
                            "angle": 2.74,
                            "curve": [
                                0.25,
                                0,
                                0.75,
                                1
                            ]
                        },
                        {
                            "time": 0.7,
                            "angle": -1.19,
                            "curve": [
                                0.25,
                                0,
                                0.75,
                                1
                            ]
                        },
                        {
                            "time": 0.8333,
                            "angle": 0,
                            "curve": [
                                0.25,
                                0,
                                0.75,
                                1
                            ]
                        },
                        {
                            "time": 0.9333,
                            "angle": 0.59,
                            "curve": [
                                0.25,
                                0,
                                0.75,
                                1
                            ]
                        },
                        {
                            "time": 1,
                            "angle": 0
                        }
                    ]
                },
                "root": {
                    "scale": [
                        {
                            "time": 0,
                            "x": 1,
                            "y": 1,
                            "curve": [
                                0.25,
                                0,
                                0.75,
                                1
                            ]
                        },
                        {
                            "time": 0.1,
                            "x": 0.95,
                            "y": 0.95,
                            "curve": [
                                0.25,
                                0,
                                0.75,
                                1
                            ]
                        },
                        {
                            "time": 0.3,
                            "x": 1.05,
                            "y": 1.05,
                            "curve": [
                                0.25,
                                0,
                                0.75,
                                1
                            ]
                        },
                        {
                            "time": 0.6,
                            "x": 0.98,
                            "y": 0.98,
                            "curve": [
                                0.25,
                                0,
                                0.75,
                                1
                            ]
                        },
                        {
                            "time": 1,
                            "x": 1,
                            "y": 1
                        }
                    ]
                },
                "fx_shine": {
                    "scale": [
                        {
                            "time": 0,
                            "x": 1,
                            "y": 1,
                            "curve": [
                                0.25,
                                0,
                                0.75,
                                1
                            ]
                        },
                        {
                            "time": 0.5,
                            "x": 1.2,
                            "y": 1.2,
                            "curve": [
                                0.25,
                                0,
                                0.75,
                                1
                            ]
                        },
                        {
                            "time": 1,
                            "x": 1,
                            "y": 1
                        }
                    ]
                },
                "fx_shine2": {
                    "scale": [
                        {
                            "time": 0,
                            "x": 1,
                            "y": 1,
                            "curve": [
                                0.25,
                                0,
                                0.75,
                                1
                            ]
                        },
                        {
                            "time": 0.5,
                            "x": 0.756,
                            "y": 0.756,
                            "curve": [
                                0.25,
                                0,
                                0.75,
                                1
                            ]
                        },
                        {
                            "time": 1,
                            "x": 1,
                            "y": 1
                        }
                    ]
                }
            }
        },
        "win_idle": {
            "slots": {
                "h_orange_shdw": {
                    "attachment": [
                        {
                            "time": 0,
                            "name": null
                        }
                    ]
                },
                "ps_particle/ps_shine": {
                    "attachment": [
                        {
                            "time": 0,
                            "name": "ps_particle/ps_shine"
                        }
                    ]
                },
                "ps_particle/ps_shine_big": {
                    "attachment": [
                        {
                            "time": 0,
                            "name": "ps_particle/ps_shine_big"
                        }
                    ]
                }
            },
            "bones": {
                "fx_shine2": {
                    "scale": [
                        {
                            "time": 0,
                            "x": 1,
                            "y": 1,
                            "curve": [
                                0.25,
                                0,
                                0.75,
                                1
                            ]
                        },
                        {
                            "time": 0.5,
                            "x": 0.756,
                            "y": 0.756,
                            "curve": [
                                0.25,
                                0,
                                0.75,
                                1
                            ]
                        },
                        {
                            "time": 1,
                            "x": 1,
                            "y": 1
                        }
                    ]
                },
                "fx_shine": {
                    "scale": [
                        {
                            "time": 0,
                            "x": 1,
                            "y": 1,
                            "curve": [
                                0.25,
                                0,
                                0.75,
                                1
                            ]
                        },
                        {
                            "time": 0.5,
                            "x": 1.2,
                            "y": 1.2,
                            "curve": [
                                0.25,
                                0,
                                0.75,
                                1
                            ]
                        },
                        {
                            "time": 1,
                            "x": 1,
                            "y": 1
                        }
                    ]
                },
                "scale": {
                    "scale": [
                        {
                            "time": 0,
                            "x": 1,
                            "y": 1,
                            "curve": [
                                0.25,
                                0,
                                0.75,
                                1
                            ]
                        },
                        {
                            "time": 0.4,
                            "x": 1.02,
                            "y": 1.02,
                            "curve": [
                                0.25,
                                0,
                                0.75,
                                1
                            ]
                        },
                        {
                            "time": 1,
                            "x": 1,
                            "y": 1
                        }
                    ]
                }
            }
        }
    }
}