{
    "skeleton": {
        "hash": "XpYD2CQytpJe1YUITKfwzi7ou2I",
        "spine": "3.6.53",
        "width": 329.13,
        "height": 352.06,
        "images": "./images/"
    },
    "bones": [
        {
            "name": "root",
            "scaleX": 0.32,
            "scaleY": 0.31
        },
        {
            "name": "_shdw",
            "parent": "root",
            "x": -19.19,
            "transform": "noScale"
        },
        {
            "name": "h_angpow",
            "parent": "root",
            "scaleX": 1.064,
            "scaleY": 1.064,
            "color": "89ff00ff"
        },
        {
            "name": "angpow_01",
            "parent": "h_angpow",
            "length": 303.08,
            "rotation": 106.58,
            "x": 67.06,
            "y": -353.57
        },
        {
            "name": "angpow_02",
            "parent": "h_angpow",
            "length": 315.32,
            "rotation": 92.58,
            "x": 108.77,
            "y": -349.38,
            "scaleX": 0.993,
            "scaleY": 0.993
        },
        {
            "name": "angpow_03",
            "parent": "h_angpow",
            "length": 336.02,
            "rotation": 72.33,
            "x": 91.63,
            "y": -346.48,
            "scaleX": 0.986,
            "scaleY": 0.986
        },
        {
            "name": "bone2",
            "parent": "angpow_01",
            "length": 201.68,
            "rotation": 2.08,
            "x": 323.48,
            "y": 0.66
        },
        {
            "name": "cash",
            "parent": "bone2",
            "length": 137.14,
            "rotation": -4.5,
            "x": 136.51,
            "y": 37.01
        },
        {
            "name": "bone4",
            "parent": "cash",
            "length": 159.27,
            "rotation": 5.74,
            "x": 176.6,
            "y": 3.35
        },
        {
            "name": "bone6",
            "parent": "angpow_02",
            "length": 293.34,
            "rotation": -0.06,
            "x": 407.18,
            "y": 2.32
        },
        {
            "name": "bone_07",
            "parent": "angpow_03",
            "length": 330.66,
            "rotation": 3.2,
            "x": 363.7,
            "y": -6.09
        },
        {
            "name": "fx_shine",
            "parent": "root",
            "rotation": -60.42
        },
        {
            "name": "fx_shine02",
            "parent": "root",
            "rotation": -0.54
        }
    ],
    "slots": [
        {
            "name": "_angpoa_shdw",
            "bone": "_shdw",
            "color": "ff916f7b",
            "attachment": "h_angpao_shdw_1"
        },
        {
            "name": "ps_particle/ps_shine_big",
            "bone": "fx_shine02",
            "blend": "additive"
        },
        {
            "name": "ps_particle/ps_shine",
            "bone": "fx_shine",
            "color": "ffffff95",
            "blend": "additive"
        },
        {
            "name": "h_ap_angpao_03",
            "bone": "angpow_03",
            "attachment": "h_ap_angpao_03_1"
        },
        {
            "name": "h_ap_angpao_02",
            "bone": "angpow_02",
            "attachment": "h_ap_angpao_02_1"
        },
        {
            "name": "h_ap_angpao_01",
            "bone": "angpow_01",
            "attachment": "h_ap_angpao_01_1"
        },
        {
            "name": "h_ap_cash",
            "bone": "cash",
            "attachment": "h_ap_cash_1"
        },
        {
            "name": "h_ap_cover",
            "bone": "angpow_01",
            "attachment": "h_ap_cover_1"
        },
        {
            "name": "ps_particle/ps_particle_00",
            "bone": "root",
            "blend": "additive"
        }
    ],
    "skins": {
        "default": {
            "_angpoa_shdw": {
                "h_angpao_shdw_1": {
                    "x": 5.54,
                    "y": 0.39,
                    "scaleX": 1.052,
                    "scaleY": 1.057,
                    "width": 313,
                    "height": 333
                }
            },
            "h_ap_angpao_01": {
                "h_ap_angpao_01_1": {
                    "type": "mesh",
                    "hull": 13,
                    "width": 196,
                    "height": 256,
                    "uvs": [
                        0,
                        0.20977,
                        0.11485,
                        0.51812,
                        0.25313,
                        0.80188,
                        0.36969,
                        1,
                        0.49988,
                        0.98399,
                        0.72863,
                        0.90519,
                        0.87924,
                        0.8533,
                        1,
                        0.78804,
                        0.99382,
                        0.57376,
                        0.79443,
                        0.27915,
                        0.6252,
                        0.01716,
                        0.37843,
                        0,
                        0.11942,
                        0.02379,
                        0.48813,
                        0.34366,
                        0.65081,
                        0.6804,
                        0.33721,
                        0.10398
                    ],
                    "triangles": [
                        15,
                        12,
                        11,
                        0,
                        12,
                        15,
                        10,
                        15,
                        11,
                        13,
                        10,
                        9,
                        13,
                        15,
                        10,
                        1,
                        0,
                        15,
                        1,
                        15,
                        13,
                        14,
                        13,
                        9,
                        2,
                        1,
                        13,
                        14,
                        9,
                        8,
                        6,
                        14,
                        8,
                        2,
                        13,
                        14,
                        7,
                        6,
                        8,
                        5,
                        14,
                        6,
                        4,
                        2,
                        14,
                        4,
                        14,
                        5,
                        3,
                        2,
                        4
                    ],
                    "vertices": [
                        1,
                        6,
                        360.8,
                        273.61,
                        1,
                        2,
                        3,
                        408.95,
                        290.32,
                        0.12963,
                        6,
                        95.94,
                        286.36,
                        0.87037,
                        2,
                        3,
                        159.06,
                        273.4,
                        0.79525,
                        6,
                        -154.4,
                        278.54,
                        0.20475,
                        2,
                        3,
                        -19.04,
                        249.44,
                        0.98311,
                        6,
                        -333.24,
                        261.08,
                        0.01689,
                        2,
                        3,
                        -29.86,
                        166.68,
                        0.99381,
                        6,
                        -347.07,
                        178.76,
                        0.00619,
                        1,
                        3,
                        -8.73,
                        9.31,
                        1,
                        1,
                        3,
                        5.19,
                        -94.31,
                        1,
                        2,
                        3,
                        35.1,
                        -182.97,
                        0.99689,
                        6,
                        -294.87,
                        -173.02,
                        0.00311,
                        2,
                        3,
                        206.06,
                        -229.8,
                        0.82352,
                        6,
                        -125.73,
                        -226.03,
                        0.17648,
                        2,
                        3,
                        475.58,
                        -178.36,
                        0.02834,
                        6,
                        145.49,
                        -184.44,
                        0.97166,
                        1,
                        6,
                        385.04,
                        -152.3,
                        1,
                        1,
                        6,
                        448.48,
                        -8.86,
                        1,
                        1,
                        6,
                        482.32,
                        152.77,
                        1,
                        1,
                        6,
                        157.01,
                        16.32,
                        1,
                        2,
                        3,
                        183.49,
                        3.47,
                        0.99901,
                        6,
                        -139.79,
                        7.9,
                        0.00099,
                        1,
                        6,
                        375.37,
                        43.38,
                        1
                    ],
                    "edges": [
                        0,
                        2,
                        2,
                        4,
                        4,
                        6,
                        12,
                        14,
                        14,
                        16,
                        16,
                        18,
                        18,
                        20,
                        20,
                        22,
                        22,
                        24,
                        0,
                        24,
                        6,
                        8,
                        8,
                        10,
                        10,
                        12,
                        0,
                        30
                    ]
                }
            },
            "h_ap_angpao_02": {
                "h_ap_angpao_02_1": {
                    "type": "mesh",
                    "hull": 12,
                    "width": 142,
                    "height": 230,
                    "uvs": [
                        0,
                        0,
                        0.51234,
                        0,
                        0.94239,
                        0.03274,
                        0.96724,
                        0.22347,
                        0.98952,
                        0.4481,
                        0.99999,
                        0.65905,
                        1,
                        0.95655,
                        0.5418,
                        1,
                        0,
                        0.99846,
                        0.00001,
                        0.71987,
                        0.00001,
                        0.46146,
                        0,
                        0.24411,
                        0.51823,
                        0.21847,
                        0.54217,
                        0.74419,
                        0.52793,
                        0.47855
                    ],
                    "triangles": [
                        10,
                        12,
                        14,
                        14,
                        3,
                        4,
                        14,
                        12,
                        3,
                        10,
                        11,
                        12,
                        12,
                        0,
                        1,
                        12,
                        11,
                        0,
                        12,
                        2,
                        3,
                        12,
                        1,
                        2,
                        7,
                        13,
                        6,
                        7,
                        8,
                        13,
                        8,
                        9,
                        13,
                        13,
                        5,
                        6,
                        9,
                        14,
                        13,
                        13,
                        14,
                        5,
                        9,
                        10,
                        14,
                        14,
                        4,
                        5
                    ],
                    "vertices": [
                        1,
                        9,
                        324.47,
                        262.25,
                        1,
                        1,
                        9,
                        314.12,
                        27.31,
                        1,
                        1,
                        9,
                        281.16,
                        -168.82,
                        1,
                        2,
                        4,
                        546.28,
                        -171.81,
                        0.03425,
                        9,
                        139.28,
                        -173.99,
                        0.96575,
                        2,
                        4,
                        379.31,
                        -174.52,
                        0.51141,
                        9,
                        -27.69,
                        -176.87,
                        0.48859,
                        2,
                        4,
                        222.73,
                        -172.27,
                        0.79433,
                        9,
                        -184.27,
                        -174.78,
                        0.20567,
                        1,
                        4,
                        2.21,
                        -162.34,
                        1,
                        1,
                        4,
                        -20.53,
                        49.22,
                        1,
                        2,
                        4,
                        -8.18,
                        297.6,
                        0.99987,
                        9,
                        -415.67,
                        294.85,
                        0.00013,
                        2,
                        4,
                        198.32,
                        288.29,
                        0.71289,
                        9,
                        -209.16,
                        285.75,
                        0.28711,
                        2,
                        4,
                        389.87,
                        279.65,
                        0.37322,
                        9,
                        -17.6,
                        277.31,
                        0.62678,
                        2,
                        4,
                        550.98,
                        272.39,
                        0.06645,
                        9,
                        143.52,
                        270.22,
                        0.93355,
                        1,
                        9,
                        152.05,
                        31.74,
                        1,
                        2,
                        4,
                        169.08,
                        40.5,
                        0.97547,
                        9,
                        -238.14,
                        37.93,
                        0.02453,
                        2,
                        4,
                        366.28,
                        38.15,
                        0.48609,
                        9,
                        -40.94,
                        35.79,
                        0.51391
                    ],
                    "edges": [
                        0,
                        2,
                        2,
                        4,
                        4,
                        6,
                        10,
                        12,
                        12,
                        14,
                        14,
                        16,
                        16,
                        18,
                        0,
                        22,
                        18,
                        20,
                        20,
                        22,
                        6,
                        8,
                        8,
                        10
                    ]
                }
            },
            "h_ap_angpao_03": {
                "h_ap_angpao_03_1": {
                    "type": "mesh",
                    "hull": 11,
                    "width": 140,
                    "height": 246,
                    "uvs": [
                        0.05667,
                        0.55872,
                        0.01777,
                        0.3851,
                        0.09266,
                        0.15845,
                        0.25105,
                        0,
                        0.69266,
                        0.09859,
                        1,
                        0.22094,
                        0.91417,
                        0.4953,
                        0.88679,
                        0.58237,
                        0.8523,
                        0.68222,
                        0.61516,
                        1,
                        0.22717,
                        1,
                        0.56175,
                        0.3271,
                        0.43152,
                        0.57726,
                        0.48376,
                        0.47296
                    ],
                    "triangles": [
                        7,
                        11,
                        6,
                        6,
                        11,
                        5,
                        5,
                        11,
                        4,
                        11,
                        13,
                        2,
                        13,
                        1,
                        2,
                        2,
                        3,
                        11,
                        11,
                        3,
                        4,
                        10,
                        12,
                        9,
                        9,
                        12,
                        8,
                        10,
                        0,
                        12,
                        12,
                        13,
                        8,
                        8,
                        13,
                        7,
                        13,
                        11,
                        7,
                        13,
                        12,
                        1,
                        12,
                        0,
                        1
                    ],
                    "vertices": [
                        2,
                        5,
                        284.94,
                        186.47,
                        0.93054,
                        10,
                        -67.89,
                        196.65,
                        0.06946,
                        2,
                        5,
                        411.11,
                        245.15,
                        0.41306,
                        10,
                        61.35,
                        248.2,
                        0.58694,
                        2,
                        5,
                        593.09,
                        267.51,
                        0.02806,
                        10,
                        244.3,
                        260.37,
                        0.97194,
                        2,
                        5,
                        734.89,
                        237.38,
                        0.00003,
                        10,
                        384.2,
                        222.38,
                        0.99997,
                        1,
                        10,
                        358.3,
                        9.09,
                        1,
                        1,
                        10,
                        298.9,
                        -150.03,
                        1,
                        1,
                        10,
                        77.99,
                        -166.88,
                        1,
                        2,
                        5,
                        381.16,
                        -177.54,
                        0.52107,
                        10,
                        7.86,
                        -172.17,
                        0.47893,
                        2,
                        5,
                        300.78,
                        -186.76,
                        0.96319,
                        10,
                        -72.9,
                        -176.88,
                        0.03681,
                        2,
                        5,
                        27.46,
                        -161.08,
                        0.99615,
                        10,
                        -344.37,
                        -135.99,
                        0.00385,
                        1,
                        5,
                        -25.89,
                        6.39,
                        1,
                        2,
                        5,
                        529.84,
                        24.35,
                        0.00096,
                        10,
                        167.58,
                        21.11,
                        0.99904,
                        2,
                        5,
                        322.43,
                        20.2,
                        0.9992,
                        10,
                        -39.74,
                        28.54,
                        0.0008,
                        1,
                        5,
                        408.62,
                        22.81,
                        1
                    ],
                    "edges": [
                        2,
                        4,
                        4,
                        6,
                        6,
                        8,
                        8,
                        10,
                        10,
                        12,
                        18,
                        20,
                        2,
                        0,
                        0,
                        20,
                        0,
                        24,
                        16,
                        18,
                        12,
                        14,
                        14,
                        16
                    ]
                }
            },
            "h_ap_cash": {
                "h_ap_cash_1": {
                    "type": "mesh",
                    "hull": 10,
                    "width": 149,
                    "height": 130,
                    "uvs": [
                        0,
                        0.43867,
                        0.15881,
                        0.70434,
                        0.26371,
                        1,
                        0.74336,
                        0.88079,
                        1,
                        0.65973,
                        0.9072,
                        0.28489,
                        0.83462,
                        0.02982,
                        0.71251,
                        0,
                        0.39554,
                        0.0967,
                        0,
                        0.27065,
                        0.60572,
                        0.52355
                    ],
                    "triangles": [
                        10,
                        8,
                        7,
                        5,
                        10,
                        7,
                        5,
                        7,
                        6,
                        8,
                        0,
                        9,
                        10,
                        0,
                        8,
                        10,
                        1,
                        0,
                        10,
                        5,
                        4,
                        3,
                        10,
                        4,
                        2,
                        1,
                        10,
                        3,
                        2,
                        10
                    ],
                    "vertices": [
                        2,
                        7,
                        259.52,
                        271.7,
                        0.08642,
                        8,
                        109.32,
                        258.71,
                        0.91358,
                        2,
                        7,
                        132.08,
                        224.92,
                        0.43074,
                        8,
                        -22.15,
                        224.9,
                        0.56926,
                        2,
                        7,
                        -1.27,
                        206.43,
                        0.77932,
                        8,
                        -156.68,
                        219.84,
                        0.22068,
                        1,
                        7,
                        -9.08,
                        -30.04,
                        1,
                        2,
                        7,
                        51.1,
                        -172.81,
                        0.90719,
                        8,
                        -142.49,
                        -162.74,
                        0.09281,
                        2,
                        7,
                        215.42,
                        -168.16,
                        0.28773,
                        8,
                        21.48,
                        -174.53,
                        0.71227,
                        2,
                        7,
                        328.35,
                        -160.58,
                        0.03125,
                        8,
                        134.6,
                        -178.28,
                        0.96875,
                        2,
                        7,
                        354.95,
                        -106.59,
                        0.00664,
                        8,
                        166.47,
                        -127.22,
                        0.99336,
                        1,
                        8,
                        180.11,
                        30.32,
                        1,
                        2,
                        7,
                        328.27,
                        254.34,
                        0.04296,
                        8,
                        175.99,
                        234.57,
                        0.95704,
                        2,
                        7,
                        153.33,
                        -2.61,
                        0.63517,
                        8,
                        -23.75,
                        -3.61,
                        0.36483
                    ],
                    "edges": [
                        0,
                        2,
                        2,
                        4,
                        4,
                        6,
                        6,
                        8,
                        8,
                        10,
                        10,
                        12,
                        12,
                        14,
                        14,
                        16,
                        16,
                        18,
                        0,
                        18
                    ]
                }
            },
            "h_ap_cover": {
                "h_ap_cover_1": {
                    "type": "mesh",
                    "hull": 10,
                    "width": 185,
                    "height": 203,
                    "uvs": [
                        0,
                        0.16904,
                        0.39836,
                        0.20067,
                        0.66262,
                        0,
                        0.84024,
                        0.25801,
                        0.94855,
                        0.53281,
                        1,
                        0.75424,
                        0.70595,
                        0.87484,
                        0.33121,
                        1,
                        0.21207,
                        0.7582,
                        0.08644,
                        0.43792,
                        0.44601,
                        0.32523,
                        0.59547,
                        0.66725
                    ],
                    "triangles": [
                        10,
                        1,
                        2,
                        3,
                        10,
                        2,
                        9,
                        0,
                        1,
                        9,
                        1,
                        10,
                        11,
                        10,
                        3,
                        8,
                        9,
                        10,
                        11,
                        3,
                        4,
                        11,
                        4,
                        5,
                        8,
                        10,
                        11,
                        6,
                        11,
                        5,
                        7,
                        8,
                        11,
                        7,
                        11,
                        6
                    ],
                    "vertices": [
                        1,
                        6,
                        320.64,
                        251.3,
                        1,
                        1,
                        6,
                        225.08,
                        32.97,
                        1,
                        1,
                        6,
                        298.82,
                        -158.18,
                        1,
                        2,
                        3,
                        436.17,
                        -199.93,
                        0.08781,
                        6,
                        105.32,
                        -204.55,
                        0.91219,
                        2,
                        3,
                        245.76,
                        -210.58,
                        0.7384,
                        6,
                        -85.35,
                        -208.27,
                        0.2616,
                        2,
                        3,
                        98.43,
                        -198.7,
                        0.97855,
                        6,
                        -232.15,
                        -191.04,
                        0.02145,
                        1,
                        3,
                        72.97,
                        -8.26,
                        1,
                        2,
                        3,
                        58.38,
                        229.12,
                        0.99384,
                        6,
                        -256.61,
                        237.95,
                        0.00616,
                        2,
                        3,
                        229.98,
                        252.11,
                        0.76527,
                        6,
                        -84.29,
                        254.68,
                        0.23473,
                        2,
                        3,
                        451.79,
                        264.18,
                        0.10333,
                        6,
                        137.81,
                        258.68,
                        0.89667,
                        1,
                        6,
                        138.94,
                        32.1,
                        1,
                        1,
                        3,
                        221.68,
                        16.16,
                        1
                    ],
                    "edges": [
                        0,
                        2,
                        2,
                        4,
                        4,
                        6,
                        6,
                        8,
                        8,
                        10,
                        10,
                        12,
                        12,
                        14,
                        14,
                        16,
                        16,
                        18,
                        0,
                        18
                    ]
                }
            },
            "ps_particle/ps_particle_00": {
                "ps_particle/ps_particle_00": {
                    "scaleX": 3,
                    "scaleY": 3,
                    "width": 434,
                    "height": 414
                },
                "ps_particle/ps_particle_01": {
                    "scaleX": 3,
                    "scaleY": 3,
                    "width": 434,
                    "height": 414
                },
                "ps_particle/ps_particle_02": {
                    "scaleX": 3,
                    "scaleY": 3,
                    "width": 434,
                    "height": 414
                },
                "ps_particle/ps_particle_03": {
                    "scaleX": 3,
                    "scaleY": 3,
                    "width": 434,
                    "height": 414
                },
                "ps_particle/ps_particle_04": {
                    "scaleX": 3,
                    "scaleY": 3,
                    "width": 434,
                    "height": 414
                },
                "ps_particle/ps_particle_05": {
                    "scaleX": 3,
                    "scaleY": 3,
                    "width": 434,
                    "height": 414
                },
                "ps_particle/ps_particle_06": {
                    "scaleX": 3,
                    "scaleY": 3,
                    "width": 434,
                    "height": 414
                },
                "ps_particle/ps_particle_07": {
                    "scaleX": 3,
                    "scaleY": 3,
                    "width": 434,
                    "height": 414
                },
                "ps_particle/ps_particle_08": {
                    "scaleX": 3,
                    "scaleY": 3,
                    "width": 434,
                    "height": 414
                },
                "ps_particle/ps_particle_09": {
                    "scaleX": 3,
                    "scaleY": 3,
                    "width": 434,
                    "height": 414
                },
                "ps_particle/ps_particle_10": {
                    "scaleX": 3,
                    "scaleY": 3,
                    "width": 434,
                    "height": 414
                },
                "ps_particle/ps_particle_11": {
                    "scaleX": 3,
                    "scaleY": 3,
                    "width": 434,
                    "height": 414
                },
                "ps_particle/ps_particle_12": {
                    "scaleX": 3,
                    "scaleY": 3,
                    "width": 434,
                    "height": 414
                },
                "ps_particle/ps_particle_13": {
                    "scaleX": 3,
                    "scaleY": 3,
                    "width": 434,
                    "height": 414
                },
                "ps_particle/ps_particle_14": {
                    "scaleX": 3,
                    "scaleY": 3,
                    "width": 434,
                    "height": 414
                }
            },
            "ps_particle/ps_shine": {
                "ps_particle/ps_shine": {
                    "x": 4.26,
                    "y": 8.53,
                    "scaleX": 3.5,
                    "scaleY": 3.5,
                    "rotation": 0.42,
                    "width": 373,
                    "height": 376
                }
            },
            "ps_particle/ps_shine_big": {
                "ps_particle/ps_shine_big": {
                    "x": 4.26,
                    "y": 8.53,
                    "scaleX": 1.5,
                    "scaleY": 1.5,
                    "rotation": 0.54,
                    "width": 949,
                    "height": 990
                }
            }
        }
    },
    "animations": {
        "win": {
            "slots": {
                "_angpoa_shdw": {
                    "color": [
                        {
                            "time": 0,
                            "color": "ff916f7b"
                        },
                        {
                            "time": 0.1667,
                            "color": "ffffff00"
                        }
                    ]
                },
                "ps_particle/ps_particle_00": {
                    "color": [
                        {
                            "time": 0.6333,
                            "color": "ffffffff"
                        },
                        {
                            "time": 0.8667,
                            "color": "ffffff00"
                        }
                    ],
                    "attachment": [
                        {
                            "time": 0.1667,
                            "name": "ps_particle/ps_particle_00"
                        },
                        {
                            "time": 0.2,
                            "name": "ps_particle/ps_particle_01"
                        },
                        {
                            "time": 0.2488,
                            "name": "ps_particle/ps_particle_02"
                        },
                        {
                            "time": 0.2976,
                            "name": "ps_particle/ps_particle_03"
                        },
                        {
                            "time": 0.3465,
                            "name": "ps_particle/ps_particle_04"
                        },
                        {
                            "time": 0.3953,
                            "name": "ps_particle/ps_particle_05"
                        },
                        {
                            "time": 0.4441,
                            "name": "ps_particle/ps_particle_06"
                        },
                        {
                            "time": 0.4929,
                            "name": "ps_particle/ps_particle_07"
                        },
                        {
                            "time": 0.5418,
                            "name": "ps_particle/ps_particle_08"
                        },
                        {
                            "time": 0.5906,
                            "name": "ps_particle/ps_particle_09"
                        },
                        {
                            "time": 0.6394,
                            "name": "ps_particle/ps_particle_10"
                        },
                        {
                            "time": 0.6882,
                            "name": "ps_particle/ps_particle_11"
                        },
                        {
                            "time": 0.737,
                            "name": "ps_particle/ps_particle_12"
                        },
                        {
                            "time": 0.7859,
                            "name": "ps_particle/ps_particle_13"
                        },
                        {
                            "time": 0.8347,
                            "name": "ps_particle/ps_particle_14"
                        },
                        {
                            "time": 0.8667,
                            "name": null
                        }
                    ]
                },
                "ps_particle/ps_shine": {
                    "color": [
                        {
                            "time": 0,
                            "color": "ffffff00"
                        },
                        {
                            "time": 0.1667,
                            "color": "ffffff95"
                        }
                    ],
                    "attachment": [
                        {
                            "time": 0,
                            "name": "ps_particle/ps_shine"
                        }
                    ]
                },
                "ps_particle/ps_shine_big": {
                    "color": [
                        {
                            "time": 0,
                            "color": "ffffff00"
                        },
                        {
                            "time": 0.1667,
                            "color": "ffffffff"
                        }
                    ],
                    "attachment": [
                        {
                            "time": 0,
                            "name": "ps_particle/ps_shine_big"
                        }
                    ]
                }
            },
            "bones": {
                "h_angpow": {
                    "scale": [
                        {
                            "time": 0,
                            "x": 1,
                            "y": 1,
                            "curve": [
                                0.25,
                                0,
                                0.75,
                                1
                            ]
                        },
                        {
                            "time": 0.1,
                            "x": 0.874,
                            "y": 0.874,
                            "curve": [
                                0.25,
                                0,
                                0.75,
                                1
                            ]
                        },
                        {
                            "time": 0.2667,
                            "x": 1.08,
                            "y": 1.08,
                            "curve": [
                                0.25,
                                0,
                                0.75,
                                1
                            ]
                        },
                        {
                            "time": 0.6,
                            "x": 0.95,
                            "y": 0.95,
                            "curve": [
                                0.25,
                                0,
                                0.75,
                                1
                            ]
                        },
                        {
                            "time": 1,
                            "x": 1,
                            "y": 1
                        }
                    ]
                },
                "angpow_01": {
                    "rotate": [
                        {
                            "time": 0.1333,
                            "angle": 0,
                            "curve": [
                                0.25,
                                0,
                                0.75,
                                1
                            ]
                        },
                        {
                            "time": 0.2667,
                            "angle": -1.72,
                            "curve": [
                                0.25,
                                0,
                                0.75,
                                1
                            ]
                        },
                        {
                            "time": 0.4667,
                            "angle": 2.69,
                            "curve": [
                                0.25,
                                0,
                                0.75,
                                1
                            ]
                        },
                        {
                            "time": 0.6667,
                            "angle": -1.2,
                            "curve": [
                                0.25,
                                0,
                                0.75,
                                1
                            ]
                        },
                        {
                            "time": 0.8667,
                            "angle": 0
                        }
                    ],
                    "translate": [
                        {
                            "time": 0,
                            "x": 0,
                            "y": 0,
                            "curve": "stepped"
                        },
                        {
                            "time": 0.1333,
                            "x": 0,
                            "y": 0
                        },
                        {
                            "time": 0.3,
                            "x": -25.38,
                            "y": 65.98,
                            "curve": [
                                0.25,
                                0,
                                0.75,
                                1
                            ]
                        },
                        {
                            "time": 0.5667,
                            "x": 16.97,
                            "y": -21.21
                        },
                        {
                            "time": 0.8,
                            "x": 0,
                            "y": 0
                        }
                    ]
                },
                "angpow_02": {
                    "rotate": [
                        {
                            "time": 0.2333,
                            "angle": 0,
                            "curve": [
                                0.25,
                                0,
                                0.75,
                                1
                            ]
                        },
                        {
                            "time": 0.4667,
                            "angle": -1.16,
                            "curve": [
                                0.25,
                                0,
                                0.75,
                                1
                            ]
                        },
                        {
                            "time": 0.7333,
                            "angle": 0
                        }
                    ],
                    "translate": [
                        {
                            "time": 0.2333,
                            "x": 0,
                            "y": 0
                        },
                        {
                            "time": 0.4,
                            "x": -25.38,
                            "y": 65.98,
                            "curve": [
                                0.25,
                                0,
                                0.75,
                                1
                            ]
                        },
                        {
                            "time": 0.6667,
                            "x": 16.97,
                            "y": -21.21
                        },
                        {
                            "time": 0.9,
                            "x": 0,
                            "y": 0
                        }
                    ]
                },
                "angpow_03": {
                    "rotate": [
                        {
                            "time": 0.3667,
                            "angle": 0,
                            "curve": [
                                0.25,
                                0,
                                0.75,
                                1
                            ]
                        },
                        {
                            "time": 0.5333,
                            "angle": -2.34,
                            "curve": [
                                0.25,
                                0,
                                0.75,
                                1
                            ]
                        },
                        {
                            "time": 0.8,
                            "angle": 0.05,
                            "curve": [
                                0.25,
                                0,
                                0.75,
                                1
                            ]
                        },
                        {
                            "time": 0.9667,
                            "angle": 0
                        }
                    ],
                    "translate": [
                        {
                            "time": 0.3,
                            "x": 0,
                            "y": 0
                        },
                        {
                            "time": 0.4667,
                            "x": 19.37,
                            "y": 65.98,
                            "curve": [
                                0.25,
                                0,
                                0.75,
                                1
                            ]
                        },
                        {
                            "time": 0.7333,
                            "x": 14.14,
                            "y": -32.54
                        },
                        {
                            "time": 0.9667,
                            "x": 0,
                            "y": 0
                        }
                    ]
                },
                "bone2": {
                    "rotate": [
                        {
                            "time": 0.1333,
                            "angle": 0,
                            "curve": [
                                0.25,
                                0,
                                0.75,
                                1
                            ]
                        },
                        {
                            "time": 0.3333,
                            "angle": -3.7,
                            "curve": [
                                0.25,
                                0,
                                0.75,
                                1
                            ]
                        },
                        {
                            "time": 0.6,
                            "angle": 6.04,
                            "curve": [
                                0.25,
                                0,
                                0.75,
                                1
                            ]
                        },
                        {
                            "time": 0.8333,
                            "angle": -2.22,
                            "curve": [
                                0.25,
                                0,
                                0.75,
                                1
                            ]
                        },
                        {
                            "time": 1,
                            "angle": 0
                        }
                    ],
                    "translate": [
                        {
                            "time": 0.3333,
                            "x": 0,
                            "y": 0
                        },
                        {
                            "time": 0.6,
                            "x": -11.75,
                            "y": 3.48
                        },
                        {
                            "time": 0.8333,
                            "x": 0,
                            "y": 0
                        }
                    ]
                },
                "cash": {
                    "rotate": [
                        {
                            "time": 0.1333,
                            "angle": 0,
                            "curve": [
                                0.25,
                                0,
                                0.75,
                                1
                            ]
                        },
                        {
                            "time": 0.4,
                            "angle": -3.79,
                            "curve": [
                                0.25,
                                0,
                                0.75,
                                1
                            ]
                        },
                        {
                            "time": 0.6667,
                            "angle": 1.62,
                            "curve": [
                                0.25,
                                0,
                                0.75,
                                1
                            ]
                        },
                        {
                            "time": 0.9333,
                            "angle": 0
                        }
                    ],
                    "translate": [
                        {
                            "time": 0.1333,
                            "x": 0,
                            "y": 0,
                            "curve": [
                                0.25,
                                0,
                                0.75,
                                1
                            ]
                        },
                        {
                            "time": 0.3333,
                            "x": -16.08,
                            "y": 4.63,
                            "curve": [
                                0.25,
                                0,
                                0.75,
                                1
                            ]
                        },
                        {
                            "time": 0.5333,
                            "x": 11.6,
                            "y": 3.07,
                            "curve": [
                                0.25,
                                0,
                                0.75,
                                1
                            ]
                        },
                        {
                            "time": 0.8333,
                            "x": 0,
                            "y": 0
                        }
                    ]
                },
                "bone4": {
                    "rotate": [
                        {
                            "time": 0.1333,
                            "angle": 0,
                            "curve": [
                                0.25,
                                0,
                                0.75,
                                1
                            ]
                        },
                        {
                            "time": 0.3,
                            "angle": 9.01,
                            "curve": [
                                0.25,
                                0,
                                0.75,
                                1
                            ]
                        },
                        {
                            "time": 0.4667,
                            "angle": -6.91,
                            "curve": [
                                0.25,
                                0,
                                0.75,
                                1
                            ]
                        },
                        {
                            "time": 0.6667,
                            "angle": 1.08,
                            "curve": [
                                0.25,
                                0,
                                0.75,
                                1
                            ]
                        },
                        {
                            "time": 0.8333,
                            "angle": -4.64,
                            "curve": [
                                0.25,
                                0,
                                0.75,
                                1
                            ]
                        },
                        {
                            "time": 1,
                            "angle": 0
                        }
                    ]
                },
                "bone6": {
                    "rotate": [
                        {
                            "time": 0.1333,
                            "angle": 0
                        },
                        {
                            "time": 0.3333,
                            "angle": 5.76
                        },
                        {
                            "time": 0.5667,
                            "angle": -2.63
                        },
                        {
                            "time": 0.7667,
                            "angle": 3.88
                        },
                        {
                            "time": 1,
                            "angle": 0
                        }
                    ]
                },
                "bone_07": {
                    "rotate": [
                        {
                            "time": 0.4,
                            "angle": 0,
                            "curve": [
                                0.25,
                                0,
                                0.75,
                                1
                            ]
                        },
                        {
                            "time": 0.6333,
                            "angle": -5.79,
                            "curve": [
                                0.25,
                                0,
                                0.75,
                                1
                            ]
                        },
                        {
                            "time": 0.8667,
                            "angle": 0
                        }
                    ]
                },
                "fx_shine": {
                    "scale": [
                        {
                            "time": 0,
                            "x": 1,
                            "y": 1,
                            "curve": [
                                0.25,
                                0,
                                0.75,
                                1
                            ]
                        },
                        {
                            "time": 0.5,
                            "x": 1.2,
                            "y": 1.2,
                            "curve": [
                                0.25,
                                0,
                                0.75,
                                1
                            ]
                        },
                        {
                            "time": 1,
                            "x": 1,
                            "y": 1
                        }
                    ]
                },
                "fx_shine02": {
                    "scale": [
                        {
                            "time": 0,
                            "x": 1,
                            "y": 1,
                            "curve": [
                                0.25,
                                0,
                                0.75,
                                1
                            ]
                        },
                        {
                            "time": 0.5,
                            "x": 0.8,
                            "y": 0.8,
                            "curve": [
                                0.25,
                                0,
                                0.75,
                                1
                            ]
                        },
                        {
                            "time": 1,
                            "x": 1,
                            "y": 1
                        }
                    ]
                },
                "_shdw": {
                    "scale": [
                        {
                            "time": 0,
                            "x": 1,
                            "y": 1,
                            "curve": [
                                0.25,
                                0,
                                0.75,
                                1
                            ]
                        },
                        {
                            "time": 0.1,
                            "x": 0.851,
                            "y": 0.851,
                            "curve": [
                                0.157,
                                0.55,
                                0.438,
                                1
                            ]
                        },
                        {
                            "time": 0.1667,
                            "x": 0.923,
                            "y": 0.923
                        }
                    ]
                }
            }
        },
        "win_idle": {
            "slots": {
                "_angpoa_shdw": {
                    "attachment": [
                        {
                            "time": 0,
                            "name": null
                        }
                    ]
                },
                "ps_particle/ps_shine": {
                    "attachment": [
                        {
                            "time": 0,
                            "name": "ps_particle/ps_shine"
                        }
                    ]
                },
                "ps_particle/ps_shine_big": {
                    "attachment": [
                        {
                            "time": 0,
                            "name": "ps_particle/ps_shine_big"
                        }
                    ]
                }
            },
            "bones": {
                "fx_shine": {
                    "scale": [
                        {
                            "time": 0,
                            "x": 1,
                            "y": 1,
                            "curve": [
                                0.25,
                                0,
                                0.75,
                                1
                            ]
                        },
                        {
                            "time": 0.5,
                            "x": 1.2,
                            "y": 1.2,
                            "curve": [
                                0.25,
                                0,
                                0.75,
                                1
                            ]
                        },
                        {
                            "time": 1,
                            "x": 1,
                            "y": 1
                        }
                    ]
                },
                "fx_shine02": {
                    "scale": [
                        {
                            "time": 0,
                            "x": 1,
                            "y": 1,
                            "curve": [
                                0.25,
                                0,
                                0.75,
                                1
                            ]
                        },
                        {
                            "time": 0.5,
                            "x": 0.8,
                            "y": 0.8,
                            "curve": [
                                0.25,
                                0,
                                0.75,
                                1
                            ]
                        },
                        {
                            "time": 1,
                            "x": 1,
                            "y": 1
                        }
                    ]
                },
                "h_angpow": {
                    "rotate": [
                        {
                            "time": 0,
                            "angle": 0
                        }
                    ],
                    "scale": [
                        {
                            "time": 0,
                            "x": 1,
                            "y": 1,
                            "curve": [
                                0.25,
                                0,
                                0.75,
                                1
                            ]
                        },
                        {
                            "time": 0.4,
                            "x": 1.02,
                            "y": 1.02,
                            "curve": [
                                0.25,
                                0,
                                0.75,
                                1
                            ]
                        },
                        {
                            "time": 1,
                            "x": 1,
                            "y": 1
                        }
                    ]
                }
            }
        }
    }
}