{
    "skeleton": {
        "hash": "m/QQevZcWPdX6ZFWV7cj50Jf+cA",
        "spine": "3.6.53",
        "width": 296.15,
        "height": 296.15,
        "images": "./images/"
    },
    "bones": [
        {
            "name": "root",
            "scaleX": 0.31,
            "scaleY": 0.31
        },
        {
            "name": "bone4",
            "parent": "root",
            "rotation": 40.95,
            "x": 101.34,
            "y": 34.96
        },
        {
            "name": "bone",
            "parent": "bone4",
            "rotation": -1.34,
            "x": -25.8,
            "y": -339.85
        },
        {
            "name": "bone2",
            "parent": "root",
            "rotation": 29.02,
            "x": -168.64,
            "y": -251.6
        },
        {
            "name": "bone3",
            "parent": "root",
            "rotation": 19.02,
            "x": 59.84,
            "y": -88.4
        },
        {
            "name": "pnut_b",
            "parent": "bone",
            "x": 58.49,
            "y": 149.6
        },
        {
            "name": "bone5",
            "parent": "pnut_b",
            "x": 13.12,
            "y": -2.19
        },
        {
            "name": "pnut_t",
            "parent": "bone",
            "x": 36.14,
            "y": 542.42
        },
        {
            "name": "bone6",
            "parent": "pnut_t",
            "x": 9.99,
            "y": 17.69
        },
        {
            "name": "fx",
            "parent": "root"
        },
        {
            "name": "fx_shine",
            "parent": "fx"
        },
        {
            "name": "fx_shine2",
            "parent": "fx"
        },
        {
            "name": "pnut_shell_b",
            "parent": "root",
            "rotation": 10.18,
            "x": -66.64,
            "y": 106.08
        }
    ],
    "slots": [
        {
            "name": "h_peanut_shdw",
            "bone": "root",
            "color": "ff916f7b",
            "attachment": "h_peanut_shdw_1"
        },
        {
            "name": "ps_particle/ps_shine",
            "bone": "fx_shine",
            "color": "ffffff94",
            "blend": "additive"
        },
        {
            "name": "ps_particle/ps_shine_big",
            "bone": "fx_shine2",
            "color": "ffffff94",
            "blend": "additive"
        },
        {
            "name": "pnut_bt",
            "bone": "root",
            "attachment": "pnut_bt_1"
        },
        {
            "name": "pnut_shell_b",
            "bone": "root",
            "attachment": "pnut_shell_b_1"
        },
        {
            "name": "pnut_shell",
            "bone": "bone",
            "attachment": "pnut_shell_1"
        },
        {
            "name": "pnut_t",
            "bone": "pnut_t",
            "attachment": "pnut_t_1"
        },
        {
            "name": "pnut_b",
            "bone": "pnut_b",
            "attachment": "pnut_b_1"
        },
        {
            "name": "pnut_bb",
            "bone": "root",
            "attachment": "pnut_bb_1"
        },
        {
            "name": "pnut_cover",
            "bone": "bone",
            "attachment": "pnut_cover_1"
        },
        {
            "name": "ps_particle/ps_particle_00",
            "bone": "fx",
            "blend": "additive"
        }
    ],
    "skins": {
        "default": {
            "h_peanut_shdw": {
                "h_peanut_shdw_1": {
                    "x": 11.73,
                    "y": 10.36,
                    "scaleX": 4.303,
                    "scaleY": 4.303,
                    "width": 222,
                    "height": 222
                }
            },
            "pnut_b": {
                "pnut_b_1": {
                    "type": "mesh",
                    "hull": 8,
                    "width": 89,
                    "height": 95,
                    "uvs": [
                        1,
                        0.47862,
                        1,
                        0.69447,
                        1,
                        1,
                        0.90151,
                        1,
                        0,
                        1,
                        0,
                        0,
                        0.56288,
                        0,
                        1,
                        0,
                        0.8214,
                        0.6328,
                        0.62114,
                        0.35527,
                        0.32621,
                        0.10173,
                        0.08954,
                        0.37926,
                        0.45001,
                        0.83837,
                        0.83961,
                        0.18396
                    ],
                    "triangles": [
                        12,
                        11,
                        9,
                        12,
                        9,
                        8,
                        11,
                        10,
                        9,
                        8,
                        9,
                        0,
                        3,
                        1,
                        2,
                        4,
                        12,
                        3,
                        12,
                        8,
                        3,
                        3,
                        8,
                        1,
                        4,
                        11,
                        12,
                        11,
                        4,
                        5,
                        8,
                        0,
                        1,
                        9,
                        13,
                        0,
                        13,
                        7,
                        0,
                        11,
                        5,
                        10,
                        10,
                        6,
                        9,
                        9,
                        6,
                        13,
                        13,
                        6,
                        7,
                        10,
                        5,
                        6
                    ],
                    "vertices": [
                        2,
                        5,
                        103.22,
                        -82.33,
                        0.968,
                        6,
                        90.1,
                        -80.14,
                        0.032,
                        1,
                        5,
                        66.05,
                        -136.67,
                        1,
                        1,
                        5,
                        13.45,
                        -213.59,
                        1,
                        1,
                        5,
                        -9.89,
                        -197.63,
                        1,
                        1,
                        5,
                        -223.45,
                        -51.57,
                        1,
                        1,
                        5,
                        -51.27,
                        200.18,
                        1,
                        2,
                        5,
                        82.07,
                        108.99,
                        0.984,
                        6,
                        68.95,
                        111.18,
                        0.016,
                        1,
                        5,
                        185.62,
                        38.17,
                        1,
                        2,
                        5,
                        34.36,
                        -92.21,
                        0.504,
                        6,
                        21.24,
                        -90.02,
                        0.496,
                        1,
                        6,
                        21.58,
                        12.3,
                        1,
                        2,
                        5,
                        8.49,
                        121.72,
                        0.568,
                        6,
                        -4.63,
                        123.91,
                        0.432,
                        2,
                        5,
                        -95.36,
                        90.2,
                        0.672,
                        6,
                        -108.48,
                        92.39,
                        0.328,
                        2,
                        5,
                        -89.02,
                        -83.79,
                        0.712,
                        6,
                        -102.14,
                        -81.6,
                        0.288,
                        2,
                        5,
                        115.95,
                        17.84,
                        0.968,
                        6,
                        102.83,
                        20.03,
                        0.032
                    ],
                    "edges": [
                        8,
                        10,
                        4,
                        6,
                        6,
                        8,
                        6,
                        16,
                        16,
                        18,
                        18,
                        20,
                        20,
                        10,
                        10,
                        22,
                        22,
                        24,
                        24,
                        6,
                        4,
                        2,
                        6,
                        2,
                        2,
                        0,
                        0,
                        14,
                        0,
                        26,
                        10,
                        12,
                        12,
                        14,
                        26,
                        12
                    ]
                }
            },
            "pnut_bb": {
                "pnut_bb_1": {
                    "type": "mesh",
                    "hull": 10,
                    "width": 83,
                    "height": 96,
                    "uvs": [
                        0.78706,
                        0.11864,
                        1,
                        0.44955,
                        1,
                        0.65945,
                        0.89269,
                        1,
                        0.62718,
                        1,
                        0.16752,
                        0.88911,
                        0,
                        0.66686,
                        0,
                        0.38534,
                        0.22176,
                        0,
                        0.44445,
                        0,
                        0.4159,
                        0.77305,
                        0.16752,
                        0.47177,
                        0.4987,
                        0.23223,
                        0.74709,
                        0.60018
                    ],
                    "triangles": [
                        12,
                        11,
                        8,
                        13,
                        12,
                        0,
                        10,
                        11,
                        12,
                        13,
                        10,
                        12,
                        10,
                        5,
                        11,
                        3,
                        10,
                        13,
                        3,
                        4,
                        10,
                        3,
                        13,
                        2,
                        8,
                        9,
                        12,
                        12,
                        9,
                        0,
                        13,
                        0,
                        1,
                        13,
                        1,
                        2,
                        5,
                        10,
                        4,
                        5,
                        6,
                        11,
                        11,
                        7,
                        8,
                        6,
                        7,
                        11
                    ],
                    "vertices": [
                        1,
                        0,
                        -40.48,
                        -79.51,
                        1,
                        1,
                        0,
                        16.8,
                        -182.42,
                        1,
                        1,
                        0,
                        16.8,
                        -247.7,
                        1,
                        1,
                        0,
                        -12.07,
                        -353.62,
                        1,
                        1,
                        0,
                        -83.49,
                        -353.62,
                        1,
                        1,
                        0,
                        -207.14,
                        -319.13,
                        1,
                        1,
                        0,
                        -252.2,
                        -250.01,
                        1,
                        1,
                        0,
                        -252.2,
                        -162.46,
                        1,
                        1,
                        0,
                        -192.55,
                        -42.62,
                        1,
                        1,
                        0,
                        -132.64,
                        -42.62,
                        1,
                        1,
                        3,
                        9.51,
                        -41.22,
                        1,
                        1,
                        3,
                        -3.45,
                        73.12,
                        1,
                        1,
                        3,
                        110.59,
                        95.04,
                        1,
                        1,
                        3,
                        113.5,
                        -37.44,
                        1
                    ],
                    "edges": [
                        12,
                        10,
                        10,
                        8,
                        6,
                        8,
                        6,
                        4,
                        4,
                        2,
                        2,
                        0,
                        0,
                        18,
                        16,
                        18,
                        12,
                        14,
                        16,
                        14,
                        6,
                        20,
                        20,
                        22,
                        22,
                        16,
                        16,
                        24,
                        24,
                        26
                    ]
                }
            },
            "pnut_bt": {
                "pnut_bt_1": {
                    "type": "mesh",
                    "hull": 8,
                    "width": 103,
                    "height": 73,
                    "uvs": [
                        1,
                        0.56619,
                        0.47163,
                        1,
                        0.21944,
                        1,
                        0,
                        0.76812,
                        0,
                        0.39092,
                        0.17334,
                        0.11278,
                        0.51773,
                        0,
                        1,
                        0,
                        0.39299,
                        0.54333
                    ],
                    "triangles": [
                        1,
                        8,
                        0,
                        8,
                        6,
                        7,
                        8,
                        5,
                        6,
                        4,
                        5,
                        8,
                        8,
                        7,
                        0,
                        2,
                        8,
                        1,
                        2,
                        3,
                        8,
                        3,
                        4,
                        8
                    ],
                    "vertices": [
                        1,
                        0,
                        273.19,
                        -84.89,
                        1,
                        1,
                        0,
                        97.24,
                        -187.7,
                        1,
                        1,
                        0,
                        13.26,
                        -187.7,
                        1,
                        1,
                        0,
                        -59.81,
                        -132.75,
                        1,
                        1,
                        0,
                        -59.81,
                        -43.35,
                        1,
                        1,
                        0,
                        -2.09,
                        22.57,
                        1,
                        1,
                        0,
                        112.59,
                        49.3,
                        1,
                        1,
                        0,
                        273.19,
                        49.3,
                        1,
                        1,
                        4,
                        13.51,
                        4.79,
                        1
                    ],
                    "edges": [
                        6,
                        4,
                        6,
                        8,
                        8,
                        10,
                        12,
                        14,
                        10,
                        12,
                        14,
                        16,
                        2,
                        4,
                        0,
                        14,
                        2,
                        0
                    ]
                }
            },
            "pnut_cover": {
                "pnut_cover_1": {
                    "x": -14.8,
                    "y": 118.3,
                    "scaleX": 3.23,
                    "scaleY": 3.23,
                    "rotation": -34.37,
                    "width": 96,
                    "height": 93
                }
            },
            "pnut_shell": {
                "pnut_shell_1": {
                    "x": 21.91,
                    "y": 351.67,
                    "scaleX": 3.23,
                    "scaleY": 3.23,
                    "rotation": -34.37,
                    "width": 193,
                    "height": 226
                }
            },
            "pnut_shell_b": {
                "pnut_shell_b_1": {
                    "type": "mesh",
                    "hull": 14,
                    "width": 216,
                    "height": 119,
                    "uvs": [
                        1,
                        0.40783,
                        0.91742,
                        0.67608,
                        0.73884,
                        0.81579,
                        0.62031,
                        0.82697,
                        0.43865,
                        1,
                        0.24314,
                        1,
                        0.09073,
                        0.84932,
                        0,
                        0.72917,
                        0,
                        0.54195,
                        0.08458,
                        0.30164,
                        0.23698,
                        0.19267,
                        0.49099,
                        0.18149,
                        0.72191,
                        0,
                        1,
                        0,
                        0.09229,
                        0.55661,
                        0.20316,
                        0.75307,
                        0.43943,
                        0.79859,
                        0.68098,
                        0.59255,
                        0.62423,
                        0.3314,
                        0.45923,
                        0.42244,
                        0.1992,
                        0.42244
                    ],
                    "triangles": [
                        3,
                        16,
                        17,
                        17,
                        18,
                        13,
                        19,
                        11,
                        18,
                        20,
                        10,
                        19,
                        20,
                        14,
                        9,
                        15,
                        20,
                        19,
                        14,
                        20,
                        15,
                        7,
                        14,
                        15,
                        16,
                        15,
                        19,
                        5,
                        15,
                        16,
                        19,
                        18,
                        17,
                        16,
                        19,
                        17,
                        4,
                        5,
                        16,
                        6,
                        7,
                        15,
                        7,
                        8,
                        14,
                        14,
                        8,
                        9,
                        19,
                        10,
                        11,
                        18,
                        11,
                        12,
                        0,
                        17,
                        13,
                        1,
                        17,
                        0,
                        2,
                        17,
                        1,
                        2,
                        3,
                        17,
                        4,
                        16,
                        3,
                        18,
                        12,
                        13,
                        20,
                        9,
                        10,
                        6,
                        15,
                        5
                    ],
                    "vertices": [
                        1,
                        0,
                        274.65,
                        160.33,
                        1,
                        1,
                        0,
                        217.09,
                        57.32,
                        1,
                        1,
                        0,
                        92.62,
                        3.67,
                        1,
                        1,
                        0,
                        10,
                        -0.62,
                        1,
                        1,
                        0,
                        -116.61,
                        -67.07,
                        1,
                        1,
                        0,
                        -252.88,
                        -67.07,
                        1,
                        1,
                        0,
                        -359.11,
                        -9.21,
                        1,
                        1,
                        0,
                        -422.35,
                        36.93,
                        1,
                        1,
                        0,
                        -422.35,
                        108.82,
                        1,
                        1,
                        0,
                        -363.4,
                        201.1,
                        1,
                        1,
                        0,
                        -257.18,
                        242.95,
                        1,
                        1,
                        0,
                        -80.13,
                        247.24,
                        1,
                        1,
                        0,
                        80.82,
                        316.93,
                        1,
                        1,
                        0,
                        274.65,
                        316.93,
                        1,
                        2,
                        0,
                        -358.03,
                        103.2,
                        0.112,
                        12,
                        -287.31,
                        48.68,
                        0.888,
                        1,
                        12,
                        -224.58,
                        -39.23,
                        1,
                        1,
                        12,
                        -65.59,
                        -85.56,
                        1,
                        2,
                        0,
                        52.29,
                        89.4,
                        0.008,
                        12,
                        114.11,
                        -37.45,
                        0.992,
                        2,
                        0,
                        12.73,
                        189.68,
                        0.04,
                        12,
                        92.9,
                        68.24,
                        0.96,
                        2,
                        0,
                        -102.27,
                        154.72,
                        0.00315,
                        12,
                        -26.47,
                        54.17,
                        0.99685,
                        1,
                        12,
                        -204.85,
                        86.21,
                        1
                    ],
                    "edges": [
                        10,
                        12,
                        12,
                        14,
                        14,
                        16,
                        16,
                        18,
                        18,
                        20,
                        20,
                        22,
                        24,
                        26,
                        22,
                        24,
                        0,
                        26,
                        0,
                        2,
                        2,
                        4,
                        4,
                        6,
                        8,
                        10,
                        6,
                        8,
                        14,
                        28,
                        28,
                        30,
                        30,
                        32,
                        32,
                        34,
                        34,
                        36,
                        36,
                        38,
                        38,
                        40,
                        36,
                        26,
                        26,
                        34
                    ]
                }
            },
            "pnut_t": {
                "pnut_t_1": {
                    "type": "mesh",
                    "hull": 5,
                    "width": 100,
                    "height": 102,
                    "uvs": [
                        1,
                        1,
                        0,
                        1,
                        0,
                        0,
                        0.23408,
                        0,
                        1,
                        0,
                        0.27302,
                        0.15297,
                        0.48397,
                        0.40224,
                        0.71114,
                        0.76655,
                        0.92209,
                        0.77613,
                        0.81175,
                        0.41182,
                        0.57159,
                        0.11143,
                        0.16268,
                        0.42141,
                        0.43529,
                        0.84324
                    ],
                    "triangles": [
                        6,
                        10,
                        9,
                        9,
                        10,
                        4,
                        1,
                        2,
                        11,
                        1,
                        12,
                        0,
                        12,
                        7,
                        0,
                        7,
                        8,
                        0,
                        7,
                        9,
                        8,
                        0,
                        8,
                        4,
                        1,
                        11,
                        12,
                        11,
                        2,
                        5,
                        2,
                        3,
                        5,
                        5,
                        3,
                        10,
                        8,
                        9,
                        4,
                        10,
                        3,
                        4,
                        7,
                        6,
                        9,
                        6,
                        5,
                        10,
                        11,
                        5,
                        6,
                        12,
                        6,
                        7,
                        12,
                        11,
                        6
                    ],
                    "vertices": [
                        1,
                        7,
                        31.5,
                        -224.93,
                        1,
                        1,
                        7,
                        -234.28,
                        -43.16,
                        1,
                        1,
                        7,
                        -49.69,
                        226.76,
                        1,
                        1,
                        7,
                        12.53,
                        184.21,
                        1,
                        1,
                        7,
                        216.1,
                        44.98,
                        1,
                        2,
                        8,
                        -15.35,
                        118.15,
                        0.416,
                        7,
                        -5.36,
                        135.84,
                        0.584,
                        1,
                        8,
                        -5.3,
                        12.53,
                        1,
                        2,
                        8,
                        -12.17,
                        -127.1,
                        0.37923,
                        7,
                        -2.18,
                        -109.41,
                        0.62077,
                        2,
                        8,
                        42.13,
                        -168.03,
                        0.256,
                        7,
                        52.12,
                        -150.34,
                        0.744,
                        2,
                        8,
                        80.05,
                        -49.64,
                        0.224,
                        7,
                        90.04,
                        -31.96,
                        0.776,
                        2,
                        8,
                        71.68,
                        75.09,
                        0.176,
                        7,
                        81.67,
                        92.78,
                        0.824,
                        2,
                        8,
                        -94.23,
                        65.75,
                        0.232,
                        7,
                        -84.24,
                        83.44,
                        0.768,
                        2,
                        8,
                        -99.64,
                        -97.66,
                        0.304,
                        7,
                        -89.65,
                        -79.97,
                        0.696
                    ],
                    "edges": [
                        0,
                        2,
                        2,
                        4,
                        0,
                        8,
                        4,
                        10,
                        10,
                        12,
                        12,
                        14,
                        14,
                        0,
                        0,
                        16,
                        16,
                        18,
                        18,
                        20,
                        4,
                        6,
                        6,
                        8,
                        20,
                        6,
                        4,
                        22,
                        22,
                        24
                    ]
                }
            },
            "ps_particle/ps_particle_00": {
                "ps_particle/ps_particle_00": {
                    "scaleX": 3,
                    "scaleY": 3,
                    "width": 434,
                    "height": 414
                },
                "ps_particle/ps_particle_01": {
                    "scaleX": 3,
                    "scaleY": 3,
                    "width": 434,
                    "height": 414
                },
                "ps_particle/ps_particle_02": {
                    "scaleX": 3,
                    "scaleY": 3,
                    "width": 434,
                    "height": 414
                },
                "ps_particle/ps_particle_03": {
                    "scaleX": 3,
                    "scaleY": 3,
                    "width": 434,
                    "height": 414
                },
                "ps_particle/ps_particle_04": {
                    "scaleX": 3,
                    "scaleY": 3,
                    "width": 434,
                    "height": 414
                },
                "ps_particle/ps_particle_05": {
                    "scaleX": 3,
                    "scaleY": 3,
                    "width": 434,
                    "height": 414
                },
                "ps_particle/ps_particle_06": {
                    "scaleX": 3,
                    "scaleY": 3,
                    "width": 434,
                    "height": 414
                },
                "ps_particle/ps_particle_07": {
                    "scaleX": 3,
                    "scaleY": 3,
                    "width": 434,
                    "height": 414
                },
                "ps_particle/ps_particle_08": {
                    "scaleX": 3,
                    "scaleY": 3,
                    "width": 434,
                    "height": 414
                },
                "ps_particle/ps_particle_09": {
                    "scaleX": 3,
                    "scaleY": 3,
                    "width": 434,
                    "height": 414
                },
                "ps_particle/ps_particle_10": {
                    "scaleX": 3,
                    "scaleY": 3,
                    "width": 434,
                    "height": 414
                },
                "ps_particle/ps_particle_11": {
                    "scaleX": 3,
                    "scaleY": 3,
                    "width": 434,
                    "height": 414
                },
                "ps_particle/ps_particle_12": {
                    "scaleX": 3,
                    "scaleY": 3,
                    "width": 434,
                    "height": 414
                },
                "ps_particle/ps_particle_13": {
                    "scaleX": 3,
                    "scaleY": 3,
                    "width": 434,
                    "height": 414
                },
                "ps_particle/ps_particle_14": {
                    "scaleX": 3,
                    "scaleY": 3,
                    "width": 434,
                    "height": 414
                }
            },
            "ps_particle/ps_shine": {
                "ps_particle/ps_shine": {
                    "scaleX": 3.5,
                    "scaleY": 3.5,
                    "width": 373,
                    "height": 376
                }
            },
            "ps_particle/ps_shine_big": {
                "ps_particle/ps_shine_big": {
                    "scaleX": 1.5,
                    "scaleY": 1.5,
                    "width": 949,
                    "height": 990
                }
            }
        }
    },
    "animations": {
        "win": {
            "slots": {
                "h_peanut_shdw": {
                    "color": [
                        {
                            "time": 0,
                            "color": "ff916f7b"
                        },
                        {
                            "time": 0.1667,
                            "color": "ffffff00"
                        }
                    ]
                },
                "ps_particle/ps_particle_00": {
                    "color": [
                        {
                            "time": 0.6,
                            "color": "ffffffff"
                        },
                        {
                            "time": 0.8333,
                            "color": "ffffff00"
                        }
                    ],
                    "attachment": [
                        {
                            "time": 0.1667,
                            "name": "ps_particle/ps_particle_00"
                        },
                        {
                            "time": 0.2,
                            "name": "ps_particle/ps_particle_01"
                        },
                        {
                            "time": 0.2452,
                            "name": "ps_particle/ps_particle_02"
                        },
                        {
                            "time": 0.2905,
                            "name": "ps_particle/ps_particle_03"
                        },
                        {
                            "time": 0.3357,
                            "name": "ps_particle/ps_particle_04"
                        },
                        {
                            "time": 0.3809,
                            "name": "ps_particle/ps_particle_05"
                        },
                        {
                            "time": 0.4262,
                            "name": "ps_particle/ps_particle_06"
                        },
                        {
                            "time": 0.4714,
                            "name": "ps_particle/ps_particle_07"
                        },
                        {
                            "time": 0.5166,
                            "name": "ps_particle/ps_particle_08"
                        },
                        {
                            "time": 0.5618,
                            "name": "ps_particle/ps_particle_09"
                        },
                        {
                            "time": 0.6071,
                            "name": "ps_particle/ps_particle_10"
                        },
                        {
                            "time": 0.6523,
                            "name": "ps_particle/ps_particle_11"
                        },
                        {
                            "time": 0.6975,
                            "name": "ps_particle/ps_particle_12"
                        },
                        {
                            "time": 0.7428,
                            "name": "ps_particle/ps_particle_13"
                        },
                        {
                            "time": 0.788,
                            "name": "ps_particle/ps_particle_14"
                        },
                        {
                            "time": 0.8333,
                            "name": null
                        }
                    ]
                },
                "ps_particle/ps_shine": {
                    "color": [
                        {
                            "time": 0,
                            "color": "ffffff00"
                        },
                        {
                            "time": 0.1667,
                            "color": "ffffff95"
                        }
                    ],
                    "attachment": [
                        {
                            "time": 0,
                            "name": "ps_particle/ps_shine"
                        }
                    ]
                },
                "ps_particle/ps_shine_big": {
                    "color": [
                        {
                            "time": 0,
                            "color": "ffffff00"
                        },
                        {
                            "time": 0.1667,
                            "color": "ffffff95"
                        }
                    ],
                    "attachment": [
                        {
                            "time": 0,
                            "name": "ps_particle/ps_shine_big"
                        }
                    ]
                }
            },
            "bones": {
                "fx_shine2": {
                    "scale": [
                        {
                            "time": 0,
                            "x": 1,
                            "y": 1,
                            "curve": [
                                0.25,
                                0,
                                0.75,
                                1
                            ]
                        },
                        {
                            "time": 0.5,
                            "x": 0.756,
                            "y": 0.756,
                            "curve": [
                                0.25,
                                0,
                                0.75,
                                1
                            ]
                        },
                        {
                            "time": 1,
                            "x": 1,
                            "y": 1
                        }
                    ]
                },
                "fx_shine": {
                    "scale": [
                        {
                            "time": 0,
                            "x": 1,
                            "y": 1,
                            "curve": [
                                0.25,
                                0,
                                0.75,
                                1
                            ]
                        },
                        {
                            "time": 0.5,
                            "x": 1.2,
                            "y": 1.2,
                            "curve": [
                                0.25,
                                0,
                                0.75,
                                1
                            ]
                        },
                        {
                            "time": 1,
                            "x": 1,
                            "y": 1
                        }
                    ]
                },
                "root": {
                    "scale": [
                        {
                            "time": 0,
                            "x": 1,
                            "y": 1,
                            "curve": [
                                0.25,
                                0,
                                0.75,
                                1
                            ]
                        },
                        {
                            "time": 0.1,
                            "x": 0.946,
                            "y": 0.946,
                            "curve": [
                                0.25,
                                0,
                                0.75,
                                1
                            ]
                        },
                        {
                            "time": 0.3,
                            "x": 1.05,
                            "y": 1.05,
                            "curve": [
                                0.25,
                                0,
                                0.75,
                                1
                            ]
                        },
                        {
                            "time": 0.6,
                            "x": 0.98,
                            "y": 0.98,
                            "curve": [
                                0.25,
                                0,
                                0.75,
                                1
                            ]
                        },
                        {
                            "time": 1,
                            "x": 1,
                            "y": 1
                        }
                    ]
                },
                "bone": {
                    "rotate": [
                        {
                            "time": 0,
                            "angle": 0,
                            "curve": [
                                0.186,
                                0.23,
                                0.75,
                                1
                            ]
                        },
                        {
                            "time": 0.0667,
                            "angle": -0.81,
                            "curve": [
                                0.25,
                                0,
                                0.75,
                                1
                            ]
                        },
                        {
                            "time": 0.2333,
                            "angle": 0.14,
                            "curve": [
                                0.25,
                                0,
                                0.75,
                                1
                            ]
                        },
                        {
                            "time": 0.3667,
                            "angle": -0.06,
                            "curve": [
                                0.25,
                                0,
                                0.75,
                                1
                            ]
                        },
                        {
                            "time": 0.5,
                            "angle": 0
                        }
                    ]
                },
                "bone4": {
                    "translate": [
                        {
                            "time": 0.2,
                            "x": 0,
                            "y": 0,
                            "curve": [
                                0.25,
                                0,
                                0.75,
                                1
                            ]
                        },
                        {
                            "time": 0.3667,
                            "x": 4.81,
                            "y": 2.89,
                            "curve": [
                                0.25,
                                0,
                                0.11,
                                1
                            ]
                        },
                        {
                            "time": 0.6667,
                            "x": 0,
                            "y": 0
                        }
                    ],
                    "scale": [
                        {
                            "time": 0.2,
                            "x": 1,
                            "y": 1,
                            "curve": [
                                0.25,
                                0,
                                0.75,
                                1
                            ]
                        },
                        {
                            "time": 0.3667,
                            "x": 1.07,
                            "y": 1.07,
                            "curve": [
                                0.25,
                                0,
                                0.75,
                                1
                            ]
                        },
                        {
                            "time": 0.5333,
                            "x": 0.983,
                            "y": 0.983,
                            "curve": [
                                0.25,
                                0,
                                0.75,
                                1
                            ]
                        },
                        {
                            "time": 0.6667,
                            "x": 1,
                            "y": 1
                        }
                    ],
                    "shear": [
                        {
                            "time": 0.2,
                            "x": 0,
                            "y": 0,
                            "curve": [
                                0.25,
                                0,
                                0.368,
                                1
                            ]
                        },
                        {
                            "time": 0.3,
                            "x": 0,
                            "y": 0.7,
                            "curve": [
                                0.25,
                                0,
                                0.75,
                                1
                            ]
                        },
                        {
                            "time": 0.4667,
                            "x": 0,
                            "y": -0.67,
                            "curve": [
                                0.25,
                                0,
                                0.368,
                                1
                            ]
                        },
                        {
                            "time": 0.6333,
                            "x": 0,
                            "y": 0
                        }
                    ]
                },
                "pnut_shell_b": {
                    "scale": [
                        {
                            "time": 0,
                            "x": 1,
                            "y": 1,
                            "curve": [
                                0.25,
                                0,
                                0.75,
                                1
                            ]
                        },
                        {
                            "time": 0.1,
                            "x": 0.963,
                            "y": 0.963,
                            "curve": [
                                0.25,
                                0,
                                0.244,
                                1
                            ]
                        },
                        {
                            "time": 0.3333,
                            "x": 1.026,
                            "y": 1.026,
                            "curve": [
                                0.25,
                                0,
                                0.75,
                                1
                            ]
                        },
                        {
                            "time": 0.5333,
                            "x": 0.99,
                            "y": 0.99,
                            "curve": [
                                0.25,
                                0,
                                0.229,
                                1
                            ]
                        },
                        {
                            "time": 0.7333,
                            "x": 1,
                            "y": 1
                        }
                    ]
                },
                "bone3": {
                    "translate": [
                        {
                            "time": 0,
                            "x": 0,
                            "y": 0,
                            "curve": [
                                0.25,
                                0,
                                0.75,
                                1
                            ]
                        },
                        {
                            "time": 0.1333,
                            "x": 0,
                            "y": 13.6,
                            "curve": [
                                0.25,
                                0,
                                0.75,
                                1
                            ]
                        },
                        {
                            "time": 0.3333,
                            "x": 0,
                            "y": -9.56,
                            "curve": [
                                0.25,
                                0,
                                0.75,
                                1
                            ]
                        },
                        {
                            "time": 0.5333,
                            "x": 0,
                            "y": 3.03,
                            "curve": [
                                0.25,
                                0,
                                0.75,
                                1
                            ]
                        },
                        {
                            "time": 0.7,
                            "x": 0,
                            "y": 0
                        }
                    ]
                },
                "bone2": {
                    "translate": [
                        {
                            "time": 0,
                            "x": 0,
                            "y": 0,
                            "curve": [
                                0.25,
                                0,
                                0.75,
                                1
                            ]
                        },
                        {
                            "time": 0.1333,
                            "x": 4.18,
                            "y": 3.14,
                            "curve": [
                                0.25,
                                0,
                                0.75,
                                1
                            ]
                        },
                        {
                            "time": 0.4,
                            "x": -4.85,
                            "y": -2.91,
                            "curve": [
                                0.25,
                                0,
                                0.75,
                                1
                            ]
                        },
                        {
                            "time": 0.6,
                            "x": 1.02,
                            "y": 1.02,
                            "curve": [
                                0.25,
                                0,
                                0.293,
                                1
                            ]
                        },
                        {
                            "time": 0.7667,
                            "x": 0,
                            "y": 0
                        }
                    ],
                    "scale": [
                        {
                            "time": 0,
                            "x": 1,
                            "y": 1,
                            "curve": [
                                0.25,
                                0,
                                0.75,
                                1
                            ]
                        },
                        {
                            "time": 0.1,
                            "x": 0.891,
                            "y": 0.891,
                            "curve": [
                                0.25,
                                0,
                                0.75,
                                1
                            ]
                        },
                        {
                            "time": 0.3333,
                            "x": 1.048,
                            "y": 1.048,
                            "curve": [
                                0.25,
                                0,
                                0.75,
                                1
                            ]
                        },
                        {
                            "time": 0.5667,
                            "x": 0.98,
                            "y": 0.98,
                            "curve": [
                                0.25,
                                0,
                                0.75,
                                1
                            ]
                        },
                        {
                            "time": 0.7333,
                            "x": 1,
                            "y": 1
                        }
                    ]
                },
                "pnut_t": {
                    "rotate": [
                        {
                            "time": 0.2667,
                            "angle": 0,
                            "curve": [
                                0.25,
                                0,
                                0.75,
                                1
                            ]
                        },
                        {
                            "time": 0.4333,
                            "angle": 2.42,
                            "curve": [
                                0.25,
                                0,
                                0.829,
                                0.79
                            ]
                        },
                        {
                            "time": 0.5667,
                            "angle": 0,
                            "curve": [
                                0.25,
                                0,
                                0.551,
                                1
                            ]
                        },
                        {
                            "time": 0.7,
                            "angle": -0.47,
                            "curve": [
                                0.25,
                                0,
                                0.551,
                                1
                            ]
                        },
                        {
                            "time": 0.8,
                            "angle": 0
                        }
                    ],
                    "translate": [
                        {
                            "time": 0.2,
                            "x": 0,
                            "y": 0,
                            "curve": [
                                0.25,
                                0,
                                0.488,
                                1
                            ]
                        },
                        {
                            "time": 0.4,
                            "x": 4.96,
                            "y": 7.28,
                            "curve": [
                                0.25,
                                0,
                                0.821,
                                0.77
                            ]
                        },
                        {
                            "time": 0.5333,
                            "x": 0,
                            "y": 0,
                            "curve": [
                                0.171,
                                0.22,
                                0.75,
                                1
                            ]
                        },
                        {
                            "time": 0.6667,
                            "x": 1.14,
                            "y": 1.67,
                            "curve": [
                                0.25,
                                0,
                                0.836,
                                0.78
                            ]
                        },
                        {
                            "time": 0.7667,
                            "x": 0,
                            "y": 0
                        }
                    ]
                },
                "pnut_b": {
                    "rotate": [
                        {
                            "time": 0.2667,
                            "angle": 0,
                            "curve": [
                                0.186,
                                0.24,
                                0.75,
                                1
                            ]
                        },
                        {
                            "time": 0.4,
                            "angle": -2.29,
                            "curve": [
                                0.25,
                                0,
                                0.75,
                                1
                            ]
                        },
                        {
                            "time": 0.6,
                            "angle": 0.92,
                            "curve": [
                                0.25,
                                0,
                                0.75,
                                1
                            ]
                        },
                        {
                            "time": 0.7333,
                            "angle": -0.8,
                            "curve": [
                                0.25,
                                0,
                                0.75,
                                1
                            ]
                        },
                        {
                            "time": 0.8333,
                            "angle": 0
                        }
                    ],
                    "translate": [
                        {
                            "time": 0.2,
                            "x": 0,
                            "y": 0,
                            "curve": [
                                0.25,
                                0,
                                0.555,
                                1
                            ]
                        },
                        {
                            "time": 0.4667,
                            "x": 8.12,
                            "y": -5.5,
                            "curve": [
                                0.25,
                                0,
                                0.424,
                                1
                            ]
                        },
                        {
                            "time": 0.6333,
                            "x": -2.27,
                            "y": 0.31,
                            "curve": [
                                0.25,
                                0,
                                0.424,
                                1
                            ]
                        },
                        {
                            "time": 0.7667,
                            "x": 1.41,
                            "y": 0.26,
                            "curve": [
                                0.25,
                                0,
                                0.424,
                                1
                            ]
                        },
                        {
                            "time": 0.8667,
                            "x": 0,
                            "y": 0
                        }
                    ]
                },
                "bone6": {
                    "translate": [
                        {
                            "time": 0,
                            "x": 0,
                            "y": 0,
                            "curve": [
                                0.25,
                                0,
                                0.75,
                                1
                            ]
                        },
                        {
                            "time": 0.2667,
                            "x": -4.1,
                            "y": -9.85,
                            "curve": [
                                0.25,
                                0,
                                0.75,
                                1
                            ]
                        },
                        {
                            "time": 0.4667,
                            "x": 3.55,
                            "y": 8.22,
                            "curve": [
                                0.25,
                                0,
                                0.42,
                                1
                            ]
                        },
                        {
                            "time": 0.6,
                            "x": -4.02,
                            "y": -2.24,
                            "curve": [
                                0.25,
                                0,
                                0.529,
                                1
                            ]
                        },
                        {
                            "time": 0.7333,
                            "x": 0,
                            "y": 0
                        }
                    ]
                },
                "bone5": {
                    "translate": [
                        {
                            "time": 0,
                            "x": 0,
                            "y": 0,
                            "curve": [
                                0.25,
                                0,
                                0.75,
                                1
                            ]
                        },
                        {
                            "time": 0.1,
                            "x": -2.93,
                            "y": -4.4,
                            "curve": [
                                0.25,
                                0,
                                0.75,
                                1
                            ]
                        },
                        {
                            "time": 0.4333,
                            "x": 10.92,
                            "y": 15.52,
                            "curve": [
                                0.25,
                                0,
                                0.75,
                                1
                            ]
                        },
                        {
                            "time": 0.5667,
                            "x": -2.36,
                            "y": -3.38,
                            "curve": [
                                0.25,
                                0,
                                0.525,
                                1
                            ]
                        },
                        {
                            "time": 0.7333,
                            "x": 0,
                            "y": 0
                        }
                    ]
                }
            },
            "deform": {
                "default": {
                    "pnut_bb": {
                        "pnut_bb_1": [
                            {
                                "time": 0,
                                "curve": [
                                    0.25,
                                    0,
                                    0.75,
                                    1
                                ]
                            },
                            {
                                "time": 0.1667,
                                "vertices": [
                                    5.12505,
                                    5.12505,
                                    5.12505,
                                    5.12505,
                                    5.12505,
                                    5.12505,
                                    10.2501,
                                    10.2501,
                                    10.2501,
                                    10.2501,
                                    10.2501,
                                    10.2501,
                                    10.2501,
                                    10.2501,
                                    10.2501,
                                    10.2501,
                                    10.2501,
                                    10.2501,
                                    5.12505,
                                    5.12505,
                                    14.79388,
                                    4.23528,
                                    14.79388,
                                    4.23528,
                                    14.79388,
                                    4.23528,
                                    14.79388,
                                    4.23528
                                ],
                                "curve": [
                                    0.25,
                                    0,
                                    0.75,
                                    1
                                ]
                            },
                            {
                                "time": 0.3667,
                                "vertices": [
                                    0.62733,
                                    -2.2595,
                                    0.62733,
                                    -2.2595,
                                    0.62733,
                                    -2.2595,
                                    -2.2595,
                                    -2.2595,
                                    2.55188,
                                    0.62733,
                                    2.55188,
                                    0.62733,
                                    2.55188,
                                    0.62733,
                                    2.55188,
                                    0.62733,
                                    -2.2595,
                                    -2.2595,
                                    0.62733,
                                    -2.2595,
                                    -0.64127,
                                    -0.18338,
                                    -0.64127,
                                    -0.18338,
                                    -0.64127,
                                    -0.18338,
                                    -0.64127,
                                    -0.18338
                                ],
                                "curve": [
                                    0.25,
                                    0,
                                    0.75,
                                    1
                                ]
                            },
                            {
                                "time": 0.5667
                            }
                        ]
                    },
                    "pnut_bt": {
                        "pnut_bt_1": [
                            {
                                "time": 0,
                                "curve": [
                                    0.25,
                                    0,
                                    0.75,
                                    1
                                ]
                            },
                            {
                                "time": 0.1333,
                                "offset": 1,
                                "vertices": [
                                    5.22936,
                                    0,
                                    5.22936,
                                    0,
                                    5.22936,
                                    0,
                                    5.22936,
                                    0,
                                    5.22936,
                                    0,
                                    5.22936,
                                    0,
                                    5.22936,
                                    0,
                                    5.22936,
                                    1.70437,
                                    4.94377
                                ],
                                "curve": [
                                    0.25,
                                    0,
                                    0.75,
                                    1
                                ]
                            },
                            {
                                "time": 0.3333,
                                "vertices": [
                                    0.95566,
                                    0.45104,
                                    0.95566,
                                    0.45104,
                                    0.95566,
                                    0.45104,
                                    0.95566,
                                    0.45104,
                                    0.95566,
                                    0.45104,
                                    0.95566,
                                    0.45104,
                                    0.95566,
                                    0.45104,
                                    0.95566,
                                    0.45104,
                                    1.05047,
                                    0.11485
                                ],
                                "curve": [
                                    0.25,
                                    0,
                                    0.75,
                                    1
                                ]
                            },
                            {
                                "time": 0.5333
                            }
                        ]
                    },
                    "pnut_shell_b": {
                        "pnut_shell_b_1": [
                            {
                                "time": 0,
                                "curve": [
                                    0.25,
                                    0,
                                    0.75,
                                    1
                                ]
                            },
                            {
                                "time": 0.1667,
                                "vertices": [
                                    -14.71559,
                                    -1.38029,
                                    -12.21413,
                                    3.09646,
                                    -6.80474,
                                    5.42809,
                                    -3.21403,
                                    5.61463,
                                    2.28862,
                                    8.50231,
                                    8.21094,
                                    8.50231,
                                    12.82758,
                                    5.98769,
                                    15.57608,
                                    3.98248,
                                    15.57608,
                                    0.85809,
                                    13.01413,
                                    -3.15231,
                                    8.39749,
                                    -4.97098,
                                    0.7031,
                                    -5.15752,
                                    -6.29179,
                                    -8.18637,
                                    -14.71558,
                                    -8.18637,
                                    12.66977,
                                    1.0937,
                                    12.78038,
                                    -1.17445,
                                    10.04031,
                                    2.64775,
                                    3.13039,
                                    4.66092,
                                    -5.014,
                                    1.68698,
                                    -4.67952,
                                    2.57046,
                                    -3.31106,
                                    -2.63245,
                                    -3.75872,
                                    -2.02403,
                                    1.64212,
                                    -1.12604,
                                    1.43022,
                                    -1.41153,
                                    9.18274,
                                    -2.80422
                                ],
                                "curve": [
                                    0.25,
                                    0,
                                    0.75,
                                    1
                                ]
                            },
                            {
                                "time": 0.3667,
                                "vertices": [
                                    4.0455,
                                    -1.70653,
                                    2.76172,
                                    -2.52675,
                                    1.01829,
                                    -2.37689,
                                    0.05227,
                                    -1.92117,
                                    -1.79373,
                                    -1.90376,
                                    -3.34381,
                                    -1.07155,
                                    -4.19879,
                                    0.23531,
                                    -4.63647,
                                    1.14636,
                                    -4.19739,
                                    1.96414,
                                    -2.96326,
                                    2.65376,
                                    -1.49942,
                                    2.48111,
                                    0.5407,
                                    1.44865,
                                    2.79712,
                                    1.25854,
                                    5.00189,
                                    0.07483,
                                    -3.57413,
                                    1.53967,
                                    -3.17452,
                                    2.10029,
                                    -3.00624,
                                    0.72273,
                                    -1.48057,
                                    -0.77518,
                                    1.10204,
                                    -1.17843,
                                    0.85714,
                                    -1.32513,
                                    1.26737,
                                    0.23425,
                                    1.26059,
                                    0.00626,
                                    -0.28738,
                                    0.54597,
                                    -0.18224,
                                    0.57523,
                                    -2.01571,
                                    2.02924
                                ],
                                "curve": [
                                    0.25,
                                    0,
                                    0.75,
                                    1
                                ]
                            },
                            {
                                "time": 0.5667
                            }
                        ]
                    }
                }
            }
        },
        "win_idle": {
            "slots": {
                "h_peanut_shdw": {
                    "attachment": [
                        {
                            "time": 0,
                            "name": null
                        }
                    ]
                },
                "ps_particle/ps_shine": {
                    "attachment": [
                        {
                            "time": 0,
                            "name": "ps_particle/ps_shine"
                        }
                    ]
                },
                "ps_particle/ps_shine_big": {
                    "attachment": [
                        {
                            "time": 0,
                            "name": "ps_particle/ps_shine_big"
                        }
                    ]
                }
            },
            "bones": {
                "fx_shine2": {
                    "scale": [
                        {
                            "time": 0,
                            "x": 1,
                            "y": 1,
                            "curve": [
                                0.25,
                                0,
                                0.75,
                                1
                            ]
                        },
                        {
                            "time": 0.5,
                            "x": 0.756,
                            "y": 0.756,
                            "curve": [
                                0.25,
                                0,
                                0.75,
                                1
                            ]
                        },
                        {
                            "time": 1,
                            "x": 1,
                            "y": 1
                        }
                    ]
                },
                "fx_shine": {
                    "scale": [
                        {
                            "time": 0,
                            "x": 1,
                            "y": 1,
                            "curve": [
                                0.25,
                                0,
                                0.75,
                                1
                            ]
                        },
                        {
                            "time": 0.5,
                            "x": 1.2,
                            "y": 1.2,
                            "curve": [
                                0.25,
                                0,
                                0.75,
                                1
                            ]
                        },
                        {
                            "time": 1,
                            "x": 1,
                            "y": 1
                        }
                    ]
                },
                "root": {
                    "scale": [
                        {
                            "time": 0,
                            "x": 1,
                            "y": 1,
                            "curve": [
                                0.25,
                                0,
                                0.75,
                                1
                            ]
                        },
                        {
                            "time": 0.4,
                            "x": 1.02,
                            "y": 1.02,
                            "curve": [
                                0.25,
                                0,
                                0.75,
                                1
                            ]
                        },
                        {
                            "time": 1,
                            "x": 1,
                            "y": 1
                        }
                    ]
                }
            }
        }
    }
}