{"skeleton":{"hash":"UNpnYqSO5V4","spine":"3.8-from-4.0-from-4.1.23","x":-981.55,"y":-798,"width":1963.6,"height":1596,"images":"./donghua/fireworks_1/","audio":""},"bones":[{"name":"root"},{"name":"fireworks_1","parent":"root","x":-466.54,"y":370},{"name":"fireworks_2","parent":"root","x":-466.24,"y":-370,"scaleY":-1},{"name":"fireworks_3","parent":"root","x":459.89,"y":370,"scaleX":-1},{"name":"fireworks_4","parent":"root","x":467.05,"y":-370,"scaleX":-1,"scaleY":-1}],"slots":[{"name":"fireworks_1","bone":"fireworks_1","attachment":"fireworks_1","blend":"screen"},{"name":"fireworks_3","bone":"fireworks_3","attachment":"fireworks_1","blend":"screen"},{"name":"fireworks_2","bone":"fireworks_2","attachment":"fireworks_1","blend":"screen"},{"name":"fireworks_4","bone":"fireworks_4","attachment":"fireworks_1","blend":"screen"}],"skins":[{"name":"default","attachments":{"fireworks_1":{"fireworks_1":{"width":1030,"height":856},"fireworks_2":{"width":1030,"height":856},"fireworks_3":{"width":1030,"height":856},"fireworks_4":{"width":1030,"height":856},"fireworks_5":{"width":1030,"height":856},"fireworks_6":{"width":1030,"height":856},"fireworks_7":{"width":1030,"height":856},"fireworks_8":{"width":1030,"height":856},"fireworks_9":{"width":1030,"height":856},"fireworks_10":{"width":1030,"height":856},"fireworks_11":{"width":1030,"height":856},"fireworks_12":{"width":1030,"height":856},"fireworks_13":{"width":1030,"height":856},"fireworks_14":{"width":1030,"height":856},"fireworks_15":{"width":1030,"height":856},"fireworks_16":{"width":1030,"height":856},"fireworks_17":{"width":1030,"height":856},"fireworks_18":{"width":1030,"height":856}},"fireworks_2":{"fireworks_1":{"width":1030,"height":856},"fireworks_2":{"width":1030,"height":856},"fireworks_3":{"width":1030,"height":856},"fireworks_4":{"width":1030,"height":856},"fireworks_5":{"width":1030,"height":856},"fireworks_6":{"width":1030,"height":856},"fireworks_7":{"width":1030,"height":856},"fireworks_8":{"width":1030,"height":856},"fireworks_9":{"width":1030,"height":856},"fireworks_10":{"width":1030,"height":856},"fireworks_11":{"width":1030,"height":856},"fireworks_12":{"width":1030,"height":856},"fireworks_13":{"width":1030,"height":856},"fireworks_14":{"width":1030,"height":856},"fireworks_15":{"width":1030,"height":856},"fireworks_16":{"width":1030,"height":856},"fireworks_17":{"width":1030,"height":856},"fireworks_18":{"width":1030,"height":856}},"fireworks_3":{"fireworks_1":{"width":1030,"height":856},"fireworks_2":{"width":1030,"height":856},"fireworks_3":{"width":1030,"height":856},"fireworks_4":{"width":1030,"height":856},"fireworks_5":{"width":1030,"height":856},"fireworks_6":{"width":1030,"height":856},"fireworks_7":{"width":1030,"height":856},"fireworks_8":{"width":1030,"height":856},"fireworks_9":{"width":1030,"height":856},"fireworks_10":{"width":1030,"height":856},"fireworks_11":{"width":1030,"height":856},"fireworks_12":{"width":1030,"height":856},"fireworks_13":{"width":1030,"height":856},"fireworks_14":{"width":1030,"height":856},"fireworks_15":{"width":1030,"height":856},"fireworks_16":{"width":1030,"height":856},"fireworks_17":{"width":1030,"height":856},"fireworks_18":{"width":1030,"height":856}},"fireworks_4":{"fireworks_1":{"width":1030,"height":856},"fireworks_2":{"width":1030,"height":856},"fireworks_3":{"width":1030,"height":856},"fireworks_4":{"width":1030,"height":856},"fireworks_5":{"width":1030,"height":856},"fireworks_6":{"width":1030,"height":856},"fireworks_7":{"width":1030,"height":856},"fireworks_8":{"width":1030,"height":856},"fireworks_9":{"width":1030,"height":856},"fireworks_10":{"width":1030,"height":856},"fireworks_11":{"width":1030,"height":856},"fireworks_12":{"width":1030,"height":856},"fireworks_13":{"width":1030,"height":856},"fireworks_14":{"width":1030,"height":856},"fireworks_15":{"width":1030,"height":856},"fireworks_16":{"width":1030,"height":856},"fireworks_17":{"width":1030,"height":856},"fireworks_18":{"width":1030,"height":856}}}}],"animations":{"fireworks":{"slots":{"fireworks_1":{"attachment":[{"time":0.1333,"name":"fireworks_2"},{"time":0.2667,"name":"fireworks_3"},{"time":0.4,"name":"fireworks_4"},{"time":0.5333,"name":"fireworks_5"},{"time":0.6667,"name":"fireworks_6"},{"time":0.8,"name":"fireworks_7"},{"time":0.9333,"name":"fireworks_8"},{"time":1.0667,"name":"fireworks_9"},{"time":1.2,"name":"fireworks_10"},{"time":1.3333,"name":"fireworks_11"},{"time":1.4667,"name":"fireworks_12"},{"time":1.6,"name":"fireworks_13"},{"time":1.7333,"name":"fireworks_14"},{"time":1.8667,"name":"fireworks_15"},{"time":2,"name":"fireworks_16"},{"time":2.1333,"name":"fireworks_17"},{"time":2.2667,"name":"fireworks_18"}]},"fireworks_2":{"attachment":[{"time":0.1333,"name":"fireworks_2"},{"time":0.2667,"name":"fireworks_3"},{"time":0.4,"name":"fireworks_4"},{"time":0.5333,"name":"fireworks_5"},{"time":0.6667,"name":"fireworks_6"},{"time":0.8,"name":"fireworks_7"},{"time":0.9333,"name":"fireworks_8"},{"time":1.0667,"name":"fireworks_9"},{"time":1.2,"name":"fireworks_10"},{"time":1.3333,"name":"fireworks_11"},{"time":1.4667,"name":"fireworks_12"},{"time":1.6,"name":"fireworks_13"},{"time":1.7333,"name":"fireworks_14"},{"time":1.8667,"name":"fireworks_15"},{"time":2,"name":"fireworks_16"},{"time":2.1333,"name":"fireworks_17"},{"time":2.2667,"name":"fireworks_18"}]},"fireworks_3":{"attachment":[{"time":0.1333,"name":"fireworks_2"},{"time":0.2667,"name":"fireworks_3"},{"time":0.4,"name":"fireworks_4"},{"time":0.5333,"name":"fireworks_5"},{"time":0.6667,"name":"fireworks_6"},{"time":0.8,"name":"fireworks_7"},{"time":0.9333,"name":"fireworks_8"},{"time":1.0667,"name":"fireworks_9"},{"time":1.2,"name":"fireworks_10"},{"time":1.3333,"name":"fireworks_11"},{"time":1.4667,"name":"fireworks_12"},{"time":1.6,"name":"fireworks_13"},{"time":1.7333,"name":"fireworks_14"},{"time":1.8667,"name":"fireworks_15"},{"time":2,"name":"fireworks_16"},{"time":2.1333,"name":"fireworks_17"},{"time":2.2667,"name":"fireworks_18"}]},"fireworks_4":{"attachment":[{"time":0.1333,"name":"fireworks_2"},{"time":0.2667,"name":"fireworks_3"},{"time":0.4,"name":"fireworks_4"},{"time":0.5333,"name":"fireworks_5"},{"time":0.6667,"name":"fireworks_6"},{"time":0.8,"name":"fireworks_7"},{"time":0.9333,"name":"fireworks_8"},{"time":1.0667,"name":"fireworks_9"},{"time":1.2,"name":"fireworks_10"},{"time":1.3333,"name":"fireworks_11"},{"time":1.4667,"name":"fireworks_12"},{"time":1.6,"name":"fireworks_13"},{"time":1.7333,"name":"fireworks_14"},{"time":1.8667,"name":"fireworks_15"},{"time":2,"name":"fireworks_16"},{"time":2.1333,"name":"fireworks_17"},{"time":2.2667,"name":"fireworks_18"}]}}}}}