{"skeleton": {"hash": "aMB1BPUJ3NYx8kJW+z3oXXrC5gk", "spine": "3.3.07", "width": 1364.99, "height": 703.96, "images": "./tp/"}, "bones": [{"name": "ooooo"}, {"name": "aaa", "parent": "ooooo", "color": "5eff00ff"}, {"name": "a1", "parent": "aaa", "y": 110.98, "scaleX": 1.133, "scaleY": 1.133, "color": "5eff00ff"}, {"name": "a2", "parent": "a1", "color": "5eff00ff"}, {"name": "a3", "parent": "a1", "y": 1.24, "scaleX": 2, "scaleY": 2, "color": "5eff00ff"}, {"name": "a5", "parent": "aaa", "y": -14.61, "color": "5eff00ff"}, {"name": "b93", "parent": "a5", "y": 7.47, "scaleX": 3, "scaleY": 3, "color": "5eff00ff"}, {"name": "b101", "parent": "aaa", "scaleX": 13.649, "scaleY": 7.039}, {"name": "bbb", "parent": "ooooo", "color": "51ff00ff"}, {"name": "h1", "parent": "bbb", "color": "51ff00ff"}, {"name": "t2", "parent": "bbb", "scaleX": 11.807, "scaleY": 11.807}, {"name": "t99", "parent": "bbb", "y": 135.56, "scaleX": 1.849, "scaleY": 1.849, "color": "51ff00ff"}, {"name": "t100", "parent": "bbb", "rotation": 178.65, "y": 86.41, "scaleX": 1.694, "scaleY": 1.694, "color": "51ff00ff"}, {"name": "z1", "parent": "bbb", "x": -346.38, "y": 40.56, "scaleX": 1.694, "scaleY": 1.694, "color": "51ff00ff"}, {"name": "z2", "parent": "bbb", "x": 234.64, "y": 160.86, "scaleX": 1.694, "scaleY": 1.694, "color": "51ff00ff"}, {"name": "z3", "parent": "bbb", "x": 377.25, "y": -0.72, "scaleX": 1.694, "scaleY": 1.694, "color": "51ff00ff"}], "slots": [{"name": "a12", "bone": "b101", "color": "c9551674", "attachment": "a0", "blend": "additive"}, {"name": "a5", "bone": "a1", "attachment": "a6"}, {"name": "a10", "bone": "a2", "blend": "additive"}, {"name": "a11", "bone": "a3", "attachment": "b4_08", "blend": "additive"}, {"name": "c2", "bone": "t2", "blend": "additive"}, {"name": "d1", "bone": "h1", "blend": "additive"}, {"name": "a1", "bone": "a5", "attachment": "a1"}, {"name": "a9", "bone": "b93", "blend": "additive"}, {"name": "d (1)", "bone": "t99", "blend": "additive"}, {"name": "d (1)2", "bone": "t100", "blend": "additive"}, {"name": "d5", "bone": "z1", "attachment": "b1", "blend": "additive"}, {"name": "d6", "bone": "z2", "attachment": "b1", "blend": "additive"}, {"name": "d7", "bone": "z3", "attachment": "b1", "blend": "additive"}], "skins": {"default": {"a1": {"a1": {"width": 653, "height": 158}}, "a10": {"a6": {"width": 462, "height": 124}}, "a11": {"a6c": {"y": -5.48, "width": 264, "height": 69}, "b4_01": {"width": 223, "height": 52}, "b4_02": {"width": 223, "height": 52}, "b4_03": {"width": 223, "height": 52}, "b4_04": {"width": 223, "height": 52}, "b4_05": {"width": 223, "height": 52}, "b4_06": {"width": 223, "height": 52}, "b4_07": {"width": 223, "height": 52}, "b4_08": {"width": 223, "height": 52}, "b4_09": {"width": 223, "height": 52}, "b4_10": {"width": 223, "height": 52}, "b4_11": {"width": 223, "height": 52}, "b4_12": {"width": 223, "height": 52}, "b4_13": {"width": 223, "height": 52}, "b4_14": {"width": 223, "height": 52}, "b4_15": {"width": 223, "height": 52}, "b4_16": {"width": 223, "height": 52}, "b4_17": {"width": 223, "height": 52}, "b4_18": {"width": 223, "height": 52}, "b4_19": {"width": 223, "height": 52}}, "a12": {"a0": {"width": 100, "height": 100}}, "a5": {"a6": {"width": 462, "height": 124}}, "a9": {"a1_01": {"width": 212, "height": 46}, "a1_02": {"width": 212, "height": 46}, "a1_03": {"width": 212, "height": 46}, "a1_04": {"width": 212, "height": 46}, "a1_05": {"width": 212, "height": 46}, "a1_06": {"width": 212, "height": 46}, "a1_07": {"width": 212, "height": 46}, "a1_08": {"width": 212, "height": 46}, "a1_09": {"width": 212, "height": 46}, "a1_10": {"width": 212, "height": 46}, "a1_11": {"width": 212, "height": 46}, "a1_12": {"width": 212, "height": 46}, "a1_13": {"width": 212, "height": 46}, "a1_14": {"width": 212, "height": 46}, "a1_15": {"width": 212, "height": 46}, "a1_16": {"width": 212, "height": 46}, "a1_17": {"width": 212, "height": 46}, "a1_18": {"width": 212, "height": 46}, "a1_19": {"width": 212, "height": 46}}, "c2": {"c1": {"width": 70, "height": 70}}, "d (1)": {"d (1)": {"width": 248, "height": 72}, "d (2)": {"width": 257, "height": 94}, "d (3)": {"width": 250, "height": 106}, "d (4)": {"width": 260, "height": 108}, "d (5)": {"width": 258, "height": 89}}, "d (1)2": {"d (1)": {"width": 248, "height": 72}, "d (2)": {"width": 257, "height": 94}, "d (3)": {"width": 250, "height": 106}, "d (4)": {"width": 260, "height": 108}, "d (5)": {"width": 258, "height": 89}}, "d1": {"d1": {"width": 256, "height": 255}}, "d5": {"b1": {"width": 128, "height": 128}}, "d6": {"b1": {"width": 128, "height": 128}}, "d7": {"b1": {"width": 128, "height": 128}}}}, "animations": {"a1": {"slots": {"a1": {"color": [{"time": 0.0333, "color": "ffffff00"}, {"time": 0.1333, "color": "ffffffff"}], "attachment": [{"time": 0, "name": null}, {"time": 0.0333, "name": "a1"}, {"time": 0.7, "name": "a1"}]}, "a5": {"color": [{"time": 0.3, "color": "ffffff00"}, {"time": 0.4333, "color": "ffffffff"}], "attachment": [{"time": 0, "name": null}, {"time": 0.0333, "name": null}, {"time": 0.3, "name": "a6"}, {"time": 0.7, "name": "a6"}]}, "a9": {"color": [{"time": 0.3333, "color": "ffffff00"}, {"time": 0.5, "color": "ffffffff"}], "attachment": [{"time": 0, "name": null}, {"time": 0.0333, "name": null}, {"time": 0.7, "name": null}]}, "a10": {"color": [{"time": 0.4, "color": "ffffff00"}, {"time": 0.5, "color": "ffffffff"}, {"time": 0.7, "color": "ffffff00"}], "attachment": [{"time": 0, "name": null}, {"time": 0.0333, "name": null}, {"time": 0.4, "name": "a6"}, {"time": 0.7, "name": null}]}, "a11": {"color": [{"time": 0.1666, "color": "ffffff00"}, {"time": 0.2333, "color": "ffffffff", "curve": "stepped"}, {"time": 0.3666, "color": "ffffffff"}, {"time": 0.4333, "color": "ffffff00"}], "attachment": [{"time": 0, "name": null}, {"time": 0.0333, "name": null}, {"time": 0.1666, "name": "a6c"}, {"time": 0.4333, "name": null}, {"time": 0.7, "name": null}]}, "a12": {"color": [{"time": 0.0333, "color": "c9551600"}, {"time": 0.3, "color": "c95516e0"}, {"time": 0.6333, "color": "c9551600"}], "attachment": [{"time": 0, "name": null}, {"time": 0.0333, "name": "a0"}, {"time": 0.6333, "name": null}, {"time": 0.7, "name": null}]}, "c2": {"color": [{"time": 0.0333, "color": "ffffff00"}, {"time": 0.2666, "color": "ffffffff"}, {"time": 0.4333, "color": "ffffff00"}], "attachment": [{"time": 0, "name": null}, {"time": 0.0333, "name": "c1"}, {"time": 0.4333, "name": null}, {"time": 0.7, "name": null}]}, "d1": {"color": [{"time": 0.0666, "color": "ffffff00"}, {"time": 0.4, "color": "ffffffff"}, {"time": 0.6666, "color": "ffffff00"}], "attachment": [{"time": 0, "name": null}, {"time": 0.0666, "name": "d1"}, {"time": 0.6666, "name": null}, {"time": 0.7, "name": null}]}, "d5": {"attachment": [{"time": 0, "name": null}, {"time": 0.0333, "name": null}, {"time": 0.1333, "name": "b1"}, {"time": 0.5, "name": null}, {"time": 0.7, "name": null}]}, "d6": {"attachment": [{"time": 0, "name": null}, {"time": 0.0333, "name": null}, {"time": 0.4, "name": "b1"}, {"time": 0.7, "name": null}]}, "d7": {"attachment": [{"time": 0, "name": null}, {"time": 0.0333, "name": null}, {"time": 0.2, "name": "b1"}, {"time": 0.6333, "name": null}, {"time": 0.7, "name": null}]}, "d (1)": {"attachment": [{"time": 0, "name": null}, {"time": 0.0333, "name": null}, {"time": 0.3333, "name": "d (1)"}, {"time": 0.3666, "name": "d (2)"}, {"time": 0.4, "name": "d (3)"}, {"time": 0.4333, "name": "d (4)"}, {"time": 0.4666, "name": "d (5)"}, {"time": 0.5, "name": "d (1)"}, {"time": 0.5333, "name": "d (2)"}, {"time": 0.5666, "name": "d (3)"}, {"time": 0.6, "name": "d (4)"}, {"time": 0.6333, "name": "d (5)"}, {"time": 0.6666, "name": null}, {"time": 0.7, "name": null}]}, "d (1)2": {"attachment": [{"time": 0, "name": null}, {"time": 0.0333, "name": null}, {"time": 0.2666, "name": "d (3)"}, {"time": 0.3, "name": "d (4)"}, {"time": 0.3333, "name": "d (5)"}, {"time": 0.3666, "name": "d (1)"}, {"time": 0.4, "name": "d (2)"}, {"time": 0.4333, "name": "d (3)"}, {"time": 0.4666, "name": "d (4)"}, {"time": 0.5, "name": "d (5)"}, {"time": 0.5333, "name": "d (1)"}, {"time": 0.5666, "name": "d (2)"}, {"time": 0.6, "name": null}, {"time": 0.7, "name": null}]}}, "bones": {"ooooo": {"rotate": [{"time": 0, "angle": 0, "curve": "stepped"}, {"time": 0.0333, "angle": 0, "curve": "stepped"}, {"time": 0.7, "angle": 0}], "translate": [{"time": 0, "x": 0, "y": 0, "curve": "stepped"}, {"time": 0.0333, "x": 0, "y": 0, "curve": "stepped"}, {"time": 0.7, "x": 0, "y": 0}], "scale": [{"time": 0, "x": 1, "y": 1, "curve": "stepped"}, {"time": 0.0333, "x": 1, "y": 1, "curve": "stepped"}, {"time": 0.7, "x": 1, "y": 1}]}, "bbb": {"rotate": [{"time": 0, "angle": 0, "curve": "stepped"}, {"time": 0.0333, "angle": 0, "curve": "stepped"}, {"time": 0.7, "angle": 0}], "translate": [{"time": 0, "x": 0, "y": 0, "curve": "stepped"}, {"time": 0.0333, "x": 0, "y": 0, "curve": "stepped"}, {"time": 0.7, "x": 0, "y": 0}], "scale": [{"time": 0, "x": 1, "y": 1, "curve": "stepped"}, {"time": 0.0333, "x": 1, "y": 1, "curve": "stepped"}, {"time": 0.7, "x": 1, "y": 1}]}, "t2": {"rotate": [{"time": 0, "angle": 0, "curve": "stepped"}, {"time": 0.0333, "angle": 0, "curve": "stepped"}, {"time": 0.7, "angle": 0}], "translate": [{"time": 0, "x": 0, "y": 0, "curve": "stepped"}, {"time": 0.0333, "x": 0, "y": 0, "curve": "stepped"}, {"time": 0.7, "x": 0, "y": 0}], "scale": [{"time": 0, "x": 1, "y": 1}, {"time": 0.0333, "x": 0.42, "y": 0.42}, {"time": 0.2666, "x": 1.288, "y": 1.288}, {"time": 0.4333, "x": 0.725, "y": 0.725}, {"time": 0.7, "x": 0.769, "y": 0.769}]}, "aaa": {"rotate": [{"time": 0, "angle": 0, "curve": "stepped"}, {"time": 0.0333, "angle": 0, "curve": "stepped"}, {"time": 0.7, "angle": 0}], "translate": [{"time": 0, "x": 0, "y": 0, "curve": "stepped"}, {"time": 0.0333, "x": 0, "y": 0, "curve": "stepped"}, {"time": 0.7, "x": 0, "y": 0}], "scale": [{"time": 0, "x": 1, "y": 1, "curve": "stepped"}, {"time": 0.0333, "x": 1, "y": 1, "curve": "stepped"}, {"time": 0.7, "x": 1, "y": 1}]}, "a5": {"rotate": [{"time": 0, "angle": 0, "curve": "stepped"}, {"time": 0.0333, "angle": 0, "curve": "stepped"}, {"time": 0.3, "angle": 0, "curve": "stepped"}, {"time": 0.7, "angle": 0}], "translate": [{"time": 0, "x": 0, "y": 0, "curve": "stepped"}, {"time": 0.7, "x": 0, "y": 0}], "scale": [{"time": 0, "x": 1, "y": 1}, {"time": 0.0333, "x": 0.161, "y": 0.161}, {"time": 0.2333, "x": 1.051, "y": 1.051}, {"time": 0.3, "x": 1, "y": 1, "curve": "stepped"}, {"time": 0.7, "x": 1, "y": 1}]}, "a1": {"rotate": [{"time": 0, "angle": 0, "curve": "stepped"}, {"time": 0.0333, "angle": 0, "curve": "stepped"}, {"time": 0.3, "angle": 0, "curve": "stepped"}, {"time": 0.4333, "angle": 0, "curve": "stepped"}, {"time": 0.7, "angle": 0}], "translate": [{"time": 0, "x": 0, "y": 0, "curve": "stepped"}, {"time": 0.7, "x": 0, "y": 0}], "scale": [{"time": 0, "x": 1, "y": 1, "curve": "stepped"}, {"time": 0.0333, "x": 1, "y": 1}, {"time": 0.3, "x": 1.083, "y": 1.083}, {"time": 0.4333, "x": 1, "y": 1, "curve": "stepped"}, {"time": 0.7, "x": 1, "y": 1}]}, "b93": {"rotate": [{"time": 0, "angle": 0, "curve": "stepped"}, {"time": 0.0333, "angle": 0, "curve": "stepped"}, {"time": 0.3333, "angle": 0, "curve": "stepped"}, {"time": 0.7, "angle": 0}], "translate": [{"time": 0, "x": 0, "y": 0}, {"time": 0.0333, "x": 0, "y": 202.12, "curve": "stepped"}, {"time": 0.3333, "x": 0, "y": 202.12, "curve": "stepped"}, {"time": 0.7, "x": 0, "y": 202.12}], "scale": [{"time": 0, "x": 1, "y": 1, "curve": "stepped"}, {"time": 0.0333, "x": 1, "y": 1, "curve": "stepped"}, {"time": 0.3333, "x": 1, "y": 1, "curve": "stepped"}, {"time": 0.7, "x": 1, "y": 1}]}, "a2": {"rotate": [{"time": 0, "angle": 0, "curve": "stepped"}, {"time": 0.0333, "angle": 0, "curve": "stepped"}, {"time": 0.4, "angle": 0, "curve": "stepped"}, {"time": 0.7, "angle": 0}], "translate": [{"time": 0, "x": 0, "y": 0, "curve": "stepped"}, {"time": 0.0333, "x": 0, "y": 0, "curve": "stepped"}, {"time": 0.4, "x": 0, "y": 0, "curve": "stepped"}, {"time": 0.7, "x": 0, "y": 0}], "scale": [{"time": 0, "x": 1, "y": 1, "curve": "stepped"}, {"time": 0.0333, "x": 1, "y": 1, "curve": "stepped"}, {"time": 0.4, "x": 1, "y": 1}, {"time": 0.7, "x": 1.104, "y": 1.104}]}, "a3": {"rotate": [{"time": 0, "angle": 0, "curve": "stepped"}, {"time": 0.0333, "angle": 0, "curve": "stepped"}, {"time": 0.1666, "angle": 0, "curve": "stepped"}, {"time": 0.4333, "angle": 0, "curve": "stepped"}, {"time": 0.7, "angle": 0}], "translate": [{"time": 0, "x": 0, "y": 0, "curve": "stepped"}, {"time": 0.0333, "x": 0, "y": 0, "curve": "stepped"}, {"time": 0.1666, "x": 0, "y": 0, "curve": "stepped"}, {"time": 0.4333, "x": 0, "y": 0, "curve": "stepped"}, {"time": 0.7, "x": 0, "y": 0}], "scale": [{"time": 0, "x": 1, "y": 1, "curve": "stepped"}, {"time": 0.0333, "x": 1, "y": 1}, {"time": 0.1666, "x": 4.677, "y": 4.677}, {"time": 0.4333, "x": 1, "y": 1, "curve": "stepped"}, {"time": 0.7, "x": 1, "y": 1}]}, "t99": {"rotate": [{"time": 0, "angle": 0, "curve": "stepped"}, {"time": 0.0333, "angle": 0, "curve": "stepped"}, {"time": 0.7, "angle": 0}], "translate": [{"time": 0, "x": 0, "y": 0, "curve": "stepped"}, {"time": 0.0333, "x": 0, "y": 0}, {"time": 0.3333, "x": 0, "y": 41.42}, {"time": 0.6666, "x": 0, "y": -18.88}, {"time": 0.7, "x": 0, "y": -18.44}], "scale": [{"time": 0, "x": 1, "y": 1, "curve": "stepped"}, {"time": 0.0333, "x": 1, "y": 1, "curve": "stepped"}, {"time": 0.3333, "x": 1, "y": 1}, {"time": 0.6666, "x": 1.2, "y": 0.62}, {"time": 0.7, "x": 1.195, "y": 0.628}]}, "t100": {"rotate": [{"time": 0, "angle": 0, "curve": "stepped"}, {"time": 0.0333, "angle": 0, "curve": "stepped"}, {"time": 0.7, "angle": 0}], "translate": [{"time": 0, "x": 0, "y": 0, "curve": "stepped"}, {"time": 0.0333, "x": 0, "y": 0}, {"time": 0.2666, "x": 0, "y": -43.94}, {"time": 0.6, "x": 0, "y": 13.11}, {"time": 0.7, "x": 0, "y": 12.24}], "scale": [{"time": 0, "x": 1, "y": 1, "curve": "stepped"}, {"time": 0.0333, "x": 1, "y": 1}, {"time": 0.2666, "x": 1.421, "y": 1}, {"time": 0.6, "x": 0.92, "y": 1}, {"time": 0.7, "x": 0.925, "y": 1}]}, "z1": {"rotate": [{"time": 0, "angle": 0, "curve": "stepped"}, {"time": 0.0333, "angle": 0, "curve": "stepped"}, {"time": 0.1333, "angle": 0, "curve": "stepped"}, {"time": 0.5, "angle": 0, "curve": "stepped"}, {"time": 0.7, "angle": 0}], "translate": [{"time": 0, "x": 0, "y": 0, "curve": "stepped"}, {"time": 0.0333, "x": 0, "y": 0, "curve": "stepped"}, {"time": 0.1333, "x": 0, "y": 0, "curve": "stepped"}, {"time": 0.5, "x": 0, "y": 0}, {"time": 0.7, "x": 355.02, "y": -65.26}], "scale": [{"time": 0, "x": 1, "y": 1, "curve": "stepped"}, {"time": 0.0333, "x": 1, "y": 1}, {"time": 0.1333, "x": 0.024, "y": 0.024}, {"time": 0.3333, "x": 0.4, "y": 0.4}, {"time": 0.5, "x": 0.024, "y": 0.024, "curve": "stepped"}, {"time": 0.7, "x": 0.024, "y": 0.024}]}, "z2": {"rotate": [{"time": 0, "angle": 0, "curve": "stepped"}, {"time": 0.0333, "angle": 0, "curve": "stepped"}, {"time": 0.4, "angle": 0, "curve": "stepped"}, {"time": 0.7, "angle": 0}], "translate": [{"time": 0, "x": 0, "y": 0, "curve": "stepped"}, {"time": 0.0333, "x": 0, "y": 0}, {"time": 0.4, "x": 51.13, "y": -81.47, "curve": "stepped"}, {"time": 0.7, "x": 51.13, "y": -81.47}], "scale": [{"time": 0, "x": 1, "y": 1, "curve": "stepped"}, {"time": 0.0333, "x": 1, "y": 1}, {"time": 0.4, "x": 0.018, "y": 0.018}, {"time": 0.5666, "x": 0.524, "y": 0.524}, {"time": 0.7, "x": 0.018, "y": 0.018}]}, "z3": {"rotate": [{"time": 0, "angle": 0, "curve": "stepped"}, {"time": 0.0333, "angle": 0, "curve": "stepped"}, {"time": 0.2, "angle": 0, "curve": "stepped"}, {"time": 0.6333, "angle": 0, "curve": "stepped"}, {"time": 0.7, "angle": 0}], "translate": [{"time": 0, "x": 0, "y": 0, "curve": "stepped"}, {"time": 0.0333, "x": 0, "y": 0}, {"time": 0.2, "x": -705.72, "y": -60.5, "curve": "stepped"}, {"time": 0.6333, "x": -705.72, "y": -60.5}, {"time": 0.7, "x": 151.77, "y": -44.64}], "scale": [{"time": 0, "x": 1, "y": 1, "curve": "stepped"}, {"time": 0.0333, "x": 1, "y": 1}, {"time": 0.2, "x": 0.027, "y": 0.027}, {"time": 0.4333, "x": 0.589, "y": 0.589}, {"time": 0.6333, "x": 0.027, "y": 0.027, "curve": "stepped"}, {"time": 0.7, "x": 0.027, "y": 0.027}]}, "b101": {"rotate": [{"time": 0, "angle": 0, "curve": "stepped"}, {"time": 0.7, "angle": 0}], "translate": [{"time": 0, "x": 0, "y": 0, "curve": "stepped"}, {"time": 0.7, "x": 0, "y": 0}], "scale": [{"time": 0, "x": 1, "y": 1, "curve": "stepped"}, {"time": 0.7, "x": 1, "y": 1}]}, "h1": {"rotate": [{"time": 0, "angle": 0, "curve": "stepped"}, {"time": 0.7, "angle": 0}], "translate": [{"time": 0, "x": 0, "y": 0, "curve": "stepped"}, {"time": 0.7, "x": 0, "y": 0}], "scale": [{"time": 0, "x": 1, "y": 1}, {"time": 0.0666, "x": 0.14, "y": 0.14}, {"time": 0.3666, "x": 5.418, "y": 5.418}, {"time": 0.6666, "x": 8.056, "y": 8.056}, {"time": 0.7, "x": 7.896, "y": 7.896}]}}, "drawOrder": [{"time": 0.5}, {"time": 0.7}]}, "a2": {"slots": {"a1": {"attachment": [{"time": 0, "name": "a1"}, {"time": 1.5, "name": "a1"}]}, "a5": {"color": [{"time": 1.5, "color": "ffffffff"}], "attachment": [{"time": 0, "name": "a6"}, {"time": 1.5, "name": "a6"}]}, "a9": {"attachment": [{"time": 0, "name": null}, {"time": 0.4, "name": "a1_01"}, {"time": 0.4666, "name": "a1_02"}, {"time": 0.5, "name": "a1_03"}, {"time": 0.5666, "name": "a1_04"}, {"time": 0.6333, "name": "a1_05"}, {"time": 0.7, "name": "a1_06"}, {"time": 0.7333, "name": "a1_07"}, {"time": 0.8, "name": "a1_08"}, {"time": 0.8666, "name": "a1_09"}, {"time": 0.9333, "name": "a1_10"}, {"time": 0.9666, "name": "a1_11"}, {"time": 1.0333, "name": "a1_12"}, {"time": 1.1, "name": "a1_13"}, {"time": 1.1333, "name": "a1_14"}, {"time": 1.2, "name": "a1_15"}, {"time": 1.2666, "name": "a1_16"}, {"time": 1.3333, "name": "a1_17"}, {"time": 1.3666, "name": "a1_18"}, {"time": 1.4333, "name": "a1_19"}, {"time": 1.5, "name": null}]}, "a10": {"color": [{"time": 0, "color": "ffffff00"}], "attachment": [{"time": 0, "name": null}, {"time": 1.4666, "name": null}, {"time": 1.5, "name": null}]}, "a11": {"attachment": [{"time": 0, "name": null}, {"time": 0.0333, "name": "b4_01"}, {"time": 0.1, "name": "b4_02"}, {"time": 0.1666, "name": "b4_03"}, {"time": 0.2, "name": "b4_04"}, {"time": 0.2666, "name": "b4_05"}, {"time": 0.3333, "name": "b4_06"}, {"time": 0.4, "name": "b4_07"}, {"time": 0.4666, "name": "b4_08"}, {"time": 0.5, "name": "b4_09"}, {"time": 0.5666, "name": "b4_10"}, {"time": 0.6333, "name": "b4_11"}, {"time": 0.7, "name": "b4_12"}, {"time": 0.7666, "name": "b4_13"}, {"time": 0.8333, "name": "b4_14"}, {"time": 0.8666, "name": "b4_15"}, {"time": 0.9333, "name": "b4_16"}, {"time": 1, "name": "b4_17"}, {"time": 1.0666, "name": "b4_18"}, {"time": 1.1333, "name": "b4_19"}, {"time": 1.1666, "name": null}, {"time": 1.4666, "name": null}, {"time": 1.5, "name": null}]}, "a12": {"attachment": [{"time": 0, "name": null}, {"time": 1.5, "name": null}]}, "c2": {"attachment": [{"time": 0, "name": null}, {"time": 1.4666, "name": null}, {"time": 1.5, "name": null}]}, "d1": {"attachment": [{"time": 0, "name": null}, {"time": 1.5, "name": null}]}, "d5": {"attachment": [{"time": 0, "name": null}, {"time": 0.2333, "name": "b1"}, {"time": 0.7, "name": null}, {"time": 0.9333, "name": "b1"}, {"time": 1.4, "name": null}, {"time": 1.4666, "name": null}, {"time": 1.5, "name": null}]}, "d6": {"attachment": [{"time": 0, "name": null}, {"time": 0.1, "name": "b1"}, {"time": 0.5, "name": null}, {"time": 0.5333, "name": "b1"}, {"time": 0.9, "name": null}, {"time": 1, "name": "b1"}, {"time": 1.4, "name": null}, {"time": 1.4666, "name": null}, {"time": 1.5, "name": null}]}, "d7": {"attachment": [{"time": 0, "name": null}, {"time": 0.0333, "name": "b1"}, {"time": 0.4333, "name": null}, {"time": 0.4666, "name": "b1"}, {"time": 0.9, "name": null}, {"time": 0.9333, "name": "b1"}, {"time": 1.2666, "name": null}, {"time": 1.4666, "name": null}, {"time": 1.5, "name": null}]}, "d (1)": {"attachment": [{"time": 0, "name": null}, {"time": 1.4666, "name": null}, {"time": 1.5, "name": null}]}, "d (1)2": {"attachment": [{"time": 0, "name": null}, {"time": 1.4666, "name": null}, {"time": 1.5, "name": null}]}}, "bones": {"ooooo": {"rotate": [{"time": 0, "angle": 0, "curve": "stepped"}, {"time": 1.4666, "angle": 0, "curve": "stepped"}, {"time": 1.5, "angle": 0}], "translate": [{"time": 0, "x": 0, "y": 0, "curve": "stepped"}, {"time": 1.4666, "x": 0, "y": 0, "curve": "stepped"}, {"time": 1.5, "x": 0, "y": 0}], "scale": [{"time": 0, "x": 1, "y": 1, "curve": "stepped"}, {"time": 1.4666, "x": 1, "y": 1, "curve": "stepped"}, {"time": 1.5, "x": 1, "y": 1}]}, "bbb": {"rotate": [{"time": 0, "angle": 0, "curve": "stepped"}, {"time": 1.4666, "angle": 0, "curve": "stepped"}, {"time": 1.5, "angle": 0}], "translate": [{"time": 0, "x": 0, "y": 0, "curve": "stepped"}, {"time": 1.4666, "x": 0, "y": 0, "curve": "stepped"}, {"time": 1.5, "x": 0, "y": 0}], "scale": [{"time": 0, "x": 1, "y": 1, "curve": "stepped"}, {"time": 1.4666, "x": 1, "y": 1, "curve": "stepped"}, {"time": 1.5, "x": 1, "y": 1}]}, "t2": {"rotate": [{"time": 0, "angle": 0, "curve": "stepped"}, {"time": 1.4666, "angle": 0, "curve": "stepped"}, {"time": 1.5, "angle": 0}], "translate": [{"time": 0, "x": 0, "y": 0, "curve": "stepped"}, {"time": 1.4666, "x": 0, "y": 0, "curve": "stepped"}, {"time": 1.5, "x": 0, "y": 0}], "scale": [{"time": 0, "x": 0.769, "y": 0.769}, {"time": 1.4666, "x": 1, "y": 1, "curve": "stepped"}, {"time": 1.5, "x": 1, "y": 1}]}, "aaa": {"rotate": [{"time": 0, "angle": 0, "curve": "stepped"}, {"time": 1.4666, "angle": 0, "curve": "stepped"}, {"time": 1.5, "angle": 0}], "translate": [{"time": 0, "x": 0, "y": 0, "curve": "stepped"}, {"time": 1.4666, "x": 0, "y": 0, "curve": "stepped"}, {"time": 1.5, "x": 0, "y": 0}], "scale": [{"time": 0, "x": 1, "y": 1, "curve": "stepped"}, {"time": 1.4666, "x": 1, "y": 1, "curve": "stepped"}, {"time": 1.5, "x": 1, "y": 1}]}, "a5": {"rotate": [{"time": 0, "angle": 0, "curve": "stepped"}, {"time": 1.5, "angle": 0}], "translate": [{"time": 0, "x": 0, "y": 0, "curve": "stepped"}, {"time": 1.5, "x": 0, "y": 0}], "scale": [{"time": 0, "x": 1, "y": 1, "curve": "stepped"}, {"time": 1.5, "x": 1, "y": 1}]}, "a1": {"rotate": [{"time": 0, "angle": 0, "curve": "stepped"}, {"time": 1.5, "angle": 0}], "translate": [{"time": 0, "x": 0, "y": 0, "curve": "stepped"}, {"time": 1.5, "x": 0, "y": 0}], "scale": [{"time": 0, "x": 1, "y": 1}, {"time": 0.7666, "x": 1.036, "y": 1.036}, {"time": 1.5, "x": 1, "y": 1}]}, "b93": {"rotate": [{"time": 0, "angle": 0, "curve": "stepped"}, {"time": 1.5, "angle": 0}], "translate": [{"time": 0, "x": 0, "y": 0, "curve": "stepped"}, {"time": 1.5, "x": 0, "y": 0}], "scale": [{"time": 0, "x": 1, "y": 1, "curve": "stepped"}, {"time": 1.5, "x": 1, "y": 1}]}, "a2": {"rotate": [{"time": 0, "angle": 0, "curve": "stepped"}, {"time": 1.4666, "angle": 0, "curve": "stepped"}, {"time": 1.5, "angle": 0}], "translate": [{"time": 0, "x": 0, "y": 0, "curve": "stepped"}, {"time": 1.4666, "x": 0, "y": 0, "curve": "stepped"}, {"time": 1.5, "x": 0, "y": 0}], "scale": [{"time": 0, "x": 1.104, "y": 1.104}, {"time": 1.4666, "x": 1, "y": 1, "curve": "stepped"}, {"time": 1.5, "x": 1, "y": 1}]}, "a3": {"rotate": [{"time": 0, "angle": 0, "curve": "stepped"}, {"time": 1.4666, "angle": 0, "curve": "stepped"}, {"time": 1.5, "angle": 0}], "translate": [{"time": 0, "x": 0, "y": 0, "curve": "stepped"}, {"time": 1.4666, "x": 0, "y": 0, "curve": "stepped"}, {"time": 1.5, "x": 0, "y": 0}], "scale": [{"time": 0, "x": 1, "y": 1, "curve": "stepped"}, {"time": 1.4666, "x": 1, "y": 1, "curve": "stepped"}, {"time": 1.5, "x": 1, "y": 1}]}, "t99": {"rotate": [{"time": 0, "angle": 0, "curve": "stepped"}, {"time": 1.4666, "angle": 0, "curve": "stepped"}, {"time": 1.5, "angle": 0}], "translate": [{"time": 0, "x": 0, "y": -18.44}, {"time": 1.4666, "x": 0, "y": 0, "curve": "stepped"}, {"time": 1.5, "x": 0, "y": 0}], "scale": [{"time": 0, "x": 1.195, "y": 0.628}, {"time": 1.4666, "x": 1, "y": 1, "curve": "stepped"}, {"time": 1.5, "x": 1, "y": 1}]}, "t100": {"rotate": [{"time": 0, "angle": 0, "curve": "stepped"}, {"time": 1.4666, "angle": 0, "curve": "stepped"}, {"time": 1.5, "angle": 0}], "translate": [{"time": 0, "x": 0, "y": 12.24}, {"time": 1.4666, "x": 0, "y": 0, "curve": "stepped"}, {"time": 1.5, "x": 0, "y": 0}], "scale": [{"time": 0, "x": 0.925, "y": 1}, {"time": 1.4666, "x": 1, "y": 1, "curve": "stepped"}, {"time": 1.5, "x": 1, "y": 1}]}, "z1": {"rotate": [{"time": 0, "angle": 0, "curve": "stepped"}, {"time": 0.2333, "angle": 0, "curve": "stepped"}, {"time": 0.7, "angle": 0, "curve": "stepped"}, {"time": 0.9333, "angle": 0, "curve": "stepped"}, {"time": 1.4, "angle": 0, "curve": "stepped"}, {"time": 1.4666, "angle": 0, "curve": "stepped"}, {"time": 1.5, "angle": 0}], "translate": [{"time": 0, "x": 355.02, "y": -65.26}, {"time": 0.2333, "x": 769.21, "y": -141.39, "curve": "stepped"}, {"time": 0.7, "x": 769.21, "y": -141.39}, {"time": 0.9333, "x": 0, "y": 0, "curve": "stepped"}, {"time": 1.4, "x": 0, "y": 0, "curve": "stepped"}, {"time": 1.4666, "x": 0, "y": 0, "curve": "stepped"}, {"time": 1.5, "x": 0, "y": 0}], "scale": [{"time": 0, "x": 0.024, "y": 0.024, "curve": "stepped"}, {"time": 0.2333, "x": 0.024, "y": 0.024}, {"time": 0.5, "x": 0.467, "y": 0.467}, {"time": 0.7, "x": 0.024, "y": 0.024, "curve": "stepped"}, {"time": 0.9333, "x": 0.024, "y": 0.024}, {"time": 1.1, "x": 0.4, "y": 0.4}, {"time": 1.4, "x": 0.024, "y": 0.024}, {"time": 1.4666, "x": 1, "y": 1, "curve": "stepped"}, {"time": 1.5, "x": 1, "y": 1}]}, "z2": {"rotate": [{"time": 0, "angle": 0, "curve": "stepped"}, {"time": 0.1, "angle": 0, "curve": "stepped"}, {"time": 0.5, "angle": 0, "curve": "stepped"}, {"time": 0.5333, "angle": 0, "curve": "stepped"}, {"time": 0.9, "angle": 0, "curve": "stepped"}, {"time": 1, "angle": 0, "curve": "stepped"}, {"time": 1.4, "angle": 0, "curve": "stepped"}, {"time": 1.4666, "angle": 0, "curve": "stepped"}, {"time": 1.5, "angle": 0}], "translate": [{"time": 0, "x": 51.13, "y": -81.47}, {"time": 0.1, "x": -545.99, "y": -210.39, "curve": "stepped"}, {"time": 0.5, "x": -545.99, "y": -210.39}, {"time": 0.5333, "x": -434.36, "y": 8.38, "curve": "stepped"}, {"time": 0.9, "x": -434.36, "y": 8.38}, {"time": 1, "x": -14.24, "y": -33.15, "curve": "stepped"}, {"time": 1.4, "x": -14.24, "y": -33.15}, {"time": 1.4666, "x": 0, "y": 0, "curve": "stepped"}, {"time": 1.5, "x": 0, "y": 0}], "scale": [{"time": 0, "x": 0.018, "y": 0.018, "curve": "stepped"}, {"time": 0.1, "x": 0.018, "y": 0.018}, {"time": 0.2666, "x": 0.57, "y": 0.57}, {"time": 0.5, "x": 0.018, "y": 0.018, "curve": "stepped"}, {"time": 0.5333, "x": 0.018, "y": 0.018}, {"time": 0.7, "x": 0.433, "y": 0.433}, {"time": 0.9, "x": 0.018, "y": 0.018, "curve": "stepped"}, {"time": 1, "x": 0.018, "y": 0.018}, {"time": 1.1666, "x": 0.57, "y": 0.57}, {"time": 1.4, "x": 0.018, "y": 0.018}, {"time": 1.4666, "x": 1, "y": 1, "curve": "stepped"}, {"time": 1.5, "x": 1, "y": 1}]}, "z3": {"rotate": [{"time": 0, "angle": 0, "curve": "stepped"}, {"time": 0.0333, "angle": 0, "curve": "stepped"}, {"time": 0.4333, "angle": 0, "curve": "stepped"}, {"time": 0.4666, "angle": 0, "curve": "stepped"}, {"time": 0.9, "angle": 0, "curve": "stepped"}, {"time": 0.9333, "angle": 0, "curve": "stepped"}, {"time": 1.2666, "angle": 0, "curve": "stepped"}, {"time": 1.4666, "angle": 0, "curve": "stepped"}, {"time": 1.5, "angle": 0}], "translate": [{"time": 0, "x": 151.77, "y": -44.64}, {"time": 0.0333, "x": -28.62, "y": -71.07, "curve": "stepped"}, {"time": 0.4333, "x": -28.62, "y": -71.07}, {"time": 0.4666, "x": -696.09, "y": -94.53, "curve": "stepped"}, {"time": 0.9, "x": -696.09, "y": -94.53}, {"time": 0.9333, "x": -24.41, "y": 151.14, "curve": "stepped"}, {"time": 1.2666, "x": -24.41, "y": 151.14}, {"time": 1.4666, "x": 0, "y": 0, "curve": "stepped"}, {"time": 1.5, "x": 0, "y": 0}], "scale": [{"time": 0, "x": 0.027, "y": 0.027, "curve": "stepped"}, {"time": 0.0333, "x": 0.027, "y": 0.027}, {"time": 0.2, "x": 0.589, "y": 0.589}, {"time": 0.4333, "x": 0.027, "y": 0.027, "curve": "stepped"}, {"time": 0.4666, "x": 0.027, "y": 0.027}, {"time": 0.6666, "x": 0.589, "y": 0.589}, {"time": 0.9, "x": 0.027, "y": 0.027, "curve": "stepped"}, {"time": 0.9333, "x": 0.027, "y": 0.027}, {"time": 1.1, "x": 0.589, "y": 0.589}, {"time": 1.2666, "x": 0.027, "y": 0.027}, {"time": 1.4666, "x": 1, "y": 1, "curve": "stepped"}, {"time": 1.5, "x": 1, "y": 1}]}, "b101": {"rotate": [{"time": 0, "angle": 0, "curve": "stepped"}, {"time": 1.5, "angle": 0}], "translate": [{"time": 0, "x": 0, "y": 0, "curve": "stepped"}, {"time": 1.5, "x": 0, "y": 0}], "scale": [{"time": 0, "x": 1, "y": 1, "curve": "stepped"}, {"time": 1.5, "x": 1, "y": 1}]}, "h1": {"rotate": [{"time": 0, "angle": 0, "curve": "stepped"}, {"time": 1.5, "angle": 0}], "translate": [{"time": 0, "x": 0, "y": 0, "curve": "stepped"}, {"time": 1.5, "x": 0, "y": 0}], "scale": [{"time": 0, "x": 7.896, "y": 7.896}, {"time": 1.5, "x": 1, "y": 1}]}}}}}