{"skeleton":{"hash":"K0uidCm8eFk","spine":"3.8-from-4.0-from-4.1.23","x":-374.11,"y":-941.56,"width":750,"height":1377.8,"images":"./donghua/accelerate_di/","audio":""},"bones":[{"name":"root"},{"name":"bone","parent":"root","length":250.73,"scaleX":0.63,"scaleY":0.76},{"name":"accelerate_di_1","parent":"bone","scaleY":1.4}],"slots":[{"name":"accelerate_di_1","bone":"accelerate_di_1","attachment":"accelerate_di_1","blend":"screen"}],"skins":[{"name":"default","attachments":{"accelerate_di_1":{"accelerate_di_1":{"width":524,"height":820},"accelerate_di_2":{"width":524,"height":820},"accelerate_di_3":{"width":524,"height":820},"accelerate_di_4":{"width":524,"height":820},"accelerate_di_5":{"width":524,"height":820},"accelerate_di_6":{"width":524,"height":820},"accelerate_di_7":{"width":524,"height":820},"accelerate_di_8":{"width":524,"height":820},"accelerate_di_9":{"width":524,"height":820},"accelerate_di_10":{"width":524,"height":820},"accelerate_di_11":{"width":524,"height":820},"accelerate_di_12":{"width":524,"height":820},"accelerate_di_13":{"width":524,"height":820},"accelerate_di_14":{"width":524,"height":820},"accelerate_di_15":{"width":524,"height":820},"accelerate_di_16":{"width":524,"height":820},"accelerate_di_17":{"width":524,"height":820},"accelerate_di_18":{"width":524,"height":820},"accelerate_di_19":{"width":524,"height":820}}}}],"animations":{"accelerate_di_long":{"slots":{"accelerate_di_1":{"color":[{"color":"ffffff00"},{"time":0.0667,"color":"ffffffff","curve":"stepped"},{"time":5.4,"color":"ffffffff"},{"time":5.4667,"color":"ffffff00"}],"attachment":[{"time":0.1333,"name":"accelerate_di_2"},{"time":0.2,"name":"accelerate_di_3"},{"time":0.2667,"name":"accelerate_di_4"},{"time":0.3333,"name":"accelerate_di_5"},{"time":0.4,"name":"accelerate_di_6"},{"time":1,"name":"accelerate_di_7"},{"time":1.6667,"name":"accelerate_di_8"},{"time":2.3333,"name":"accelerate_di_9"},{"time":3,"name":"accelerate_di_10"},{"time":3.6667,"name":"accelerate_di_11"},{"time":4.3333,"name":"accelerate_di_12"},{"time":5,"name":"accelerate_di_13"},{"time":5.0667,"name":"accelerate_di_14"},{"time":5.1333,"name":"accelerate_di_15"},{"time":5.2,"name":"accelerate_di_16"},{"time":5.2667,"name":"accelerate_di_17"},{"time":5.3333,"name":"accelerate_di_18"},{"time":5.4,"name":"accelerate_di_19"}]}}},"accelerate_di_short":{"slots":{"accelerate_di_1":{"color":[{"color":"ffffff00"},{"time":0.0667,"color":"ffffffff","curve":"stepped"},{"time":5.4,"color":"ffffffff"},{"time":5.4667,"color":"ffffff00"}],"attachment":[{"time":0.1333,"name":"accelerate_di_2"},{"time":0.2,"name":"accelerate_di_3"},{"time":0.2667,"name":"accelerate_di_4"},{"time":0.3333,"name":"accelerate_di_5"},{"time":0.4,"name":"accelerate_di_6"},{"time":1,"name":"accelerate_di_7"},{"time":1.6667,"name":"accelerate_di_8"},{"time":2.3333,"name":"accelerate_di_9"},{"time":3,"name":"accelerate_di_10"},{"time":3.6667,"name":"accelerate_di_11"},{"time":4.3333,"name":"accelerate_di_12"},{"time":5,"name":"accelerate_di_13"},{"time":5.0667,"name":"accelerate_di_14"},{"time":5.1333,"name":"accelerate_di_15"},{"time":5.2,"name":"accelerate_di_16"},{"time":5.2667,"name":"accelerate_di_17"},{"time":5.3333,"name":"accelerate_di_18"},{"time":5.4,"name":"accelerate_di_19"}]}},"bones":{"accelerate_di_1":{"scale":[{"y":0.714}]}}},"accelerate_di_short2":{"slots":{"accelerate_di_1":{"color":[{"color":"ffffff00"},{"time":0.0667,"color":"ffffffff","curve":"stepped"},{"time":0.8,"color":"ffffffff"},{"time":0.8667,"color":"ffffff00"}],"attachment":[{"time":0.1333,"name":"accelerate_di_2"},{"time":0.2,"name":"accelerate_di_3"},{"time":0.2667,"name":"accelerate_di_4"},{"time":0.3333,"name":"accelerate_di_5"},{"time":0.4,"name":"accelerate_di_6"},{"time":0.4667,"name":"accelerate_di_7"},{"time":0.5333,"name":"accelerate_di_8"},{"time":0.6,"name":"accelerate_di_9"},{"time":0.6667,"name":"accelerate_di_10"},{"time":0.7333,"name":"accelerate_di_11"},{"time":0.8,"name":"accelerate_di_12"}]}},"bones":{"accelerate_di_1":{"scale":[{"y":0.714}]}}}}}