{"skeleton":{"hash":"jS5la6tWQgQo1k+sk+M3L8B5jlg","spine":"3.8.99","x":-375,"y":-952.58,"width":750,"height":1334,"images":"","audio":"F:/gongzuo/fortune-ox/连线"},"bones":[{"name":"root"},{"name":"lianxian","parent":"root"},{"name":"xianglow","parent":"lianxian"},{"name":"xianxulie","parent":"lianxian"},{"name":"xian","parent":"lianxian"}],"slots":[{"name":"2","bone":"root","color":"6a6a6aff"},{"name":"xian10_00","bone":"xianglow","attachment":"xian9_00","blend":"additive"},{"name":"xian10_01","bone":"xian","blend":"additive"},{"name":"xian_1_09","bone":"xianxulie","attachment":"xian_9_23","blend":"additive"}],"skins":[{"name":"default","attachments":{"xian10_00":{"xian1_00":{"width":750,"height":600},"xian2_00":{"width":750,"height":600},"xian3_00":{"width":750,"height":600},"xian4_00":{"width":750,"height":600},"xian5_00":{"width":750,"height":600},"xian6_00":{"width":750,"height":600},"xian7_00":{"width":750,"height":600},"xian8_00":{"width":750,"height":600},"xian9_00":{"width":750,"height":600},"xian10_00":{"width":750,"height":600}},"xian10_01":{"xian1_01":{"width":750,"height":600},"xian2_01":{"width":750,"height":600},"xian3_01":{"width":750,"height":600},"xian4_01":{"width":750,"height":600},"xian5_01":{"width":750,"height":600},"xian6_01":{"width":750,"height":600},"xian7_01":{"width":750,"height":600},"xian8_01":{"width":750,"height":600},"xian9_01":{"width":750,"height":600},"xian10_01":{"width":750,"height":600}},"xian_1_09":{"xian_1_09":{"width":750,"height":600},"xian_1_11":{"width":750,"height":600},"xian_1_13":{"width":750,"height":600},"xian_1_15":{"width":750,"height":600},"xian_1_17":{"width":750,"height":600},"xian_1_19":{"width":750,"height":600},"xian_1_21":{"width":750,"height":600},"xian_1_23":{"width":750,"height":600},"xian_2_09":{"width":750,"height":600},"xian_2_11":{"width":750,"height":600},"xian_2_13":{"width":750,"height":600},"xian_2_15":{"width":750,"height":600},"xian_2_17":{"width":750,"height":600},"xian_2_19":{"width":750,"height":600},"xian_2_21":{"width":750,"height":600},"xian_2_23":{"width":750,"height":600},"xian_3_09":{"width":750,"height":600},"xian_3_11":{"width":750,"height":600},"xian_3_13":{"width":750,"height":600},"xian_3_15":{"width":750,"height":600},"xian_3_17":{"width":750,"height":600},"xian_3_19":{"width":750,"height":600},"xian_3_21":{"width":750,"height":600},"xian_3_23":{"width":750,"height":600},"xian_4_09":{"width":750,"height":600},"xian_4_11":{"width":750,"height":600},"xian_4_13":{"width":750,"height":600},"xian_4_15":{"width":750,"height":600},"xian_4_17":{"width":750,"height":600},"xian_4_19":{"width":750,"height":600},"xian_4_21":{"width":750,"height":600},"xian_4_23":{"width":750,"height":600},"xian_5_09":{"width":750,"height":600},"xian_5_11":{"width":750,"height":600},"xian_5_13":{"width":750,"height":600},"xian_5_15":{"width":750,"height":600},"xian_5_17":{"width":750,"height":600},"xian_5_19":{"width":750,"height":600},"xian_5_21":{"width":750,"height":600},"xian_5_23":{"width":750,"height":600},"xian_6_09":{"width":750,"height":600},"xian_6_11":{"width":750,"height":600},"xian_6_13":{"width":750,"height":600},"xian_6_15":{"width":750,"height":600},"xian_6_17":{"width":750,"height":600},"xian_6_19":{"width":750,"height":600},"xian_6_21":{"width":750,"height":600},"xian_6_23":{"width":750,"height":600},"xian_7_09":{"width":750,"height":600},"xian_7_11":{"width":750,"height":600},"xian_7_13":{"width":750,"height":600},"xian_7_15":{"width":750,"height":600},"xian_7_17":{"width":750,"height":600},"xian_7_19":{"width":750,"height":600},"xian_7_21":{"width":750,"height":600},"xian_7_23":{"width":750,"height":600},"xian_8_09":{"width":750,"height":600},"xian_8_11":{"width":750,"height":600},"xian_8_13":{"width":750,"height":600},"xian_8_15":{"width":750,"height":600},"xian_8_17":{"width":750,"height":600},"xian_8_19":{"width":750,"height":600},"xian_8_21":{"width":750,"height":600},"xian_8_23":{"width":750,"height":600},"xian_9_09":{"width":750,"height":600},"xian_9_11":{"width":750,"height":600},"xian_9_13":{"width":750,"height":600},"xian_9_15":{"width":750,"height":600},"xian_9_17":{"width":750,"height":600},"xian_9_19":{"width":750,"height":600},"xian_9_21":{"width":750,"height":600},"xian_9_23":{"width":750,"height":600},"xian_10_09":{"width":750,"height":600},"xian_10_11":{"width":750,"height":600},"xian_10_13":{"width":750,"height":600},"xian_10_15":{"width":750,"height":600},"xian_10_17":{"width":750,"height":600},"xian_10_19":{"width":750,"height":600},"xian_10_21":{"width":750,"height":600},"xian_10_23":{"width":750,"height":600}}}}],"animations":{"xian_1":{"slots":{"xian10_00":{"color":[{"color":"ffffff00"},{"time":0.5,"color":"ffffffff","curve":"stepped"},{"time":1,"color":"ffffffff"}],"attachment":[{"name":"xian1_00"}]},"xian10_01":{"color":[{"color":"ffffff18"},{"time":0.3333,"color":"ffffffff"}],"attachment":[{"name":"xian1_01"}]},"xian_1_09":{"attachment":[{"name":null},{"time":0.3,"name":"xian_1_09"},{"time":0.3667,"name":"xian_1_11"},{"time":0.4333,"name":"xian_1_13"},{"time":0.5,"name":"xian_1_15"},{"time":0.5667,"name":"xian_1_17"},{"time":0.6333,"name":"xian_1_19"},{"time":0.7,"name":"xian_1_21"},{"time":0.7667,"name":"xian_1_23"},{"time":0.8,"name":null}]}}},"xian_2":{"slots":{"xian10_00":{"color":[{"color":"ffffff00"},{"time":0.5,"color":"ffffffff","curve":"stepped"},{"time":1,"color":"ffffffff"}],"attachment":[{"name":"xian2_00"}]},"xian10_01":{"color":[{"color":"ffffff18"},{"time":0.3333,"color":"ffffffff"}],"attachment":[{"name":"xian2_01"}]},"xian_1_09":{"attachment":[{"name":null},{"time":0.3,"name":"xian_2_09"},{"time":0.3667,"name":"xian_2_11"},{"time":0.4333,"name":"xian_2_13"},{"time":0.5,"name":"xian_2_15"},{"time":0.5667,"name":"xian_2_17"},{"time":0.6333,"name":"xian_2_19"},{"time":0.7,"name":"xian_2_21"},{"time":0.7667,"name":"xian_2_23"},{"time":0.8,"name":null}]}}},"xian_3":{"slots":{"xian10_00":{"color":[{"color":"ffffff00"},{"time":0.5,"color":"ffffffff","curve":"stepped"},{"time":1,"color":"ffffffff"}],"attachment":[{"name":"xian3_00"}]},"xian10_01":{"color":[{"color":"ffffff18"},{"time":0.3333,"color":"ffffffff"}],"attachment":[{"name":"xian3_01"}]},"xian_1_09":{"attachment":[{"name":null},{"time":0.3,"name":"xian_3_09"},{"time":0.3667,"name":"xian_3_11"},{"time":0.4333,"name":"xian_3_13"},{"time":0.5,"name":"xian_3_15"},{"time":0.5667,"name":"xian_3_17"},{"time":0.6333,"name":"xian_3_19"},{"time":0.7,"name":"xian_3_21"},{"time":0.7667,"name":"xian_3_23"},{"time":0.8,"name":null}]}}},"xian_4":{"slots":{"xian10_00":{"color":[{"color":"ffffff00"},{"time":0.5,"color":"ffffffff","curve":"stepped"},{"time":1,"color":"ffffffff"}],"attachment":[{"name":"xian4_00"}]},"xian10_01":{"color":[{"color":"ffffff18"},{"time":0.3333,"color":"ffffffff"}],"attachment":[{"name":"xian4_01"}]},"xian_1_09":{"attachment":[{"name":null},{"time":0.3,"name":"xian_4_09"},{"time":0.3667,"name":"xian_4_11"},{"time":0.4333,"name":"xian_4_13"},{"time":0.5,"name":"xian_4_15"},{"time":0.5667,"name":"xian_4_17"},{"time":0.6333,"name":"xian_4_19"},{"time":0.7,"name":"xian_4_21"},{"time":0.7667,"name":"xian_4_23"},{"time":0.8,"name":null}]}}},"xian_5":{"slots":{"xian10_00":{"color":[{"color":"ffffff00"},{"time":0.5,"color":"ffffffff","curve":"stepped"},{"time":1,"color":"ffffffff"}],"attachment":[{"name":"xian5_00"}]},"xian10_01":{"color":[{"color":"ffffff18"},{"time":0.3333,"color":"ffffffff"}],"attachment":[{"name":"xian5_01"}]},"xian_1_09":{"attachment":[{"name":null},{"time":0.3,"name":"xian_5_09"},{"time":0.3667,"name":"xian_5_11"},{"time":0.4333,"name":"xian_5_13"},{"time":0.5,"name":"xian_5_15"},{"time":0.5667,"name":"xian_5_17"},{"time":0.6333,"name":"xian_5_19"},{"time":0.7,"name":"xian_5_21"},{"time":0.7667,"name":"xian_5_23"},{"time":0.8,"name":null}]}}},"xian_6":{"slots":{"xian10_00":{"color":[{"color":"ffffff00"},{"time":0.5,"color":"ffffffff","curve":"stepped"},{"time":1,"color":"ffffffff"}],"attachment":[{"name":"xian6_00"}]},"xian10_01":{"color":[{"color":"ffffff18"},{"time":0.3333,"color":"ffffffff"}],"attachment":[{"name":"xian6_01"}]},"xian_1_09":{"attachment":[{"name":null},{"time":0.3,"name":"xian_6_09"},{"time":0.3667,"name":"xian_6_11"},{"time":0.4333,"name":"xian_6_13"},{"time":0.5,"name":"xian_6_15"},{"time":0.5667,"name":"xian_6_17"},{"time":0.6333,"name":"xian_6_19"},{"time":0.7,"name":"xian_6_21"},{"time":0.7667,"name":"xian_6_23"},{"time":0.8,"name":null}]}}},"xian_7":{"slots":{"xian10_00":{"color":[{"color":"ffffff00"},{"time":0.5,"color":"ffffffff","curve":"stepped"},{"time":1,"color":"ffffffff"}],"attachment":[{"name":"xian7_00"}]},"xian10_01":{"color":[{"color":"ffffff18"},{"time":0.3333,"color":"ffffffff"}],"attachment":[{"name":"xian7_01"}]},"xian_1_09":{"attachment":[{"name":null},{"time":0.3,"name":"xian_7_09"},{"time":0.3667,"name":"xian_7_11"},{"time":0.4333,"name":"xian_7_13"},{"time":0.5,"name":"xian_7_15"},{"time":0.5667,"name":"xian_7_17"},{"time":0.6333,"name":"xian_7_19"},{"time":0.7,"name":"xian_7_21"},{"time":0.7667,"name":"xian_7_23"},{"time":0.8,"name":null}]}}},"xian_8":{"slots":{"xian10_00":{"color":[{"color":"ffffff00"},{"time":0.5,"color":"ffffffff","curve":"stepped"},{"time":1,"color":"ffffffff"}],"attachment":[{"name":"xian8_00"}]},"xian10_01":{"color":[{"color":"ffffff18"},{"time":0.3333,"color":"ffffffff"}],"attachment":[{"name":"xian8_01"}]},"xian_1_09":{"attachment":[{"name":null},{"time":0.3,"name":"xian_8_09"},{"time":0.3667,"name":"xian_8_11"},{"time":0.4333,"name":"xian_8_13"},{"time":0.5,"name":"xian_8_15"},{"time":0.5667,"name":"xian_8_17"},{"time":0.6333,"name":"xian_8_19"},{"time":0.7,"name":"xian_8_21"},{"time":0.7667,"name":"xian_8_23"},{"time":0.8,"name":null}]}}},"xian_9":{"slots":{"xian10_00":{"color":[{"color":"ffffff00"},{"time":0.5,"color":"ffffffff","curve":"stepped"},{"time":1,"color":"ffffffff"}]},"xian10_01":{"color":[{"color":"ffffff18"},{"time":0.3333,"color":"ffffffff"}],"attachment":[{"name":"xian9_01"}]},"xian_1_09":{"attachment":[{"name":null},{"time":0.3,"name":"xian_9_09"},{"time":0.3667,"name":"xian_9_11"},{"time":0.4333,"name":"xian_9_13"},{"time":0.5,"name":"xian_9_15"},{"time":0.5667,"name":"xian_9_17"},{"time":0.6333,"name":"xian_9_19"},{"time":0.7,"name":"xian_9_21"},{"time":0.7667,"name":"xian_9_23"},{"time":0.8,"name":null}]}}},"xian_10":{"slots":{"xian10_00":{"color":[{"color":"ffffff00"},{"time":0.5,"color":"ffffffff","curve":"stepped"},{"time":1,"color":"ffffffff"}],"attachment":[{"name":"xian10_00"}]},"xian10_01":{"color":[{"color":"ffffff18"},{"time":0.3333,"color":"ffffffff"}],"attachment":[{"name":"xian10_01"}]},"xian_1_09":{"attachment":[{"name":null},{"time":0.3,"name":"xian_10_09"},{"time":0.3667,"name":"xian_10_11"},{"time":0.4333,"name":"xian_10_13"},{"time":0.5,"name":"xian_10_15"},{"time":0.5667,"name":"xian_10_17"},{"time":0.6333,"name":"xian_10_19"},{"time":0.7,"name":"xian_10_21"},{"time":0.7667,"name":"xian_10_23"},{"time":0.8,"name":null}]}}}}}