{"skeleton":{"hash":"gpUSThVz30w","spine":"3.8-from-4.0-from-4.1.23","images":"./donghua/free_aperture/","audio":""},"bones":[{"name":"root"},{"name":"aperture_1","parent":"root"}],"slots":[{"name":"aperture_1","bone":"aperture_1","blend":"screen"}],"skins":[{"name":"default","attachments":{"aperture_1":{"aperture_1":{"width":586,"height":573},"aperture_2":{"y":0.5,"width":586,"height":573},"aperture_3":{"y":0.5,"width":586,"height":573},"aperture_4":{"y":0.5,"width":586,"height":573},"aperture_5":{"y":0.5,"width":586,"height":573},"aperture_6":{"y":0.5,"width":586,"height":573},"aperture_7":{"y":0.5,"width":586,"height":573}}}}],"animations":{"free_aperture":{"slots":{"aperture_1":{"attachment":[{"name":"aperture_1"},{"time":0.0667,"name":"aperture_2"},{"time":0.1333,"name":"aperture_3"},{"time":0.2,"name":"aperture_4"},{"time":0.2667,"name":"aperture_5"},{"time":0.3333,"name":"aperture_6"},{"time":0.4,"name":"aperture_7"},{"time":0.4667,"name":null}]}}}}}