{"skeleton":{"hash":"qN340TYVkWc","spine":"3.8-from-4.0-from-4.1.23","x":-450,"y":-750,"width":900,"height":1500,"images":"./win/","audio":""},"bones":[{"name":"root"},{"name":"bone","parent":"root","length":163.47},{"name":"Award_1_title","parent":"root","y":120.94},{"name":"Award_light_1","parent":"root","y":50.27},{"name":"Award_light_2","parent":"root","y":59.59},{"name":"jinbilizi","parent":"root","scaleX":3,"scaleY":3},{"name":"jinbilizi2","parent":"root","scaleX":-3,"scaleY":3},{"name":"jinbilizi3","parent":"root","scaleX":3,"scaleY":-3}],"slots":[{"name":"Award_1","bone":"bone"},{"name":"jinbilizi01","bone":"jinbilizi","attachment":"jinbilizi12"},{"name":"jinbilizi02","bone":"jinbilizi2","attachment":"jinbilizi12"},{"name":"jinbilizi03","bone":"jinbilizi3","attachment":"jinbilizi12"},{"name":"Award_light_2","bone":"Award_light_2","blend":"screen"},{"name":"Award_light_1","bone":"Award_light_1"},{"name":"Award_1_title","bone":"Award_1_title"}],"skins":[{"name":"default","attachments":{"Award_1":{"Award_1":{"y":-59.35,"width":759,"height":1105},"Award_2":{"x":-1.75,"y":-34.91,"width":759,"height":1139},"Award_3":{"y":5.24,"width":759,"height":1227}},"Award_1_title":{"Award_1_title":{"y":14.84,"scaleX":0.78,"scaleY":0.78,"width":516,"height":295},"Award_2_title":{"y":20.98,"scaleX":0.78,"scaleY":0.78,"width":454,"height":312},"Award_3_title":{"x":-1.75,"y":20.95,"scaleX":0.78,"scaleY":0.78,"width":794,"height":303}},"Award_light_1":{"Award_light_1":{"width":711,"height":710}},"Award_light_2":{"Award_light_2":{"scaleX":2.3,"scaleY":2.3,"width":538,"height":596}},"jinbilizi01":{"jinbilizi01":{"width":300,"height":500},"jinbilizi02":{"width":300,"height":500},"jinbilizi03":{"width":300,"height":500},"jinbilizi04":{"width":300,"height":500},"jinbilizi05":{"width":300,"height":500},"jinbilizi06":{"width":300,"height":500},"jinbilizi07":{"width":300,"height":500},"jinbilizi08":{"width":300,"height":500},"jinbilizi09":{"width":300,"height":500},"jinbilizi10":{"width":300,"height":500},"jinbilizi11":{"width":300,"height":500},"jinbilizi12":{"width":300,"height":500},"jinbilizi13":{"width":300,"height":500},"jinbilizi14":{"width":300,"height":500},"jinbilizi15":{"width":300,"height":500},"jinbilizi16":{"width":300,"height":500}},"jinbilizi02":{"jinbilizi01":{"width":300,"height":500},"jinbilizi02":{"width":300,"height":500},"jinbilizi03":{"width":300,"height":500},"jinbilizi04":{"width":300,"height":500},"jinbilizi05":{"width":300,"height":500},"jinbilizi06":{"width":300,"height":500},"jinbilizi07":{"width":300,"height":500},"jinbilizi08":{"width":300,"height":500},"jinbilizi09":{"width":300,"height":500},"jinbilizi10":{"width":300,"height":500},"jinbilizi11":{"width":300,"height":500},"jinbilizi12":{"width":300,"height":500},"jinbilizi13":{"width":300,"height":500},"jinbilizi14":{"width":300,"height":500},"jinbilizi15":{"width":300,"height":500},"jinbilizi16":{"width":300,"height":500}},"jinbilizi03":{"jinbilizi01":{"width":300,"height":500},"jinbilizi02":{"width":300,"height":500},"jinbilizi03":{"width":300,"height":500},"jinbilizi04":{"width":300,"height":500},"jinbilizi05":{"width":300,"height":500},"jinbilizi06":{"width":300,"height":500},"jinbilizi07":{"width":300,"height":500},"jinbilizi08":{"width":300,"height":500},"jinbilizi09":{"width":300,"height":500},"jinbilizi10":{"width":300,"height":500},"jinbilizi11":{"width":300,"height":500},"jinbilizi12":{"width":300,"height":500},"jinbilizi13":{"width":300,"height":500},"jinbilizi14":{"width":300,"height":500},"jinbilizi15":{"width":300,"height":500},"jinbilizi16":{"width":300,"height":500}}}}],"animations":{"big":{"slots":{"Award_1":{"attachment":[{"name":"Award_1"}]},"Award_1_title":{"color":[{"time":0.1333,"color":"ffffff1a"},{"time":0.4667,"color":"ffffffff"}],"attachment":[{"time":0.1333,"name":"Award_1_title"}]},"Award_light_1":{"color":[{"color":"ffffff00"},{"time":0.1333,"color":"ffffff1c"},{"time":0.5333,"color":"ffffffff"}],"attachment":[{"name":"Award_light_1"}]},"Award_light_2":{"color":[{"time":0.2333,"color":"ffffff00"},{"time":0.2667,"color":"ffffff3b"},{"time":0.5333,"color":"fffffffe"}],"attachment":[{"time":0.2333,"name":"Award_light_2"}]},"jinbilizi01":{"attachment":[{"name":null}]},"jinbilizi02":{"attachment":[{"name":null}]},"jinbilizi03":{"attachment":[{"name":null}]}},"bones":{"Award_1_title":{"translate":[{"y":11.06}],"scale":[{"time":0.1333,"x":0.734,"y":0.734},{"time":0.2},{"time":0.2667,"x":1.2,"y":1.2},{"time":0.4667}]},"Award_light_1":{"scale":[{"x":0,"y":0},{"time":0.1333,"x":0.3,"y":0.3},{"time":0.5333}]},"Award_light_2":{"rotate":[{"time":0.5333},{"time":13.3333,"angle":-90}],"scale":[{"time":0.2667,"x":0.8,"y":0.8},{"time":0.5333}]},"bone":{"scale":[{"x":0.3,"y":0.3},{"time":0.2667,"x":1.2,"y":1.2},{"time":0.5333}]}}},"mege":{"slots":{"Award_1":{"attachment":[{"name":"Award_2"}]},"Award_1_title":{"color":[{"time":0.1333,"color":"ffffff1a"},{"time":0.4667,"color":"ffffffff"}],"attachment":[{"time":0.1333,"name":"Award_2_title"}]},"Award_light_1":{"color":[{"color":"ffffff00"},{"time":0.1333,"color":"ffffff1c"},{"time":0.5333,"color":"ffffffff"}],"attachment":[{"name":"Award_light_1"}]},"Award_light_2":{"color":[{"time":0.2333,"color":"ffffff00"},{"time":0.2667,"color":"ffffff3b"},{"time":0.5333,"color":"fffffffe"}],"attachment":[{"time":0.2333,"name":"Award_light_2"}]},"jinbilizi01":{"attachment":[{"name":null}]},"jinbilizi02":{"attachment":[{"name":null}]},"jinbilizi03":{"attachment":[{"name":null}]}},"bones":{"Award_1_title":{"translate":[{"y":11.06}],"scale":[{"time":0.1333,"x":0.734,"y":0.734},{"time":0.2},{"time":0.2667,"x":1.2,"y":1.2},{"time":0.4667}]},"Award_light_1":{"scale":[{"x":0,"y":0},{"time":0.1333,"x":0.3,"y":0.3},{"time":0.5333}]},"Award_light_2":{"rotate":[{"time":0.5333},{"time":13.3333,"angle":-90}],"scale":[{"time":0.2667,"x":0.8,"y":0.8},{"time":0.5333}]},"bone":{"scale":[{"x":0.3,"y":0.3},{"time":0.2667,"x":1.2,"y":1.2},{"time":0.5333}]}}},"mege_stop":{"slots":{"Award_1":{"attachment":[{"name":"Award_2"}]},"Award_1_title":{"attachment":[{"name":"Award_2_title"}]},"Award_light_1":{"attachment":[{"name":"Award_light_1"}]},"Award_light_2":{"attachment":[{"name":"Award_light_2"}]},"jinbilizi01":{"attachment":[{"name":null}]},"jinbilizi02":{"attachment":[{"name":null}]},"jinbilizi03":{"attachment":[{"name":null}]}},"bones":{"Award_light_2":{"rotate":[{},{"time":13.3333,"angle":-90}]}}},"super":{"slots":{"Award_1":{"attachment":[{"name":"Award_3"}]},"Award_1_title":{"color":[{"time":0.1333,"color":"ffffff1a"},{"time":0.4667,"color":"ffffffff"}],"attachment":[{"time":0.1333,"name":"Award_3_title"}]},"Award_light_1":{"color":[{"color":"ffffff00"},{"time":0.1333,"color":"ffffff1c"},{"time":0.2667,"color":"ffffffff"}],"attachment":[{"name":"Award_light_1"}]},"Award_light_2":{"color":[{"time":0.2333,"color":"ffffff00"},{"time":0.2667,"color":"ffffff3b"},{"time":0.5333,"color":"fffffffe"}],"attachment":[{"time":0.2333,"name":"Award_light_2"}]},"jinbilizi01":{"attachment":[{"name":null},{"time":0.3333,"name":"jinbilizi01"},{"time":0.4,"name":"jinbilizi02"},{"time":0.4667,"name":"jinbilizi03"},{"time":0.5333,"name":"jinbilizi04"},{"time":0.6,"name":"jinbilizi05"},{"time":0.6667,"name":"jinbilizi06"},{"time":0.7333,"name":"jinbilizi07"},{"time":0.8,"name":"jinbilizi08"},{"time":0.8667,"name":"jinbilizi09"},{"time":0.9333,"name":"jinbilizi10"},{"time":1,"name":"jinbilizi11"},{"time":1.0667,"name":"jinbilizi12"},{"time":1.1333,"name":"jinbilizi13"},{"time":1.2,"name":"jinbilizi14"},{"time":1.2667,"name":"jinbilizi15"},{"time":1.3333,"name":"jinbilizi16"},{"time":1.4,"name":null},{"time":1.5333,"name":"jinbilizi01"},{"time":1.6,"name":"jinbilizi02"},{"time":1.6667,"name":"jinbilizi03"},{"time":1.7333,"name":"jinbilizi04"},{"time":1.8,"name":"jinbilizi05"},{"time":1.8667,"name":"jinbilizi06"},{"time":1.9333,"name":"jinbilizi07"},{"time":2,"name":"jinbilizi08"},{"time":2.0667,"name":"jinbilizi09"},{"time":2.1333,"name":"jinbilizi10"},{"time":2.2,"name":"jinbilizi11"},{"time":2.2667,"name":"jinbilizi12"},{"time":2.3333,"name":"jinbilizi13"},{"time":2.4,"name":"jinbilizi14"},{"time":2.4667,"name":"jinbilizi15"},{"time":2.5333,"name":"jinbilizi16"},{"time":2.6,"name":null},{"time":2.7333,"name":"jinbilizi01"},{"time":2.8,"name":"jinbilizi02"},{"time":2.8667,"name":"jinbilizi03"},{"time":2.9333,"name":"jinbilizi04"},{"time":3,"name":"jinbilizi05"},{"time":3.0667,"name":"jinbilizi06"},{"time":3.1333,"name":"jinbilizi07"},{"time":3.2,"name":"jinbilizi08"},{"time":3.2667,"name":"jinbilizi09"},{"time":3.3333,"name":"jinbilizi10"},{"time":3.4,"name":"jinbilizi11"},{"time":3.4667,"name":"jinbilizi12"},{"time":3.5333,"name":"jinbilizi13"},{"time":3.6,"name":"jinbilizi14"},{"time":3.6667,"name":"jinbilizi15"},{"time":3.7333,"name":"jinbilizi16"},{"time":3.8,"name":null},{"time":3.9333,"name":"jinbilizi01"},{"time":4,"name":"jinbilizi02"},{"time":4.0667,"name":"jinbilizi03"},{"time":4.1333,"name":"jinbilizi04"},{"time":4.2,"name":"jinbilizi05"},{"time":4.2667,"name":"jinbilizi06"},{"time":4.3333,"name":"jinbilizi07"},{"time":4.4,"name":"jinbilizi08"},{"time":4.4667,"name":"jinbilizi09"},{"time":4.5333,"name":"jinbilizi10"},{"time":4.6,"name":"jinbilizi11"},{"time":4.6667,"name":"jinbilizi12"},{"time":4.7333,"name":"jinbilizi13"},{"time":4.8,"name":"jinbilizi14"},{"time":4.8667,"name":"jinbilizi15"},{"time":4.9333,"name":"jinbilizi16"},{"time":5,"name":null},{"time":5.1333,"name":"jinbilizi01"},{"time":5.2,"name":"jinbilizi02"},{"time":5.2667,"name":"jinbilizi03"},{"time":5.3333,"name":"jinbilizi04"},{"time":5.4,"name":"jinbilizi05"},{"time":5.4667,"name":"jinbilizi06"},{"time":5.5333,"name":"jinbilizi07"},{"time":5.6,"name":"jinbilizi08"},{"time":5.6667,"name":"jinbilizi09"},{"time":5.7333,"name":"jinbilizi10"},{"time":5.8,"name":"jinbilizi11"},{"time":5.8667,"name":"jinbilizi12"},{"time":5.9333,"name":"jinbilizi13"},{"time":6,"name":"jinbilizi14"},{"time":6.0667,"name":"jinbilizi15"},{"time":6.1333,"name":"jinbilizi16"},{"time":6.2,"name":null},{"time":6.3333,"name":"jinbilizi01"},{"time":6.4,"name":"jinbilizi02"},{"time":6.4667,"name":"jinbilizi03"},{"time":6.5333,"name":"jinbilizi04"},{"time":6.6,"name":"jinbilizi05"},{"time":6.6667,"name":"jinbilizi06"},{"time":6.7333,"name":"jinbilizi07"},{"time":6.8,"name":"jinbilizi08"},{"time":6.8667,"name":"jinbilizi09"},{"time":6.9333,"name":"jinbilizi10"},{"time":7,"name":"jinbilizi11"},{"time":7.0667,"name":"jinbilizi12"},{"time":7.1333,"name":"jinbilizi13"},{"time":7.2,"name":"jinbilizi14"},{"time":7.2667,"name":"jinbilizi15"},{"time":7.3333,"name":"jinbilizi16"},{"time":7.4,"name":null},{"time":7.6,"name":"jinbilizi01"},{"time":7.6667,"name":"jinbilizi02"},{"time":7.7333,"name":"jinbilizi03"},{"time":7.8,"name":"jinbilizi04"},{"time":7.8667,"name":"jinbilizi05"},{"time":7.9333,"name":"jinbilizi06"},{"time":8,"name":"jinbilizi07"},{"time":8.0667,"name":"jinbilizi08"},{"time":8.1333,"name":"jinbilizi09"},{"time":8.2,"name":"jinbilizi10"},{"time":8.2667,"name":"jinbilizi11"},{"time":8.3333,"name":"jinbilizi12"},{"time":8.4,"name":"jinbilizi13"},{"time":8.4667,"name":"jinbilizi14"},{"time":8.5333,"name":"jinbilizi15"},{"time":8.6,"name":"jinbilizi16"},{"time":8.6667,"name":null},{"time":8.8,"name":"jinbilizi01"},{"time":8.8667,"name":"jinbilizi02"},{"time":8.9333,"name":"jinbilizi03"},{"time":9,"name":"jinbilizi04"},{"time":9.0667,"name":"jinbilizi05"},{"time":9.1333,"name":"jinbilizi06"},{"time":9.2,"name":"jinbilizi07"},{"time":9.2667,"name":"jinbilizi08"},{"time":9.3333,"name":"jinbilizi09"},{"time":9.4,"name":"jinbilizi10"},{"time":9.4667,"name":"jinbilizi11"},{"time":9.5333,"name":"jinbilizi12"},{"time":9.6,"name":"jinbilizi13"},{"time":9.6667,"name":"jinbilizi14"},{"time":9.7333,"name":"jinbilizi15"},{"time":9.8,"name":"jinbilizi16"},{"time":9.8667,"name":null},{"time":10,"name":"jinbilizi01"},{"time":10.0667,"name":"jinbilizi02"},{"time":10.1333,"name":"jinbilizi03"},{"time":10.2,"name":"jinbilizi04"},{"time":10.2667,"name":"jinbilizi05"},{"time":10.3333,"name":"jinbilizi06"},{"time":10.4,"name":"jinbilizi07"},{"time":10.4667,"name":"jinbilizi08"},{"time":10.5333,"name":"jinbilizi09"},{"time":10.6,"name":"jinbilizi10"},{"time":10.6667,"name":"jinbilizi11"},{"time":10.7333,"name":"jinbilizi12"},{"time":10.8,"name":"jinbilizi13"},{"time":10.8667,"name":"jinbilizi14"},{"time":10.9333,"name":"jinbilizi15"},{"time":11,"name":"jinbilizi16"},{"time":11.0667,"name":null},{"time":11.2,"name":"jinbilizi01"},{"time":11.2667,"name":"jinbilizi02"},{"time":11.3333,"name":"jinbilizi03"},{"time":11.4,"name":"jinbilizi04"},{"time":11.4667,"name":"jinbilizi05"},{"time":11.5333,"name":"jinbilizi06"},{"time":11.6,"name":"jinbilizi07"},{"time":11.6667,"name":"jinbilizi08"},{"time":11.7333,"name":"jinbilizi09"},{"time":11.8,"name":"jinbilizi10"},{"time":11.8667,"name":"jinbilizi11"},{"time":11.9333,"name":"jinbilizi12"},{"time":12,"name":"jinbilizi13"},{"time":12.0667,"name":"jinbilizi14"},{"time":12.1333,"name":"jinbilizi15"},{"time":12.2,"name":"jinbilizi16"},{"time":12.2667,"name":null},{"time":12.4,"name":"jinbilizi01"},{"time":12.4667,"name":"jinbilizi02"},{"time":12.5333,"name":"jinbilizi03"},{"time":12.6,"name":"jinbilizi04"},{"time":12.6667,"name":"jinbilizi05"},{"time":12.7333,"name":"jinbilizi06"},{"time":12.8,"name":"jinbilizi07"},{"time":12.8667,"name":"jinbilizi08"},{"time":12.9333,"name":"jinbilizi09"},{"time":13,"name":"jinbilizi10"},{"time":13.0667,"name":"jinbilizi11"},{"time":13.1333,"name":"jinbilizi12"},{"time":13.2,"name":"jinbilizi13"},{"time":13.2667,"name":"jinbilizi14"},{"time":13.3333,"name":"jinbilizi15"}]},"jinbilizi02":{"attachment":[{"name":null},{"time":0.7333,"name":"jinbilizi01"},{"time":0.8,"name":"jinbilizi02"},{"time":0.8667,"name":"jinbilizi03"},{"time":0.9333,"name":"jinbilizi04"},{"time":1,"name":"jinbilizi05"},{"time":1.0667,"name":"jinbilizi06"},{"time":1.1333,"name":"jinbilizi07"},{"time":1.2,"name":"jinbilizi08"},{"time":1.2667,"name":"jinbilizi09"},{"time":1.3333,"name":"jinbilizi10"},{"time":1.4,"name":"jinbilizi11"},{"time":1.4667,"name":"jinbilizi12"},{"time":1.5333,"name":"jinbilizi13"},{"time":1.6,"name":"jinbilizi14"},{"time":1.6667,"name":"jinbilizi15"},{"time":1.7333,"name":"jinbilizi16"},{"time":1.8,"name":null},{"time":1.9333,"name":"jinbilizi01"},{"time":2,"name":"jinbilizi02"},{"time":2.0667,"name":"jinbilizi03"},{"time":2.1333,"name":"jinbilizi04"},{"time":2.2,"name":"jinbilizi05"},{"time":2.2667,"name":"jinbilizi06"},{"time":2.3333,"name":"jinbilizi07"},{"time":2.4,"name":"jinbilizi08"},{"time":2.4667,"name":"jinbilizi09"},{"time":2.5333,"name":"jinbilizi10"},{"time":2.6,"name":"jinbilizi11"},{"time":2.6667,"name":"jinbilizi12"},{"time":2.7333,"name":"jinbilizi13"},{"time":2.8,"name":"jinbilizi14"},{"time":2.8667,"name":"jinbilizi15"},{"time":2.9333,"name":"jinbilizi16"},{"time":3,"name":null},{"time":3.1333,"name":"jinbilizi01"},{"time":3.2,"name":"jinbilizi02"},{"time":3.2667,"name":"jinbilizi03"},{"time":3.3333,"name":"jinbilizi04"},{"time":3.4,"name":"jinbilizi05"},{"time":3.4667,"name":"jinbilizi06"},{"time":3.5333,"name":"jinbilizi07"},{"time":3.6,"name":"jinbilizi08"},{"time":3.6667,"name":"jinbilizi09"},{"time":3.7333,"name":"jinbilizi10"},{"time":3.8,"name":"jinbilizi11"},{"time":3.8667,"name":"jinbilizi12"},{"time":3.9333,"name":"jinbilizi13"},{"time":4,"name":"jinbilizi14"},{"time":4.0667,"name":"jinbilizi15"},{"time":4.1333,"name":"jinbilizi16"},{"time":4.2,"name":null},{"time":4.3333,"name":"jinbilizi01"},{"time":4.4,"name":"jinbilizi02"},{"time":4.4667,"name":"jinbilizi03"},{"time":4.5333,"name":"jinbilizi04"},{"time":4.6,"name":"jinbilizi05"},{"time":4.6667,"name":"jinbilizi06"},{"time":4.7333,"name":"jinbilizi07"},{"time":4.8,"name":"jinbilizi08"},{"time":4.8667,"name":"jinbilizi09"},{"time":4.9333,"name":"jinbilizi10"},{"time":5,"name":"jinbilizi11"},{"time":5.0667,"name":"jinbilizi12"},{"time":5.1333,"name":"jinbilizi13"},{"time":5.2,"name":"jinbilizi14"},{"time":5.2667,"name":"jinbilizi15"},{"time":5.3333,"name":"jinbilizi16"},{"time":5.4,"name":null},{"time":5.5333,"name":"jinbilizi01"},{"time":5.6,"name":"jinbilizi02"},{"time":5.6667,"name":"jinbilizi03"},{"time":5.7333,"name":"jinbilizi04"},{"time":5.8,"name":"jinbilizi05"},{"time":5.8667,"name":"jinbilizi06"},{"time":5.9333,"name":"jinbilizi07"},{"time":6,"name":"jinbilizi08"},{"time":6.0667,"name":"jinbilizi09"},{"time":6.1333,"name":"jinbilizi10"},{"time":6.2,"name":"jinbilizi11"},{"time":6.2667,"name":"jinbilizi12"},{"time":6.3333,"name":"jinbilizi13"},{"time":6.4,"name":"jinbilizi14"},{"time":6.4667,"name":"jinbilizi15"},{"time":6.5333,"name":"jinbilizi16"},{"time":6.6,"name":null},{"time":6.7333,"name":"jinbilizi01"},{"time":6.8,"name":"jinbilizi02"},{"time":6.8667,"name":"jinbilizi03"},{"time":6.9333,"name":"jinbilizi04"},{"time":7,"name":"jinbilizi05"},{"time":7.0667,"name":"jinbilizi06"},{"time":7.1333,"name":"jinbilizi07"},{"time":7.2,"name":"jinbilizi08"},{"time":7.2667,"name":"jinbilizi09"},{"time":7.3333,"name":"jinbilizi10"},{"time":7.4,"name":"jinbilizi11"},{"time":7.4667,"name":"jinbilizi12"},{"time":7.5333,"name":"jinbilizi13"},{"time":7.6,"name":"jinbilizi14"},{"time":7.6667,"name":"jinbilizi15"},{"time":7.7333,"name":"jinbilizi16"},{"time":7.8,"name":null},{"time":8,"name":"jinbilizi01"},{"time":8.0667,"name":"jinbilizi02"},{"time":8.1333,"name":"jinbilizi03"},{"time":8.2,"name":"jinbilizi04"},{"time":8.2667,"name":"jinbilizi05"},{"time":8.3333,"name":"jinbilizi06"},{"time":8.4,"name":"jinbilizi07"},{"time":8.4667,"name":"jinbilizi08"},{"time":8.5333,"name":"jinbilizi09"},{"time":8.6,"name":"jinbilizi10"},{"time":8.6667,"name":"jinbilizi11"},{"time":8.7333,"name":"jinbilizi12"},{"time":8.8,"name":"jinbilizi13"},{"time":8.8667,"name":"jinbilizi14"},{"time":8.9333,"name":"jinbilizi15"},{"time":9,"name":"jinbilizi16"},{"time":9.0667,"name":null},{"time":9.2,"name":"jinbilizi01"},{"time":9.2667,"name":"jinbilizi02"},{"time":9.3333,"name":"jinbilizi03"},{"time":9.4,"name":"jinbilizi04"},{"time":9.4667,"name":"jinbilizi05"},{"time":9.5333,"name":"jinbilizi06"},{"time":9.6,"name":"jinbilizi07"},{"time":9.6667,"name":"jinbilizi08"},{"time":9.7333,"name":"jinbilizi09"},{"time":9.8,"name":"jinbilizi10"},{"time":9.8667,"name":"jinbilizi11"},{"time":9.9333,"name":"jinbilizi12"},{"time":10,"name":"jinbilizi13"},{"time":10.0667,"name":"jinbilizi14"},{"time":10.1333,"name":"jinbilizi15"},{"time":10.2,"name":"jinbilizi16"},{"time":10.2667,"name":null},{"time":10.4,"name":"jinbilizi01"},{"time":10.4667,"name":"jinbilizi02"},{"time":10.5333,"name":"jinbilizi03"},{"time":10.6,"name":"jinbilizi04"},{"time":10.6667,"name":"jinbilizi05"},{"time":10.7333,"name":"jinbilizi06"},{"time":10.8,"name":"jinbilizi07"},{"time":10.8667,"name":"jinbilizi08"},{"time":10.9333,"name":"jinbilizi09"},{"time":11,"name":"jinbilizi10"},{"time":11.0667,"name":"jinbilizi11"},{"time":11.1333,"name":"jinbilizi12"},{"time":11.2,"name":"jinbilizi13"},{"time":11.2667,"name":"jinbilizi14"},{"time":11.3333,"name":"jinbilizi15"},{"time":11.4,"name":"jinbilizi16"},{"time":11.4667,"name":null},{"time":11.6,"name":"jinbilizi01"},{"time":11.6667,"name":"jinbilizi02"},{"time":11.7333,"name":"jinbilizi03"},{"time":11.8,"name":"jinbilizi04"},{"time":11.8667,"name":"jinbilizi05"},{"time":11.9333,"name":"jinbilizi06"},{"time":12,"name":"jinbilizi07"},{"time":12.0667,"name":"jinbilizi08"},{"time":12.1333,"name":"jinbilizi09"},{"time":12.2,"name":"jinbilizi10"},{"time":12.2667,"name":"jinbilizi11"},{"time":12.3333,"name":"jinbilizi12"},{"time":12.4,"name":"jinbilizi13"},{"time":12.4667,"name":"jinbilizi14"},{"time":12.5333,"name":"jinbilizi15"},{"time":12.6,"name":"jinbilizi16"},{"time":12.6667,"name":null},{"time":12.8,"name":"jinbilizi01"},{"time":12.8667,"name":"jinbilizi02"},{"time":12.9333,"name":"jinbilizi03"},{"time":13,"name":"jinbilizi04"},{"time":13.0667,"name":"jinbilizi05"},{"time":13.1333,"name":"jinbilizi06"},{"time":13.2,"name":"jinbilizi07"},{"time":13.2667,"name":"jinbilizi08"},{"time":13.3333,"name":"jinbilizi09"}]},"jinbilizi03":{"attachment":[{"name":null},{"time":1.1333,"name":"jinbilizi01"},{"time":1.2,"name":"jinbilizi02"},{"time":1.2667,"name":"jinbilizi03"},{"time":1.3333,"name":"jinbilizi04"},{"time":1.4,"name":"jinbilizi05"},{"time":1.4667,"name":"jinbilizi06"},{"time":1.5333,"name":"jinbilizi07"},{"time":1.6,"name":"jinbilizi08"},{"time":1.6667,"name":"jinbilizi09"},{"time":1.7333,"name":"jinbilizi10"},{"time":1.8,"name":"jinbilizi11"},{"time":1.8667,"name":"jinbilizi12"},{"time":1.9333,"name":"jinbilizi13"},{"time":2,"name":"jinbilizi14"},{"time":2.0667,"name":"jinbilizi15"},{"time":2.1333,"name":"jinbilizi16"},{"time":2.2,"name":null},{"time":2.3333,"name":"jinbilizi01"},{"time":2.4,"name":"jinbilizi02"},{"time":2.4667,"name":"jinbilizi03"},{"time":2.5333,"name":"jinbilizi04"},{"time":2.6,"name":"jinbilizi05"},{"time":2.6667,"name":"jinbilizi06"},{"time":2.7333,"name":"jinbilizi07"},{"time":2.8,"name":"jinbilizi08"},{"time":2.8667,"name":"jinbilizi09"},{"time":2.9333,"name":"jinbilizi10"},{"time":3,"name":"jinbilizi11"},{"time":3.0667,"name":"jinbilizi12"},{"time":3.1333,"name":"jinbilizi13"},{"time":3.2,"name":"jinbilizi14"},{"time":3.2667,"name":"jinbilizi15"},{"time":3.3333,"name":"jinbilizi16"},{"time":3.4,"name":null},{"time":3.5333,"name":"jinbilizi01"},{"time":3.6,"name":"jinbilizi02"},{"time":3.6667,"name":"jinbilizi03"},{"time":3.7333,"name":"jinbilizi04"},{"time":3.8,"name":"jinbilizi05"},{"time":3.8667,"name":"jinbilizi06"},{"time":3.9333,"name":"jinbilizi07"},{"time":4,"name":"jinbilizi08"},{"time":4.0667,"name":"jinbilizi09"},{"time":4.1333,"name":"jinbilizi10"},{"time":4.2,"name":"jinbilizi11"},{"time":4.2667,"name":"jinbilizi12"},{"time":4.3333,"name":"jinbilizi13"},{"time":4.4,"name":"jinbilizi14"},{"time":4.4667,"name":"jinbilizi15"},{"time":4.5333,"name":"jinbilizi16"},{"time":4.6,"name":null},{"time":4.7333,"name":"jinbilizi01"},{"time":4.8,"name":"jinbilizi02"},{"time":4.8667,"name":"jinbilizi03"},{"time":4.9333,"name":"jinbilizi04"},{"time":5,"name":"jinbilizi05"},{"time":5.0667,"name":"jinbilizi06"},{"time":5.1333,"name":"jinbilizi07"},{"time":5.2,"name":"jinbilizi08"},{"time":5.2667,"name":"jinbilizi09"},{"time":5.3333,"name":"jinbilizi10"},{"time":5.4,"name":"jinbilizi11"},{"time":5.4667,"name":"jinbilizi12"},{"time":5.5333,"name":"jinbilizi13"},{"time":5.6,"name":"jinbilizi14"},{"time":5.6667,"name":"jinbilizi15"},{"time":5.7333,"name":"jinbilizi16"},{"time":5.8,"name":null},{"time":5.9333,"name":"jinbilizi01"},{"time":6,"name":"jinbilizi02"},{"time":6.0667,"name":"jinbilizi03"},{"time":6.1333,"name":"jinbilizi04"},{"time":6.2,"name":"jinbilizi05"},{"time":6.2667,"name":"jinbilizi06"},{"time":6.3333,"name":"jinbilizi07"},{"time":6.4,"name":"jinbilizi08"},{"time":6.4667,"name":"jinbilizi09"},{"time":6.5333,"name":"jinbilizi10"},{"time":6.6,"name":"jinbilizi11"},{"time":6.6667,"name":"jinbilizi12"},{"time":6.7333,"name":"jinbilizi13"},{"time":6.8,"name":"jinbilizi14"},{"time":6.8667,"name":"jinbilizi15"},{"time":6.9333,"name":"jinbilizi16"},{"time":7,"name":null},{"time":7.1333,"name":"jinbilizi01"},{"time":7.2,"name":"jinbilizi02"},{"time":7.2667,"name":"jinbilizi03"},{"time":7.3333,"name":"jinbilizi04"},{"time":7.4,"name":"jinbilizi05"},{"time":7.4667,"name":"jinbilizi06"},{"time":7.5333,"name":"jinbilizi07"},{"time":7.6,"name":"jinbilizi08"},{"time":7.6667,"name":"jinbilizi09"},{"time":7.7333,"name":"jinbilizi10"},{"time":7.8,"name":"jinbilizi11"},{"time":7.8667,"name":"jinbilizi12"},{"time":7.9333,"name":"jinbilizi13"},{"time":8,"name":"jinbilizi14"},{"time":8.0667,"name":"jinbilizi15"},{"time":8.1333,"name":"jinbilizi16"},{"time":8.2,"name":null},{"time":8.4,"name":"jinbilizi01"},{"time":8.4667,"name":"jinbilizi02"},{"time":8.5333,"name":"jinbilizi03"},{"time":8.6,"name":"jinbilizi04"},{"time":8.6667,"name":"jinbilizi05"},{"time":8.7333,"name":"jinbilizi06"},{"time":8.8,"name":"jinbilizi07"},{"time":8.8667,"name":"jinbilizi08"},{"time":8.9333,"name":"jinbilizi09"},{"time":9,"name":"jinbilizi10"},{"time":9.0667,"name":"jinbilizi11"},{"time":9.1333,"name":"jinbilizi12"},{"time":9.2,"name":"jinbilizi13"},{"time":9.2667,"name":"jinbilizi14"},{"time":9.3333,"name":"jinbilizi15"},{"time":9.4,"name":"jinbilizi16"},{"time":9.4667,"name":null},{"time":9.6,"name":"jinbilizi01"},{"time":9.6667,"name":"jinbilizi02"},{"time":9.7333,"name":"jinbilizi03"},{"time":9.8,"name":"jinbilizi04"},{"time":9.8667,"name":"jinbilizi05"},{"time":9.9333,"name":"jinbilizi06"},{"time":10,"name":"jinbilizi07"},{"time":10.0667,"name":"jinbilizi08"},{"time":10.1333,"name":"jinbilizi09"},{"time":10.2,"name":"jinbilizi10"},{"time":10.2667,"name":"jinbilizi11"},{"time":10.3333,"name":"jinbilizi12"},{"time":10.4,"name":"jinbilizi13"},{"time":10.4667,"name":"jinbilizi14"},{"time":10.5333,"name":"jinbilizi15"},{"time":10.6,"name":"jinbilizi16"},{"time":10.6667,"name":null},{"time":10.8,"name":"jinbilizi01"},{"time":10.8667,"name":"jinbilizi02"},{"time":10.9333,"name":"jinbilizi03"},{"time":11,"name":"jinbilizi04"},{"time":11.0667,"name":"jinbilizi05"},{"time":11.1333,"name":"jinbilizi06"},{"time":11.2,"name":"jinbilizi07"},{"time":11.2667,"name":"jinbilizi08"},{"time":11.3333,"name":"jinbilizi09"},{"time":11.4,"name":"jinbilizi10"},{"time":11.4667,"name":"jinbilizi11"},{"time":11.5333,"name":"jinbilizi12"},{"time":11.6,"name":"jinbilizi13"},{"time":11.6667,"name":"jinbilizi14"},{"time":11.7333,"name":"jinbilizi15"},{"time":11.8,"name":"jinbilizi16"},{"time":11.8667,"name":null},{"time":12,"name":"jinbilizi01"},{"time":12.0667,"name":"jinbilizi02"},{"time":12.1333,"name":"jinbilizi03"},{"time":12.2,"name":"jinbilizi04"},{"time":12.2667,"name":"jinbilizi05"},{"time":12.3333,"name":"jinbilizi06"},{"time":12.4,"name":"jinbilizi07"},{"time":12.4667,"name":"jinbilizi08"},{"time":12.5333,"name":"jinbilizi09"},{"time":12.6,"name":"jinbilizi10"},{"time":12.6667,"name":"jinbilizi11"},{"time":12.7333,"name":"jinbilizi12"},{"time":12.8,"name":"jinbilizi13"},{"time":12.8667,"name":"jinbilizi14"},{"time":12.9333,"name":"jinbilizi15"},{"time":13,"name":"jinbilizi16"},{"time":13.0667,"name":null},{"time":13.2,"name":"jinbilizi01"},{"time":13.2667,"name":"jinbilizi02"},{"time":13.3333,"name":"jinbilizi03"}]}},"bones":{"Award_1_title":{"translate":[{"y":11.06}],"scale":[{"time":0.1333,"x":0.734,"y":0.734},{"time":0.2},{"time":0.2667,"x":1.2,"y":1.2},{"time":0.4667}]},"Award_light_1":{"scale":[{"x":0,"y":0},{"time":0.1333,"x":0.3,"y":0.3},{"time":0.2667}]},"Award_light_2":{"rotate":[{"time":0.5333},{"time":13.3333,"angle":-90}],"scale":[{"time":0.2667,"x":0.8,"y":0.8},{"time":0.5333}]},"bone":{"scale":[{"x":0.3,"y":0.3},{"time":0.2667,"x":1.2,"y":1.2},{"time":0.5333}]}}},"super_stop":{"slots":{"Award_1":{"attachment":[{"name":"Award_3"}]},"Award_1_title":{"attachment":[{"name":"Award_3_title"}]},"Award_light_1":{"attachment":[{"name":"Award_light_1"}]},"Award_light_2":{"attachment":[{"name":"Award_light_2"}]},"jinbilizi01":{"attachment":[{"name":null},{"time":0.2,"name":"jinbilizi01"},{"time":0.2667,"name":"jinbilizi02"},{"time":0.3333,"name":"jinbilizi03"},{"time":0.4,"name":"jinbilizi04"},{"time":0.4667,"name":"jinbilizi05"},{"time":0.5333,"name":"jinbilizi06"},{"time":0.6,"name":"jinbilizi07"},{"time":0.6667,"name":"jinbilizi08"},{"time":0.7333,"name":"jinbilizi09"},{"time":0.8,"name":"jinbilizi10"},{"time":0.8667,"name":"jinbilizi11"},{"time":0.9333,"name":"jinbilizi12"},{"time":1,"name":"jinbilizi13"},{"time":1.0667,"name":"jinbilizi14"},{"time":1.1333,"name":"jinbilizi15"},{"time":1.2,"name":"jinbilizi16"},{"time":1.2667,"name":null},{"time":1.4,"name":"jinbilizi01"},{"time":1.4667,"name":"jinbilizi02"},{"time":1.5333,"name":"jinbilizi03"},{"time":1.6,"name":"jinbilizi04"},{"time":1.6667,"name":"jinbilizi05"},{"time":1.7333,"name":"jinbilizi06"},{"time":1.8,"name":"jinbilizi07"},{"time":1.8667,"name":"jinbilizi08"},{"time":1.9333,"name":"jinbilizi09"},{"time":2,"name":"jinbilizi10"},{"time":2.0667,"name":"jinbilizi11"},{"time":2.1333,"name":"jinbilizi12"},{"time":2.2,"name":"jinbilizi13"},{"time":2.2667,"name":"jinbilizi14"},{"time":2.3333,"name":"jinbilizi15"},{"time":2.4,"name":"jinbilizi16"},{"time":2.4667,"name":null},{"time":2.6,"name":"jinbilizi01"},{"time":2.6667,"name":"jinbilizi02"},{"time":2.7333,"name":"jinbilizi03"},{"time":2.8,"name":"jinbilizi04"},{"time":2.8667,"name":"jinbilizi05"},{"time":2.9333,"name":"jinbilizi06"},{"time":3,"name":"jinbilizi07"},{"time":3.0667,"name":"jinbilizi08"},{"time":3.1333,"name":"jinbilizi09"},{"time":3.2,"name":"jinbilizi10"},{"time":3.2667,"name":"jinbilizi11"},{"time":3.3333,"name":"jinbilizi12"},{"time":3.4,"name":"jinbilizi13"},{"time":3.4667,"name":"jinbilizi14"},{"time":3.5333,"name":"jinbilizi15"},{"time":3.6,"name":"jinbilizi16"},{"time":3.6667,"name":null},{"time":3.8,"name":"jinbilizi01"},{"time":3.8667,"name":"jinbilizi02"},{"time":3.9333,"name":"jinbilizi03"},{"time":4,"name":"jinbilizi04"},{"time":4.0667,"name":"jinbilizi05"},{"time":4.1333,"name":"jinbilizi06"},{"time":4.2,"name":"jinbilizi07"},{"time":4.2667,"name":"jinbilizi08"},{"time":4.3333,"name":"jinbilizi09"},{"time":4.4,"name":"jinbilizi10"},{"time":4.4667,"name":"jinbilizi11"},{"time":4.5333,"name":"jinbilizi12"},{"time":4.6,"name":"jinbilizi13"},{"time":4.6667,"name":"jinbilizi14"},{"time":4.7333,"name":"jinbilizi15"},{"time":4.8,"name":"jinbilizi16"},{"time":4.8667,"name":null},{"time":5,"name":"jinbilizi01"},{"time":5.0667,"name":"jinbilizi02"},{"time":5.1333,"name":"jinbilizi03"},{"time":5.2,"name":"jinbilizi04"},{"time":5.2667,"name":"jinbilizi05"},{"time":5.3333,"name":"jinbilizi06"},{"time":5.4,"name":"jinbilizi07"},{"time":5.4667,"name":"jinbilizi08"},{"time":5.5333,"name":"jinbilizi09"},{"time":5.6,"name":"jinbilizi10"},{"time":5.6667,"name":"jinbilizi11"},{"time":5.7333,"name":"jinbilizi12"},{"time":5.8,"name":"jinbilizi13"},{"time":5.8667,"name":"jinbilizi14"},{"time":5.9333,"name":"jinbilizi15"},{"time":6,"name":"jinbilizi16"},{"time":6.0667,"name":null},{"time":6.2,"name":"jinbilizi01"},{"time":6.2667,"name":"jinbilizi02"},{"time":6.3333,"name":"jinbilizi03"},{"time":6.4,"name":"jinbilizi04"},{"time":6.4667,"name":"jinbilizi05"},{"time":6.5333,"name":"jinbilizi06"},{"time":6.6,"name":"jinbilizi07"},{"time":6.6667,"name":"jinbilizi08"},{"time":6.7333,"name":"jinbilizi09"},{"time":6.8,"name":"jinbilizi10"},{"time":6.8667,"name":"jinbilizi11"},{"time":6.9333,"name":"jinbilizi12"},{"time":7,"name":"jinbilizi13"},{"time":7.0667,"name":"jinbilizi14"},{"time":7.1333,"name":"jinbilizi15"},{"time":7.2,"name":"jinbilizi16"},{"time":7.2667,"name":null},{"time":7.4667,"name":"jinbilizi01"},{"time":7.5333,"name":"jinbilizi02"},{"time":7.6,"name":"jinbilizi03"},{"time":7.6667,"name":"jinbilizi04"},{"time":7.7333,"name":"jinbilizi05"},{"time":7.8,"name":"jinbilizi06"},{"time":7.8667,"name":"jinbilizi07"},{"time":7.9333,"name":"jinbilizi08"},{"time":8,"name":"jinbilizi09"},{"time":8.0667,"name":"jinbilizi10"},{"time":8.1333,"name":"jinbilizi11"},{"time":8.2,"name":"jinbilizi12"},{"time":8.2667,"name":"jinbilizi13"},{"time":8.3333,"name":"jinbilizi14"},{"time":8.4,"name":"jinbilizi15"},{"time":8.4667,"name":"jinbilizi16"},{"time":8.5333,"name":null},{"time":8.6667,"name":"jinbilizi01"},{"time":8.7333,"name":"jinbilizi02"},{"time":8.8,"name":"jinbilizi03"},{"time":8.8667,"name":"jinbilizi04"},{"time":8.9333,"name":"jinbilizi05"},{"time":9,"name":"jinbilizi06"},{"time":9.0667,"name":"jinbilizi07"},{"time":9.1333,"name":"jinbilizi08"},{"time":9.2,"name":"jinbilizi09"},{"time":9.2667,"name":"jinbilizi10"},{"time":9.3333,"name":"jinbilizi11"},{"time":9.4,"name":"jinbilizi12"},{"time":9.4667,"name":"jinbilizi13"},{"time":9.5333,"name":"jinbilizi14"},{"time":9.6,"name":"jinbilizi15"},{"time":9.6667,"name":"jinbilizi16"},{"time":9.7333,"name":null},{"time":9.8667,"name":"jinbilizi01"},{"time":9.9333,"name":"jinbilizi02"},{"time":10,"name":"jinbilizi03"},{"time":10.0667,"name":"jinbilizi04"},{"time":10.1333,"name":"jinbilizi05"},{"time":10.2,"name":"jinbilizi06"},{"time":10.2667,"name":"jinbilizi07"},{"time":10.3333,"name":"jinbilizi08"},{"time":10.4,"name":"jinbilizi09"},{"time":10.4667,"name":"jinbilizi10"},{"time":10.5333,"name":"jinbilizi11"},{"time":10.6,"name":"jinbilizi12"},{"time":10.6667,"name":"jinbilizi13"},{"time":10.7333,"name":"jinbilizi14"},{"time":10.8,"name":"jinbilizi15"},{"time":10.8667,"name":"jinbilizi16"},{"time":10.9333,"name":null},{"time":11.0667,"name":"jinbilizi01"},{"time":11.1333,"name":"jinbilizi02"},{"time":11.2,"name":"jinbilizi03"},{"time":11.2667,"name":"jinbilizi04"},{"time":11.3333,"name":"jinbilizi05"},{"time":11.4,"name":"jinbilizi06"},{"time":11.4667,"name":"jinbilizi07"},{"time":11.5333,"name":"jinbilizi08"},{"time":11.6,"name":"jinbilizi09"},{"time":11.6667,"name":"jinbilizi10"},{"time":11.7333,"name":"jinbilizi11"},{"time":11.8,"name":"jinbilizi12"},{"time":11.8667,"name":"jinbilizi13"},{"time":11.9333,"name":"jinbilizi14"},{"time":12,"name":"jinbilizi15"},{"time":12.0667,"name":"jinbilizi16"},{"time":12.1333,"name":null},{"time":12.2667,"name":"jinbilizi01"},{"time":12.3333,"name":"jinbilizi02"},{"time":12.4,"name":"jinbilizi03"},{"time":12.4667,"name":"jinbilizi04"},{"time":12.5333,"name":"jinbilizi05"},{"time":12.6,"name":"jinbilizi06"},{"time":12.6667,"name":"jinbilizi07"},{"time":12.7333,"name":"jinbilizi08"},{"time":12.8,"name":"jinbilizi09"},{"time":12.8667,"name":"jinbilizi10"},{"time":12.9333,"name":"jinbilizi11"},{"time":13,"name":"jinbilizi12"},{"time":13.0667,"name":"jinbilizi13"},{"time":13.1333,"name":"jinbilizi14"},{"time":13.2,"name":"jinbilizi15"},{"time":13.2667,"name":"jinbilizi16"},{"time":13.3333,"name":null}]},"jinbilizi02":{"attachment":[{"name":null},{"time":0.6,"name":"jinbilizi01"},{"time":0.6667,"name":"jinbilizi02"},{"time":0.7333,"name":"jinbilizi03"},{"time":0.8,"name":"jinbilizi04"},{"time":0.8667,"name":"jinbilizi05"},{"time":0.9333,"name":"jinbilizi06"},{"time":1,"name":"jinbilizi07"},{"time":1.0667,"name":"jinbilizi08"},{"time":1.1333,"name":"jinbilizi09"},{"time":1.2,"name":"jinbilizi10"},{"time":1.2667,"name":"jinbilizi11"},{"time":1.3333,"name":"jinbilizi12"},{"time":1.4,"name":"jinbilizi13"},{"time":1.4667,"name":"jinbilizi14"},{"time":1.5333,"name":"jinbilizi15"},{"time":1.6,"name":"jinbilizi16"},{"time":1.6667,"name":null},{"time":1.8,"name":"jinbilizi01"},{"time":1.8667,"name":"jinbilizi02"},{"time":1.9333,"name":"jinbilizi03"},{"time":2,"name":"jinbilizi04"},{"time":2.0667,"name":"jinbilizi05"},{"time":2.1333,"name":"jinbilizi06"},{"time":2.2,"name":"jinbilizi07"},{"time":2.2667,"name":"jinbilizi08"},{"time":2.3333,"name":"jinbilizi09"},{"time":2.4,"name":"jinbilizi10"},{"time":2.4667,"name":"jinbilizi11"},{"time":2.5333,"name":"jinbilizi12"},{"time":2.6,"name":"jinbilizi13"},{"time":2.6667,"name":"jinbilizi14"},{"time":2.7333,"name":"jinbilizi15"},{"time":2.8,"name":"jinbilizi16"},{"time":2.8667,"name":null},{"time":3,"name":"jinbilizi01"},{"time":3.0667,"name":"jinbilizi02"},{"time":3.1333,"name":"jinbilizi03"},{"time":3.2,"name":"jinbilizi04"},{"time":3.2667,"name":"jinbilizi05"},{"time":3.3333,"name":"jinbilizi06"},{"time":3.4,"name":"jinbilizi07"},{"time":3.4667,"name":"jinbilizi08"},{"time":3.5333,"name":"jinbilizi09"},{"time":3.6,"name":"jinbilizi10"},{"time":3.6667,"name":"jinbilizi11"},{"time":3.7333,"name":"jinbilizi12"},{"time":3.8,"name":"jinbilizi13"},{"time":3.8667,"name":"jinbilizi14"},{"time":3.9333,"name":"jinbilizi15"},{"time":4,"name":"jinbilizi16"},{"time":4.0667,"name":null},{"time":4.2,"name":"jinbilizi01"},{"time":4.2667,"name":"jinbilizi02"},{"time":4.3333,"name":"jinbilizi03"},{"time":4.4,"name":"jinbilizi04"},{"time":4.4667,"name":"jinbilizi05"},{"time":4.5333,"name":"jinbilizi06"},{"time":4.6,"name":"jinbilizi07"},{"time":4.6667,"name":"jinbilizi08"},{"time":4.7333,"name":"jinbilizi09"},{"time":4.8,"name":"jinbilizi10"},{"time":4.8667,"name":"jinbilizi11"},{"time":4.9333,"name":"jinbilizi12"},{"time":5,"name":"jinbilizi13"},{"time":5.0667,"name":"jinbilizi14"},{"time":5.1333,"name":"jinbilizi15"},{"time":5.2,"name":"jinbilizi16"},{"time":5.2667,"name":null},{"time":5.4,"name":"jinbilizi01"},{"time":5.4667,"name":"jinbilizi02"},{"time":5.5333,"name":"jinbilizi03"},{"time":5.6,"name":"jinbilizi04"},{"time":5.6667,"name":"jinbilizi05"},{"time":5.7333,"name":"jinbilizi06"},{"time":5.8,"name":"jinbilizi07"},{"time":5.8667,"name":"jinbilizi08"},{"time":5.9333,"name":"jinbilizi09"},{"time":6,"name":"jinbilizi10"},{"time":6.0667,"name":"jinbilizi11"},{"time":6.1333,"name":"jinbilizi12"},{"time":6.2,"name":"jinbilizi13"},{"time":6.2667,"name":"jinbilizi14"},{"time":6.3333,"name":"jinbilizi15"},{"time":6.4,"name":"jinbilizi16"},{"time":6.4667,"name":null},{"time":6.6,"name":"jinbilizi01"},{"time":6.6667,"name":"jinbilizi02"},{"time":6.7333,"name":"jinbilizi03"},{"time":6.8,"name":"jinbilizi04"},{"time":6.8667,"name":"jinbilizi05"},{"time":6.9333,"name":"jinbilizi06"},{"time":7,"name":"jinbilizi07"},{"time":7.0667,"name":"jinbilizi08"},{"time":7.1333,"name":"jinbilizi09"},{"time":7.2,"name":"jinbilizi10"},{"time":7.2667,"name":"jinbilizi11"},{"time":7.3333,"name":"jinbilizi12"},{"time":7.4,"name":"jinbilizi13"},{"time":7.4667,"name":"jinbilizi14"},{"time":7.5333,"name":"jinbilizi15"},{"time":7.6,"name":"jinbilizi16"},{"time":7.6667,"name":null},{"time":7.8667,"name":"jinbilizi01"},{"time":7.9333,"name":"jinbilizi02"},{"time":8,"name":"jinbilizi03"},{"time":8.0667,"name":"jinbilizi04"},{"time":8.1333,"name":"jinbilizi05"},{"time":8.2,"name":"jinbilizi06"},{"time":8.2667,"name":"jinbilizi07"},{"time":8.3333,"name":"jinbilizi08"},{"time":8.4,"name":"jinbilizi09"},{"time":8.4667,"name":"jinbilizi10"},{"time":8.5333,"name":"jinbilizi11"},{"time":8.6,"name":"jinbilizi12"},{"time":8.6667,"name":"jinbilizi13"},{"time":8.7333,"name":"jinbilizi14"},{"time":8.8,"name":"jinbilizi15"},{"time":8.8667,"name":"jinbilizi16"},{"time":8.9333,"name":null},{"time":9.0667,"name":"jinbilizi01"},{"time":9.1333,"name":"jinbilizi02"},{"time":9.2,"name":"jinbilizi03"},{"time":9.2667,"name":"jinbilizi04"},{"time":9.3333,"name":"jinbilizi05"},{"time":9.4,"name":"jinbilizi06"},{"time":9.4667,"name":"jinbilizi07"},{"time":9.5333,"name":"jinbilizi08"},{"time":9.6,"name":"jinbilizi09"},{"time":9.6667,"name":"jinbilizi10"},{"time":9.7333,"name":"jinbilizi11"},{"time":9.8,"name":"jinbilizi12"},{"time":9.8667,"name":"jinbilizi13"},{"time":9.9333,"name":"jinbilizi14"},{"time":10,"name":"jinbilizi15"},{"time":10.0667,"name":"jinbilizi16"},{"time":10.1333,"name":null},{"time":10.2667,"name":"jinbilizi01"},{"time":10.3333,"name":"jinbilizi02"},{"time":10.4,"name":"jinbilizi03"},{"time":10.4667,"name":"jinbilizi04"},{"time":10.5333,"name":"jinbilizi05"},{"time":10.6,"name":"jinbilizi06"},{"time":10.6667,"name":"jinbilizi07"},{"time":10.7333,"name":"jinbilizi08"},{"time":10.8,"name":"jinbilizi09"},{"time":10.8667,"name":"jinbilizi10"},{"time":10.9333,"name":"jinbilizi11"},{"time":11,"name":"jinbilizi12"},{"time":11.0667,"name":"jinbilizi13"},{"time":11.1333,"name":"jinbilizi14"},{"time":11.2,"name":"jinbilizi15"},{"time":11.2667,"name":"jinbilizi16"},{"time":11.3333,"name":null},{"time":11.4667,"name":"jinbilizi01"},{"time":11.5333,"name":"jinbilizi02"},{"time":11.6,"name":"jinbilizi03"},{"time":11.6667,"name":"jinbilizi04"},{"time":11.7333,"name":"jinbilizi05"},{"time":11.8,"name":"jinbilizi06"},{"time":11.8667,"name":"jinbilizi07"},{"time":11.9333,"name":"jinbilizi08"},{"time":12,"name":"jinbilizi09"},{"time":12.0667,"name":"jinbilizi10"},{"time":12.1333,"name":"jinbilizi11"},{"time":12.2,"name":"jinbilizi12"},{"time":12.2667,"name":"jinbilizi13"},{"time":12.3333,"name":"jinbilizi14"},{"time":12.4,"name":"jinbilizi15"},{"time":12.4667,"name":"jinbilizi16"},{"time":12.5333,"name":null},{"time":12.6667,"name":"jinbilizi01"},{"time":12.7333,"name":"jinbilizi02"},{"time":12.8,"name":"jinbilizi03"},{"time":12.8667,"name":"jinbilizi04"},{"time":12.9333,"name":"jinbilizi05"},{"time":13,"name":"jinbilizi06"},{"time":13.0667,"name":"jinbilizi07"},{"time":13.1333,"name":"jinbilizi08"},{"time":13.2,"name":"jinbilizi09"},{"time":13.2667,"name":"jinbilizi10"},{"time":13.3333,"name":"jinbilizi11"}]},"jinbilizi03":{"attachment":[{"name":null},{"time":1,"name":"jinbilizi01"},{"time":1.0667,"name":"jinbilizi02"},{"time":1.1333,"name":"jinbilizi03"},{"time":1.2,"name":"jinbilizi04"},{"time":1.2667,"name":"jinbilizi05"},{"time":1.3333,"name":"jinbilizi06"},{"time":1.4,"name":"jinbilizi07"},{"time":1.4667,"name":"jinbilizi08"},{"time":1.5333,"name":"jinbilizi09"},{"time":1.6,"name":"jinbilizi10"},{"time":1.6667,"name":"jinbilizi11"},{"time":1.7333,"name":"jinbilizi12"},{"time":1.8,"name":"jinbilizi13"},{"time":1.8667,"name":"jinbilizi14"},{"time":1.9333,"name":"jinbilizi15"},{"time":2,"name":"jinbilizi16"},{"time":2.0667,"name":null},{"time":2.2,"name":"jinbilizi01"},{"time":2.2667,"name":"jinbilizi02"},{"time":2.3333,"name":"jinbilizi03"},{"time":2.4,"name":"jinbilizi04"},{"time":2.4667,"name":"jinbilizi05"},{"time":2.5333,"name":"jinbilizi06"},{"time":2.6,"name":"jinbilizi07"},{"time":2.6667,"name":"jinbilizi08"},{"time":2.7333,"name":"jinbilizi09"},{"time":2.8,"name":"jinbilizi10"},{"time":2.8667,"name":"jinbilizi11"},{"time":2.9333,"name":"jinbilizi12"},{"time":3,"name":"jinbilizi13"},{"time":3.0667,"name":"jinbilizi14"},{"time":3.1333,"name":"jinbilizi15"},{"time":3.2,"name":"jinbilizi16"},{"time":3.2667,"name":null},{"time":3.4,"name":"jinbilizi01"},{"time":3.4667,"name":"jinbilizi02"},{"time":3.5333,"name":"jinbilizi03"},{"time":3.6,"name":"jinbilizi04"},{"time":3.6667,"name":"jinbilizi05"},{"time":3.7333,"name":"jinbilizi06"},{"time":3.8,"name":"jinbilizi07"},{"time":3.8667,"name":"jinbilizi08"},{"time":3.9333,"name":"jinbilizi09"},{"time":4,"name":"jinbilizi10"},{"time":4.0667,"name":"jinbilizi11"},{"time":4.1333,"name":"jinbilizi12"},{"time":4.2,"name":"jinbilizi13"},{"time":4.2667,"name":"jinbilizi14"},{"time":4.3333,"name":"jinbilizi15"},{"time":4.4,"name":"jinbilizi16"},{"time":4.4667,"name":null},{"time":4.6,"name":"jinbilizi01"},{"time":4.6667,"name":"jinbilizi02"},{"time":4.7333,"name":"jinbilizi03"},{"time":4.8,"name":"jinbilizi04"},{"time":4.8667,"name":"jinbilizi05"},{"time":4.9333,"name":"jinbilizi06"},{"time":5,"name":"jinbilizi07"},{"time":5.0667,"name":"jinbilizi08"},{"time":5.1333,"name":"jinbilizi09"},{"time":5.2,"name":"jinbilizi10"},{"time":5.2667,"name":"jinbilizi11"},{"time":5.3333,"name":"jinbilizi12"},{"time":5.4,"name":"jinbilizi13"},{"time":5.4667,"name":"jinbilizi14"},{"time":5.5333,"name":"jinbilizi15"},{"time":5.6,"name":"jinbilizi16"},{"time":5.6667,"name":null},{"time":5.8,"name":"jinbilizi01"},{"time":5.8667,"name":"jinbilizi02"},{"time":5.9333,"name":"jinbilizi03"},{"time":6,"name":"jinbilizi04"},{"time":6.0667,"name":"jinbilizi05"},{"time":6.1333,"name":"jinbilizi06"},{"time":6.2,"name":"jinbilizi07"},{"time":6.2667,"name":"jinbilizi08"},{"time":6.3333,"name":"jinbilizi09"},{"time":6.4,"name":"jinbilizi10"},{"time":6.4667,"name":"jinbilizi11"},{"time":6.5333,"name":"jinbilizi12"},{"time":6.6,"name":"jinbilizi13"},{"time":6.6667,"name":"jinbilizi14"},{"time":6.7333,"name":"jinbilizi15"},{"time":6.8,"name":"jinbilizi16"},{"time":6.8667,"name":null},{"time":7,"name":"jinbilizi01"},{"time":7.0667,"name":"jinbilizi02"},{"time":7.1333,"name":"jinbilizi03"},{"time":7.2,"name":"jinbilizi04"},{"time":7.2667,"name":"jinbilizi05"},{"time":7.3333,"name":"jinbilizi06"},{"time":7.4,"name":"jinbilizi07"},{"time":7.4667,"name":"jinbilizi08"},{"time":7.5333,"name":"jinbilizi09"},{"time":7.6,"name":"jinbilizi10"},{"time":7.6667,"name":"jinbilizi11"},{"time":7.7333,"name":"jinbilizi12"},{"time":7.8,"name":"jinbilizi13"},{"time":7.8667,"name":"jinbilizi14"},{"time":7.9333,"name":"jinbilizi15"},{"time":8,"name":"jinbilizi16"},{"time":8.0667,"name":null},{"time":8.2667,"name":"jinbilizi01"},{"time":8.3333,"name":"jinbilizi02"},{"time":8.4,"name":"jinbilizi03"},{"time":8.4667,"name":"jinbilizi04"},{"time":8.5333,"name":"jinbilizi05"},{"time":8.6,"name":"jinbilizi06"},{"time":8.6667,"name":"jinbilizi07"},{"time":8.7333,"name":"jinbilizi08"},{"time":8.8,"name":"jinbilizi09"},{"time":8.8667,"name":"jinbilizi10"},{"time":8.9333,"name":"jinbilizi11"},{"time":9,"name":"jinbilizi12"},{"time":9.0667,"name":"jinbilizi13"},{"time":9.1333,"name":"jinbilizi14"},{"time":9.2,"name":"jinbilizi15"},{"time":9.2667,"name":"jinbilizi16"},{"time":9.3333,"name":null},{"time":9.4667,"name":"jinbilizi01"},{"time":9.5333,"name":"jinbilizi02"},{"time":9.6,"name":"jinbilizi03"},{"time":9.6667,"name":"jinbilizi04"},{"time":9.7333,"name":"jinbilizi05"},{"time":9.8,"name":"jinbilizi06"},{"time":9.8667,"name":"jinbilizi07"},{"time":9.9333,"name":"jinbilizi08"},{"time":10,"name":"jinbilizi09"},{"time":10.0667,"name":"jinbilizi10"},{"time":10.1333,"name":"jinbilizi11"},{"time":10.2,"name":"jinbilizi12"},{"time":10.2667,"name":"jinbilizi13"},{"time":10.3333,"name":"jinbilizi14"},{"time":10.4,"name":"jinbilizi15"},{"time":10.4667,"name":"jinbilizi16"},{"time":10.5333,"name":null},{"time":10.6667,"name":"jinbilizi01"},{"time":10.7333,"name":"jinbilizi02"},{"time":10.8,"name":"jinbilizi03"},{"time":10.8667,"name":"jinbilizi04"},{"time":10.9333,"name":"jinbilizi05"},{"time":11,"name":"jinbilizi06"},{"time":11.0667,"name":"jinbilizi07"},{"time":11.1333,"name":"jinbilizi08"},{"time":11.2,"name":"jinbilizi09"},{"time":11.2667,"name":"jinbilizi10"},{"time":11.3333,"name":"jinbilizi11"},{"time":11.4,"name":"jinbilizi12"},{"time":11.4667,"name":"jinbilizi13"},{"time":11.5333,"name":"jinbilizi14"},{"time":11.6,"name":"jinbilizi15"},{"time":11.6667,"name":"jinbilizi16"},{"time":11.7333,"name":null},{"time":11.8667,"name":"jinbilizi01"},{"time":11.9333,"name":"jinbilizi02"},{"time":12,"name":"jinbilizi03"},{"time":12.0667,"name":"jinbilizi04"},{"time":12.1333,"name":"jinbilizi05"},{"time":12.2,"name":"jinbilizi06"},{"time":12.2667,"name":"jinbilizi07"},{"time":12.3333,"name":"jinbilizi08"},{"time":12.4,"name":"jinbilizi09"},{"time":12.4667,"name":"jinbilizi10"},{"time":12.5333,"name":"jinbilizi11"},{"time":12.6,"name":"jinbilizi12"},{"time":12.6667,"name":"jinbilizi13"},{"time":12.7333,"name":"jinbilizi14"},{"time":12.8,"name":"jinbilizi15"},{"time":12.8667,"name":"jinbilizi16"},{"time":12.9333,"name":null},{"time":13.0667,"name":"jinbilizi01"},{"time":13.1333,"name":"jinbilizi02"},{"time":13.2,"name":"jinbilizi03"},{"time":13.2667,"name":"jinbilizi04"},{"time":13.3333,"name":"jinbilizi05"}]}},"bones":{"Award_light_2":{"rotate":[{},{"time":13.3333,"angle":-90}]}}}}}