{
        "skeleton": {
            "hash": "7goBOYss1qJ4V3JVhnNNQGbeBI4=",
            "spine": "3.8.75",
            "x": -97.65,
            "y": -100.44,
            "width": 195.3,
            "height": 202.74,
            "images": "./images/",
            "audio": "./images/"
        },
        "bones": [
            {
                "name": "root"
            },
            {
                "name": "qianbi",
                "parent": "root",
                "scaleX": 0.93,
                "scaleY": 0.93
            },
            {
                "name": "qianbi_sz1",
                "parent": "qianbi",
                "x": -5.61,
                "y": 37.48,
                "color": "ff0000ff"
            },
            {
                "name": "qianbi_sz2",
                "parent": "qianbi",
                "x": 30.2,
                "y": 22.85,
                "color": "00a6ffff"
            },
            {
                "name": "qianbi_sz3",
                "parent": "qianbi",
                "x": -4.45,
                "y": 0.91,
                "color": "57ff00ff"
            },
            {
                "name": "qianbi_qb2",
                "parent": "qianbi",
                "x": -38.33,
                "y": 8.61
            },
            {
                "name": "qianbi_qb1",
                "parent": "qianbi",
                "x": 31.35,
                "y": -26.43
            },
            {
                "name": "qianbi_qb3",
                "parent": "qianbi",
                "x": 34.05,
                "y": 55.58
            },
            {
                "name": "qianbi_sz4",
                "parent": "qianbi_sz1",
                "length": 18.68,
                "rotation": -141.81,
                "x": -1.61,
                "y": 0.19,
                "color": "ff0000ff"
            },
            {
                "name": "qianbi_sz5",
                "parent": "qianbi_sz1",
                "length": 17.18,
                "rotation": 16.17,
                "x": 3.51,
                "y": 2.83,
                "color": "ff0000ff"
            },
            {
                "name": "qianbi_sz6",
                "parent": "qianbi_sz2",
                "length": 18.27,
                "rotation": 86.12,
                "x": -0.65,
                "y": 3.17,
                "color": "00a6ffff"
            },
            {
                "name": "qianbi_sz7",
                "parent": "qianbi_sz2",
                "length": 20.51,
                "rotation": -96.05,
                "x": 1.82,
                "y": -3.94,
                "color": "00a6ffff"
            },
            {
                "name": "qianbi_sz8",
                "parent": "qianbi_sz3",
                "length": 9.98,
                "rotation": 158.2,
                "x": -7.41,
                "y": 1.32,
                "color": "57ff00ff"
            },
            {
                "name": "qianbi_sz9",
                "parent": "qianbi_sz3",
                "length": 10.12,
                "rotation": -31.26,
                "x": 9.28,
                "y": -5.48,
                "color": "57ff00ff"
            }
        ],
        "slots": [
            {
                "name": "qianbi_di",
                "bone": "qianbi",
                "color": "ffffff95",
                "attachment": "qianbi_di"
            },
            {
                "name": "qianbi_qb3",
                "bone": "qianbi_qb3",
                "attachment": "qianbi_qb3"
            },
            {
                "name": "qianbi_qb2",
                "bone": "qianbi_qb2",
                "attachment": "qianbi_qb2"
            },
            {
                "name": "qianbi_qb1",
                "bone": "qianbi_qb1",
                "attachment": "qianbi_qb1"
            },
            {
                "name": "qianbi_sz3",
                "bone": "qianbi_sz3",
                "attachment": "qianbi_sz3"
            },
            {
                "name": "qianbi_sz2",
                "bone": "qianbi_sz2",
                "attachment": "qianbi_sz2"
            },
            {
                "name": "qianbi_sz1",
                "bone": "qianbi_sz1",
                "attachment": "qianbi_sz1"
            }
        ],
        "skins": [
            {
                "name": "default",
                "attachments": {
                    "qianbi_qb1": {
                        "qianbi_qb1": {
                            "x": 2.15,
                            "y": 0.93,
                            "width": 121,
                            "height": 119
                        }
                    },
                    "qianbi_qb2": {
                        "qianbi_qb2": {
                            "x": 2.83,
                            "y": -0.61,
                            "width": 119,
                            "height": 118
                        }
                    },
                    "qianbi_qb3": {
                        "qianbi_qb3": {
                            "x": 1.95,
                            "y": -2.58,
                            "width": 118,
                            "height": 114
                        }
                    },
                    "qianbi_di": {
                        "qianbi_di": {
                            "width": 210,
                            "height": 216
                        }
                    },
                    "qianbi_sz1": {
                        "qianbi_sz1": {
                            "type": "mesh",
                            "hull": 19,
                            "width": 57,
                            "height": 45,
                            "uvs": [
                                0.16361,
                                0.97917,
                                0.15782,
                                0.89483,
                                0.08545,
                                0.83617,
                                0,
                                0.75917,
                                0,
                                0.57217,
                                0.09124,
                                0.4695,
                                0.30255,
                                0.3045,
                                0.41279,
                                0.22332,
                                0.5515,
                                0.12117,
                                0.75992,
                                0.01484,
                                0.98281,
                                0,
                                1,
                                0.08084,
                                1,
                                0.24584,
                                1,
                                0.4915,
                                0.83518,
                                0.58317,
                                0.67887,
                                0.66017,
                                0.54571,
                                0.8105,
                                0.44729,
                                0.9755,
                                0.34019,
                                0.99383,
                                0.52255,
                                0.45117
                            ],
                            "triangles": [
                                9,
                                10,
                                11,
                                12,
                                9,
                                11,
                                12,
                                14,
                                9,
                                13,
                                14,
                                12,
                                8,
                                9,
                                14,
                                19,
                                8,
                                14,
                                19,
                                7,
                                8,
                                2,
                                3,
                                4,
                                16,
                                19,
                                15,
                                5,
                                2,
                                4,
                                6,
                                7,
                                19,
                                19,
                                1,
                                5,
                                19,
                                5,
                                6,
                                1,
                                19,
                                16,
                                2,
                                5,
                                1,
                                16,
                                18,
                                1,
                                18,
                                0,
                                1,
                                16,
                                17,
                                18,
                                15,
                                19,
                                14
                            ],
                            "vertices": [
                                2,
                                2,
                                -22.07,
                                -25.55,
                                0.01219,
                                8,
                                31.99,
                                7.58,
                                0.98781,
                                2,
                                2,
                                -22.4,
                                -21.75,
                                0.00677,
                                8,
                                29.91,
                                4.4,
                                0.99323,
                                2,
                                2,
                                -26.52,
                                -19.11,
                                0.00015,
                                8,
                                31.52,
                                -0.23,
                                0.99985,
                                1,
                                8,
                                33.2,
                                -5.96,
                                1,
                                1,
                                8,
                                28,
                                -12.58,
                                1,
                                1,
                                8,
                                21.06,
                                -12.99,
                                1,
                                2,
                                8,
                                7,
                                -11.38,
                                0.9758,
                                9,
                                -16.4,
                                6.82,
                                0.0242,
                                2,
                                8,
                                -0.2,
                                -10.37,
                                0.77911,
                                9,
                                -9.35,
                                8.58,
                                0.22089,
                                2,
                                8,
                                -9.25,
                                -9.1,
                                0.2584,
                                9,
                                -0.48,
                                10.79,
                                0.7416,
                                2,
                                8,
                                -21.55,
                                -5.51,
                                0.00307,
                                9,
                                12.26,
                                12.08,
                                0.99693,
                                1,
                                9,
                                24.65,
                                9.18,
                                1,
                                1,
                                9,
                                24.58,
                                5.41,
                                1,
                                2,
                                2,
                                25.61,
                                7.45,
                                0.00328,
                                9,
                                22.51,
                                -1.72,
                                0.99672,
                                2,
                                2,
                                25.61,
                                -3.6,
                                0.08397,
                                9,
                                19.43,
                                -12.34,
                                0.91603,
                                2,
                                2,
                                16.21,
                                -7.73,
                                0.31755,
                                9,
                                9.26,
                                -13.68,
                                0.68245,
                                3,
                                2,
                                7.3,
                                -11.19,
                                0.64362,
                                8,
                                0.03,
                                14.46,
                                0.10613,
                                9,
                                -0.26,
                                -14.53,
                                0.25026,
                                3,
                                2,
                                -0.29,
                                -17.96,
                                0.36712,
                                8,
                                10.18,
                                15.08,
                                0.62305,
                                9,
                                -9.44,
                                -18.91,
                                0.00983,
                                2,
                                2,
                                -5.9,
                                -25.38,
                                0.14117,
                                8,
                                19.18,
                                17.45,
                                0.85883,
                                2,
                                2,
                                -12,
                                -26.21,
                                0.07424,
                                8,
                                24.49,
                                14.32,
                                0.92576,
                                2,
                                2,
                                -1.61,
                                -1.79,
                                0.34379,
                                8,
                                1.22,
                                1.56,
                                0.65621
                            ],
                            "edges": [
                                0,
                                2,
                                2,
                                4,
                                4,
                                6,
                                6,
                                8,
                                8,
                                10,
                                10,
                                12,
                                16,
                                18,
                                18,
                                20,
                                20,
                                22,
                                22,
                                24,
                                24,
                                26,
                                26,
                                28,
                                28,
                                30,
                                30,
                                32,
                                32,
                                34,
                                34,
                                36,
                                0,
                                36,
                                12,
                                14,
                                14,
                                16,
                                14,
                                38,
                                38,
                                30
                            ]
                        }
                    },
                    "qianbi_sz2": {
                        "qianbi_sz2": {
                            "type": "mesh",
                            "hull": 22,
                            "width": 28,
                            "height": 75,
                            "uvs": [
                                0.01394,
                                0.04644,
                                0.24966,
                                0.01124,
                                0.47948,
                                0.11243,
                                0.82716,
                                0.11024,
                                1,
                                0.11243,
                                1,
                                0.23783,
                                1,
                                0.44023,
                                1,
                                0.47543,
                                1,
                                0.62503,
                                1,
                                0.80983,
                                0.82716,
                                0.89123,
                                0.50894,
                                0.95503,
                                0.30859,
                                0.96163,
                                0.08466,
                                1,
                                0,
                                0.91763,
                                0.05519,
                                0.75923,
                                0.06109,
                                0.58543,
                                0.07432,
                                0.49443,
                                0.10234,
                                0.30163,
                                0.06109,
                                0.17624,
                                0,
                                0.11684,
                                0,
                                0.03984,
                                0.53251,
                                0.48863
                            ],
                            "triangles": [
                                7,
                                22,
                                6,
                                22,
                                7,
                                8,
                                8,
                                16,
                                22,
                                16,
                                8,
                                15,
                                16,
                                17,
                                22,
                                9,
                                15,
                                8,
                                10,
                                15,
                                9,
                                11,
                                15,
                                10,
                                12,
                                14,
                                15,
                                11,
                                12,
                                15,
                                13,
                                14,
                                12,
                                20,
                                21,
                                0,
                                1,
                                20,
                                0,
                                2,
                                20,
                                1,
                                2,
                                19,
                                20,
                                3,
                                4,
                                5,
                                18,
                                19,
                                2,
                                5,
                                2,
                                3,
                                6,
                                22,
                                5,
                                2,
                                5,
                                18,
                                22,
                                18,
                                5,
                                17,
                                18,
                                22
                            ],
                            "vertices": [
                                1,
                                10,
                                26.48,
                                15.98,
                                1,
                                1,
                                10,
                                29.56,
                                9.58,
                                1,
                                1,
                                10,
                                22.42,
                                2.64,
                                1,
                                1,
                                10,
                                23.24,
                                -7.06,
                                1,
                                1,
                                10,
                                23.41,
                                -11.9,
                                1,
                                3,
                                3,
                                12.8,
                                16.31,
                                0.00227,
                                10,
                                14.02,
                                -12.53,
                                0.98156,
                                11,
                                -21.29,
                                8.79,
                                0.01617,
                                3,
                                3,
                                12.8,
                                1.13,
                                0.07297,
                                10,
                                -1.12,
                                -13.56,
                                0.35829,
                                11,
                                -6.2,
                                10.39,
                                0.56874,
                                3,
                                3,
                                12.8,
                                -1.51,
                                0.05021,
                                10,
                                -3.76,
                                -13.74,
                                0.20319,
                                11,
                                -3.57,
                                10.66,
                                0.74661,
                                2,
                                10,
                                -14.95,
                                -14.5,
                                0.00016,
                                11,
                                7.58,
                                11.85,
                                0.99984,
                                1,
                                11,
                                21.37,
                                13.31,
                                1,
                                1,
                                11,
                                27.95,
                                9.14,
                                1,
                                1,
                                11,
                                33.65,
                                0.79,
                                1,
                                1,
                                11,
                                34.73,
                                -4.74,
                                1,
                                1,
                                11,
                                38.25,
                                -10.67,
                                1,
                                2,
                                3,
                                -15.2,
                                -34.68,
                                0.00048,
                                11,
                                32.36,
                                -13.68,
                                0.99952,
                                2,
                                3,
                                -13.65,
                                -22.8,
                                0.03653,
                                11,
                                20.38,
                                -13.4,
                                0.96347,
                                3,
                                3,
                                -13.49,
                                -9.76,
                                0.28893,
                                10,
                                -13.77,
                                11.93,
                                0.06059,
                                11,
                                7.4,
                                -14.61,
                                0.65048,
                                3,
                                3,
                                -13.12,
                                -2.93,
                                0.41555,
                                10,
                                -6.93,
                                12.02,
                                0.28506,
                                11,
                                0.58,
                                -14.96,
                                0.29938,
                                2,
                                3,
                                -12.33,
                                11.52,
                                0.03699,
                                10,
                                7.55,
                                12.22,
                                0.96301,
                                1,
                                10,
                                16.85,
                                14.01,
                                1,
                                1,
                                10,
                                21.18,
                                16.02,
                                1,
                                1,
                                10,
                                26.94,
                                16.41,
                                1,
                                2,
                                3,
                                -0.29,
                                -2.5,
                                0.49995,
                                11,
                                -1.21,
                                -2.25,
                                0.50005
                            ],
                            "edges": [
                                0,
                                2,
                                2,
                                4,
                                4,
                                6,
                                6,
                                8,
                                8,
                                10,
                                10,
                                12,
                                16,
                                18,
                                18,
                                20,
                                20,
                                22,
                                22,
                                24,
                                24,
                                26,
                                26,
                                28,
                                28,
                                30,
                                30,
                                32,
                                36,
                                38,
                                38,
                                40,
                                40,
                                42,
                                0,
                                42,
                                32,
                                34,
                                34,
                                36,
                                34,
                                44,
                                12,
                                14,
                                14,
                                16,
                                44,
                                14
                            ]
                        }
                    },
                    "qianbi_sz3": {
                        "qianbi_sz3": {
                            "type": "mesh",
                            "hull": 15,
                            "width": 57,
                            "height": 49,
                            "uvs": [
                                0,
                                0.48355,
                                0.0606,
                                0.28357,
                                0.17381,
                                0.11286,
                                0.27445,
                                0,
                                0.50925,
                                0,
                                0.67697,
                                0.07872,
                                0.9579,
                                0.29333,
                                1,
                                0.47867,
                                1,
                                0.58598,
                                1,
                                0.72743,
                                0.9579,
                                0.82986,
                                0.88243,
                                0.92253,
                                0.62246,
                                0.78108,
                                0.4212,
                                0.62012,
                                0.32057,
                                0.55672,
                                0.60267,
                                0.39056,
                                0.3112,
                                0.30362,
                                0.78951,
                                0.45142
                            ],
                            "triangles": [
                                17,
                                15,
                                5,
                                6,
                                17,
                                5,
                                17,
                                6,
                                7,
                                17,
                                7,
                                8,
                                17,
                                8,
                                9,
                                12,
                                15,
                                17,
                                10,
                                12,
                                17,
                                13,
                                15,
                                12,
                                9,
                                10,
                                17,
                                11,
                                12,
                                10,
                                16,
                                3,
                                4,
                                2,
                                3,
                                16,
                                1,
                                2,
                                16,
                                16,
                                4,
                                15,
                                14,
                                16,
                                15,
                                1,
                                16,
                                14,
                                0,
                                1,
                                14,
                                13,
                                14,
                                15,
                                15,
                                4,
                                5
                            ],
                            "vertices": [
                                1,
                                12,
                                19.1,
                                17.25,
                                1,
                                1,
                                12,
                                19.53,
                                6.87,
                                1,
                                2,
                                4,
                                -21.64,
                                10.56,
                                0.00392,
                                12,
                                16.65,
                                -3.3,
                                0.99608,
                                2,
                                4,
                                -15.9,
                                16.09,
                                0.06556,
                                12,
                                13.38,
                                -10.56,
                                0.93444,
                                3,
                                4,
                                -2.52,
                                16.09,
                                0.48518,
                                12,
                                0.95,
                                -15.53,
                                0.50387,
                                13,
                                -21.28,
                                12.31,
                                0.01095,
                                3,
                                4,
                                7.04,
                                12.24,
                                0.7021,
                                12,
                                -9.36,
                                -15.5,
                                0.10389,
                                13,
                                -11.11,
                                13.98,
                                0.19401,
                                2,
                                4,
                                23.05,
                                1.72,
                                0.08395,
                                13,
                                8.04,
                                13.3,
                                0.91605,
                                2,
                                4,
                                25.45,
                                -7.36,
                                0.00305,
                                13,
                                14.8,
                                6.78,
                                0.99695,
                                1,
                                13,
                                17.53,
                                2.29,
                                1,
                                1,
                                13,
                                21.13,
                                -3.64,
                                1,
                                1,
                                13,
                                21.68,
                                -9.17,
                                1,
                                1,
                                13,
                                20.36,
                                -15.29,
                                1,
                                3,
                                4,
                                3.93,
                                -22.18,
                                0.02659,
                                12,
                                -19.26,
                                17.61,
                                0.05338,
                                13,
                                4.1,
                                -17.05,
                                0.92003,
                                3,
                                4,
                                -7.54,
                                -14.29,
                                0.14904,
                                12,
                                -5.68,
                                14.55,
                                0.53708,
                                13,
                                -9.8,
                                -16.26,
                                0.31387,
                                3,
                                4,
                                -13.27,
                                -11.19,
                                0.04682,
                                12,
                                0.8,
                                13.79,
                                0.88063,
                                13,
                                -16.32,
                                -16.58,
                                0.07256,
                                3,
                                4,
                                2.81,
                                -3.05,
                                0.63277,
                                12,
                                -11.1,
                                0.26,
                                0.01739,
                                13,
                                -6.8,
                                -1.28,
                                0.34983,
                                1,
                                12,
                                5.9,
                                2.48,
                                1,
                                2,
                                4,
                                13.46,
                                -6.03,
                                0.00922,
                                13,
                                3.85,
                                1.7,
                                0.99078
                            ],
                            "edges": [
                                0,
                                2,
                                2,
                                4,
                                4,
                                6,
                                6,
                                8,
                                8,
                                10,
                                10,
                                12,
                                12,
                                14,
                                14,
                                16,
                                16,
                                18,
                                18,
                                20,
                                20,
                                22,
                                22,
                                24,
                                24,
                                26,
                                26,
                                28,
                                0,
                                28,
                                26,
                                30,
                                30,
                                10
                            ]
                        }
                    }
                }
            }
        ],
        "animations": {
            "animation": {
                "bones": {
                    "qianbi_qb3": {
                        "rotate": [
                            {
                                "angle": -6.38,
                                "curve": 0.296,
                                "c2": 0.21,
                                "c3": 0.656,
                                "c4": 0.63
                            },
                            {
                                "time": 0.3333,
                                "angle": -22.41,
                                "curve": 0.381,
                                "c2": 0.54,
                                "c3": 0.744
                            },
                            {
                                "time": 1,
                                "angle": -6.38,
                                "curve": 0.296,
                                "c2": 0.21,
                                "c3": 0.656,
                                "c4": 0.63
                            },
                            {
                                "time": 1.5,
                                "angle": -12.61,
                                "curve": 0.381,
                                "c2": 0.54,
                                "c3": 0.744
                            },
                            {
                                "time": 2,
                                "angle": -6.38
                            }
                        ]
                    },
                    "qianbi_qb2": {
                        "rotate": [
                            {
                                "angle": -7.49,
                                "curve": 0.343,
                                "c2": 0.36,
                                "c3": 0.686,
                                "c4": 0.73
                            },
                            {
                                "time": 0.3333,
                                "angle": -28.46,
                                "curve": 0.379,
                                "c2": 0.6,
                                "c3": 0.724
                            },
                            {
                                "time": 1,
                                "angle": -7.49,
                                "curve": 0.343,
                                "c2": 0.36,
                                "c3": 0.686,
                                "c4": 0.73
                            },
                            {
                                "time": 1.5,
                                "angle": -12.21,
                                "curve": 0.379,
                                "c2": 0.6,
                                "c3": 0.724
                            },
                            {
                                "time": 2,
                                "angle": -7.49
                            }
                        ]
                    },
                    "qianbi_qb1": {
                        "rotate": [
                            {
                                "angle": 4.86,
                                "curve": 0.351,
                                "c2": 0.4,
                                "c3": 0.689,
                                "c4": 0.75
                            },
                            {
                                "time": 0.3333,
                                "angle": 26.11,
                                "curve": 0.371,
                                "c2": 0.62,
                                "c3": 0.71
                            },
                            {
                                "time": 1,
                                "angle": 4.86,
                                "curve": 0.351,
                                "c2": 0.4,
                                "c3": 0.689,
                                "c4": 0.75
                            },
                            {
                                "time": 1.5,
                                "angle": 15.76,
                                "curve": 0.371,
                                "c2": 0.62,
                                "c3": 0.71
                            },
                            {
                                "time": 2,
                                "angle": 4.86
                            }
                        ]
                    },
                    "qianbi": {
                        "translate": [
                            {},
                            {
                                "time": 0.5,
                                "y": 2.44
                            },
                            {
                                "time": 1
                            },
                            {
                                "time": 1.5,
                                "y": 2.44
                            },
                            {
                                "time": 2
                            }
                        ],
                        "scale": [
                            {},
                            {
                                "time": 0.0667,
                                "x": 1.06,
                                "y": 1.06
                            },
                            {
                                "time": 0.1667,
                                "x": 0.96,
                                "y": 0.96
                            },
                            {
                                "time": 0.3667
                            },
                            {
                                "time": 1,
                                "x": 1.02,
                                "y": 1.02
                            },
                            {
                                "time": 2
                            }
                        ]
                    },
                    "qianbi_sz7": {
                        "rotate": [
                            {
                                "curve": 0.25,
                                "c3": 0.75
                            },
                            {
                                "time": 0.5,
                                "angle": 4.28,
                                "curve": 0.25,
                                "c3": 0.75
                            },
                            {
                                "time": 1,
                                "curve": 0.25,
                                "c3": 0.75
                            },
                            {
                                "time": 1.5,
                                "angle": 4.28,
                                "curve": 0.25,
                                "c3": 0.75
                            },
                            {
                                "time": 2
                            }
                        ]
                    },
                    "qianbi_sz6": {
                        "rotate": [
                            {
                                "curve": 0.25,
                                "c3": 0.75
                            },
                            {
                                "time": 0.5,
                                "angle": -6.08,
                                "curve": 0.25,
                                "c3": 0.75
                            },
                            {
                                "time": 1,
                                "curve": 0.25,
                                "c3": 0.75
                            },
                            {
                                "time": 1.5,
                                "angle": -6.08,
                                "curve": 0.25,
                                "c3": 0.75
                            },
                            {
                                "time": 2
                            }
                        ]
                    },
                    "qianbi_sz8": {
                        "rotate": [
                            {
                                "curve": 0.25,
                                "c3": 0.75
                            },
                            {
                                "time": 0.5,
                                "angle": 8.64,
                                "curve": 0.25,
                                "c3": 0.75
                            },
                            {
                                "time": 1,
                                "curve": 0.25,
                                "c3": 0.75
                            },
                            {
                                "time": 1.5,
                                "angle": 8.64,
                                "curve": 0.25,
                                "c3": 0.75
                            },
                            {
                                "time": 2
                            }
                        ]
                    },
                    "qianbi_sz9": {
                        "rotate": [
                            {
                                "curve": 0.25,
                                "c3": 0.75
                            },
                            {
                                "time": 0.5,
                                "angle": -7.32,
                                "curve": 0.25,
                                "c3": 0.75
                            },
                            {
                                "time": 1,
                                "curve": 0.25,
                                "c3": 0.75
                            },
                            {
                                "time": 1.5,
                                "angle": -7.32,
                                "curve": 0.25,
                                "c3": 0.75
                            },
                            {
                                "time": 2
                            }
                        ]
                    },
                    "qianbi_sz5": {
                        "rotate": [
                            {
                                "curve": 0.25,
                                "c3": 0.75
                            },
                            {
                                "time": 0.5,
                                "angle": 4.85,
                                "curve": 0.25,
                                "c3": 0.75
                            },
                            {
                                "time": 1,
                                "curve": 0.25,
                                "c3": 0.75
                            },
                            {
                                "time": 1.5,
                                "angle": 4.85,
                                "curve": 0.25,
                                "c3": 0.75
                            },
                            {
                                "time": 2
                            }
                        ]
                    },
                    "qianbi_sz4": {
                        "rotate": [
                            {
                                "curve": 0.25,
                                "c3": 0.75
                            },
                            {
                                "time": 0.5,
                                "angle": -4.98,
                                "curve": 0.25,
                                "c3": 0.75
                            },
                            {
                                "time": 1,
                                "curve": 0.25,
                                "c3": 0.75
                            },
                            {
                                "time": 1.5,
                                "angle": -4.98,
                                "curve": 0.25,
                                "c3": 0.75
                            },
                            {
                                "time": 2
                            }
                        ]
                    }
                }
            },
            "animation2": {
                "bones": {
                    "qianbi_qb3": {
                        "rotate": [
                            {
                                "angle": -12.61,
                                "curve": 0.381,
                                "c2": 0.54,
                                "c3": 0.744
                            },
                            {
                                "time": 0.5,
                                "angle": -6.38,
                                "curve": 0.311,
                                "c2": 0.25,
                                "c3": 0.757
                            },
                            {
                                "time": 1,
                                "angle": -12.43,
                                "curve": 0.381,
                                "c2": 0.54,
                                "c3": 0.744
                            },
                            {
                                "time": 1.5,
                                "angle": -6.38,
                                "curve": 0.296,
                                "c2": 0.21,
                                "c3": 0.656,
                                "c4": 0.63
                            },
                            {
                                "time": 2,
                                "angle": -12.61
                            }
                        ]
                    },
                    "qianbi_qb2": {
                        "rotate": [
                            {
                                "angle": -9.93,
                                "curve": 0.371,
                                "c2": 0.63,
                                "c3": 0.71
                            },
                            {
                                "time": 0.3333,
                                "angle": -7.49,
                                "curve": 0.375,
                                "c2": 0.5,
                                "c3": 0.75
                            },
                            {
                                "time": 0.8333,
                                "angle": -13.12,
                                "curve": 0.379,
                                "c2": 0.6,
                                "c3": 0.724
                            },
                            {
                                "time": 1.3333,
                                "angle": -7.49,
                                "curve": 0.343,
                                "c2": 0.36,
                                "c3": 0.686,
                                "c4": 0.73
                            },
                            {
                                "time": 1.8333,
                                "angle": -12.21,
                                "curve": 0.345,
                                "c2": 0.38,
                                "c3": 0.679,
                                "c4": 0.72
                            },
                            {
                                "time": 2,
                                "angle": -9.93
                            }
                        ]
                    },
                    "qianbi_qb1": {
                        "rotate": [
                            {
                                "angle": 6.42,
                                "curve": 0.35,
                                "c2": 0.65,
                                "c3": 0.684
                            },
                            {
                                "time": 0.1667,
                                "angle": 4.86,
                                "curve": 0.382,
                                "c2": 0.57,
                                "c3": 0.735
                            },
                            {
                                "time": 0.6667,
                                "angle": 10.41,
                                "curve": 0.371,
                                "c2": 0.62,
                                "c3": 0.71
                            },
                            {
                                "time": 1.1667,
                                "angle": 4.86,
                                "curve": 0.351,
                                "c2": 0.4,
                                "c3": 0.689,
                                "c4": 0.75
                            },
                            {
                                "time": 1.6667,
                                "angle": 15.76,
                                "curve": 0.356,
                                "c2": 0.47,
                                "c3": 0.692,
                                "c4": 0.82
                            },
                            {
                                "time": 2,
                                "angle": 6.42
                            }
                        ]
                    },
                    "qianbi": {
                        "translate": [
                            {},
                            {
                                "time": 0.5,
                                "y": 2.44
                            },
                            {
                                "time": 1
                            },
                            {
                                "time": 1.5,
                                "y": 2.44
                            },
                            {
                                "time": 2
                            }
                        ],
                        "scale": [
                            {},
                            {
                                "time": 0.5,
                                "x": 1.02,
                                "y": 1.02
                            },
                            {
                                "time": 1
                            },
                            {
                                "time": 1.5,
                                "x": 1.02,
                                "y": 1.02
                            },
                            {
                                "time": 2
                            }
                        ]
                    },
                    "qianbi_sz7": {
                        "rotate": [
                            {
                                "angle": 4.28,
                                "curve": 0.25,
                                "c3": 0.75
                            },
                            {
                                "time": 0.5,
                                "curve": 0.25,
                                "c3": 0.75
                            },
                            {
                                "time": 1,
                                "angle": 4.28,
                                "curve": 0.25,
                                "c3": 0.75
                            },
                            {
                                "time": 1.5,
                                "curve": 0.25,
                                "c3": 0.75
                            },
                            {
                                "time": 2,
                                "angle": 4.28
                            }
                        ]
                    },
                    "qianbi_sz6": {
                        "rotate": [
                            {
                                "angle": -1.73,
                                "curve": 0.382,
                                "c2": 0.57,
                                "c3": 0.735
                            },
                            {
                                "time": 0.1667,
                                "curve": 0.25,
                                "c3": 0.75
                            },
                            {
                                "time": 0.6667,
                                "angle": -6.08,
                                "curve": 0.25,
                                "c3": 0.75
                            },
                            {
                                "time": 1.1667,
                                "curve": 0.25,
                                "c3": 0.75
                            },
                            {
                                "time": 1.6667,
                                "angle": -6.08,
                                "curve": 0.243,
                                "c3": 0.649,
                                "c4": 0.6
                            },
                            {
                                "time": 2,
                                "angle": -1.73
                            }
                        ]
                    },
                    "qianbi_sz8": {
                        "rotate": [
                            {
                                "angle": 2.45,
                                "curve": 0.382,
                                "c2": 0.57,
                                "c3": 0.735
                            },
                            {
                                "time": 0.1667,
                                "curve": 0.25,
                                "c3": 0.75
                            },
                            {
                                "time": 0.6667,
                                "angle": 8.64,
                                "curve": 0.25,
                                "c3": 0.75
                            },
                            {
                                "time": 1.1667,
                                "curve": 0.25,
                                "c3": 0.75
                            },
                            {
                                "time": 1.6667,
                                "angle": 8.64,
                                "curve": 0.243,
                                "c3": 0.649,
                                "c4": 0.6
                            },
                            {
                                "time": 2,
                                "angle": 2.45
                            }
                        ]
                    },
                    "qianbi_sz9": {
                        "rotate": [
                            {
                                "angle": -7.32,
                                "curve": 0.25,
                                "c3": 0.75
                            },
                            {
                                "time": 0.5,
                                "curve": 0.25,
                                "c3": 0.75
                            },
                            {
                                "time": 1,
                                "angle": -7.32,
                                "curve": 0.25,
                                "c3": 0.75
                            },
                            {
                                "time": 1.5,
                                "curve": 0.25,
                                "c3": 0.75
                            },
                            {
                                "time": 2,
                                "angle": -7.32
                            }
                        ]
                    },
                    "qianbi_sz5": {
                        "rotate": [
                            {
                                "angle": 4.85,
                                "curve": 0.25,
                                "c3": 0.75
                            },
                            {
                                "time": 0.5,
                                "curve": 0.25,
                                "c3": 0.75
                            },
                            {
                                "time": 1,
                                "angle": 4.85,
                                "curve": 0.25,
                                "c3": 0.75
                            },
                            {
                                "time": 1.5,
                                "curve": 0.25,
                                "c3": 0.75
                            },
                            {
                                "time": 2,
                                "angle": 4.85
                            }
                        ]
                    },
                    "qianbi_sz4": {
                        "rotate": [
                            {
                                "angle": -1.41,
                                "curve": 0.382,
                                "c2": 0.57,
                                "c3": 0.735
                            },
                            {
                                "time": 0.1667,
                                "curve": 0.25,
                                "c3": 0.75
                            },
                            {
                                "time": 0.6667,
                                "angle": -4.98,
                                "curve": 0.25,
                                "c3": 0.75
                            },
                            {
                                "time": 1.1667,
                                "curve": 0.25,
                                "c3": 0.75
                            },
                            {
                                "time": 1.6667,
                                "angle": -4.98,
                                "curve": 0.243,
                                "c3": 0.649,
                                "c4": 0.6
                            },
                            {
                                "time": 2,
                                "angle": -1.41
                            }
                        ]
                    }
                }
            }
        }
    }