{
  "skeleton": {
    "hash": "hVgBpRd1BTQ0+8xDZFSvISmsjug",
    "spine": "3.8.99",
    "x": -122.5,
    "y": -113.34,
    "width": 246,
    "height": 228.34
  },
  "bones": [
    {
      "name": "root",
      "scaleX": 0.5,
      "scaleY": 0.5
    },
    {
      "name": "_subroot",
      "parent": "root"
    },
    {
      "name": "symbol",
      "parent": "_subroot"
    },
    {
      "name": "coin_L_ctrl",
      "parent": "_subroot",
      "x": -89.27,
      "y": 75.71
    },
    {
      "name": "coin_L",
      "parent": "symbol",
      "x": -98.4,
      "y": 74.4
    },
    {
      "name": "coin_R",
      "parent": "symbol",
      "x": 124.3,
      "y": -105.53
    },
    {
      "name": "coin_R_ctrl",
      "parent": "_subroot",
      "x": 117.52,
      "y": -93.79
    },
    {
      "name": "coin_R_opp",
      "parent": "_subroot",
      "x": 102.82,
      "y": -89.93
    },
    {
      "name": "coin_L_opp",
      "parent": "_subroot",
      "rotation": 0.06,
      "x": -106.28,
      "y": 79.01
    },
    {
      "name": "vfx",
      "parent": "_subroot",
      "scaleX": 2,
      "scaleY": 2
    }
  ],
  "slots": [
    {
      "name": "ps_vfx_d_coin_add",
      "bone": "vfx",
      "blend": "additive"
    },
    {
      "name": "h_coin_R_inner",
      "bone": "coin_R",
      "attachment": "h_coin_R_inner"
    },
    {
      "name": "h_coin_L_inner",
      "bone": "coin_L",
      "attachment": "h_coin_L_inner"
    },
    {
      "name": "h_coin_R",
      "bone": "coin_R",
      "attachment": "h_coin_R"
    },
    {
      "name": "h_coin_L",
      "bone": "coin_L",
      "attachment": "h_coin_L"
    }
  ],
  "transform": [
    {
      "name": "coin_L_ctrl",
      "order": 1,
      "target": "coin_L_ctrl",
      "x": -17.01,
      "y": 3.3,
      "rotateMix": 0,
      "translateMix": -1,
      "scaleMix": 0,
      "shearMix": 0,
      "bones": [
        "coin_L_opp"
      ]
    },
    {
      "name": "coin_R_ctrl",
      "target": "coin_R_ctrl",
      "x": -14.7,
      "y": 3.86,
      "rotateMix": 0,
      "translateMix": -1,
      "scaleMix": 0,
      "shearMix": 0,
      "bones": [
        "coin_R_opp"
      ]
    }
  ],
  "skins": [
    {
      "name": "default",
      "attachments": {
        "h_coin_L": {
          "h_coin_L": {
            "type": "mesh",
            "hull": 20,
            "uvs": [
              0.75859,
              0.95848,
              0.6251,
              0.99048,
              0.47918,
              1,
              0.32121,
              0.96858,
              0.19392,
              0.89337,
              0.09422,
              0.77335,
              0.01863,
              0.6343,
              0,
              0.5,
              0.01096,
              0.34857,
              0.06245,
              0.2276,
              0.15338,
              0.11615,
              0.30259,
              0.03618,
              0.5,
              0,
              0.64941,
              0.02732,
              0.79379,
              0.10817,
              0.90696,
              0.23441,
              0.97108,
              0.35956,
              0.99999,
              0.54698,
              0.97611,
              0.72458,
              0.89941,
              0.85409,
              0.50548,
              0.97424,
              0.37394,
              0.92068,
              0.57835,
              0.49739,
              0.25767,
              0.82852,
              0.13846,
              0.61615,
              0.18755,
              0.7285,
              0.17057,
              0.22298,
              0.10867,
              0.48471,
              0.35771,
              0.04101,
              0.2347,
              0.12624,
              0.12072,
              0.33804
            ],
            "triangles": [
              28,
              11,
              12,
              29,
              10,
              11,
              26,
              10,
              29,
              29,
              11,
              28,
              9,
              10,
              26,
              30,
              9,
              26,
              8,
              9,
              30,
              27,
              8,
              30,
              22,
              12,
              13,
              22,
              13,
              14,
              22,
              14,
              15,
              22,
              15,
              16,
              28,
              12,
              22,
              29,
              28,
              22,
              26,
              29,
              22,
              30,
              26,
              22,
              27,
              30,
              22,
              7,
              8,
              27,
              22,
              16,
              17,
              24,
              27,
              22,
              24,
              6,
              7,
              24,
              7,
              27,
              18,
              22,
              17,
              25,
              24,
              22,
              5,
              6,
              24,
              5,
              24,
              25,
              23,
              25,
              22,
              19,
              22,
              18,
              21,
              23,
              22,
              23,
              5,
              25,
              4,
              5,
              23,
              21,
              22,
              20,
              3,
              4,
              23,
              19,
              0,
              22,
              21,
              3,
              23,
              22,
              1,
              20,
              0,
              1,
              22,
              2,
              21,
              20,
              2,
              20,
              1,
              3,
              21,
              2
            ],
            "vertices": [
              2,
              4,
              59.74,
              -144.4,
              0.92,
              8,
              67.46,
              -149.09,
              0.08,
              2,
              4,
              23.43,
              -154.42,
              0.9,
              8,
              31.14,
              -159.06,
              0.1,
              2,
              4,
              -16.26,
              -157.4,
              0.9,
              8,
              -8.55,
              -162,
              0.1,
              2,
              4,
              -59.23,
              -147.57,
              0.9,
              8,
              -51.51,
              -152.12,
              0.1,
              2,
              4,
              -93.85,
              -124.02,
              0.92,
              8,
              -86.11,
              -128.54,
              0.08,
              2,
              4,
              -120.97,
              -86.46,
              0.95,
              8,
              -113.19,
              -90.95,
              0.05,
              2,
              4,
              -141.53,
              -42.93,
              0.97,
              8,
              -133.7,
              -47.4,
              0.03,
              1,
              4,
              -146.6,
              -0.9,
              1,
              2,
              4,
              -143.62,
              46.5,
              0.97,
              3,
              -152.75,
              45.19,
              0.03,
              2,
              4,
              -129.61,
              84.36,
              0.95,
              3,
              -138.74,
              83.05,
              0.05,
              2,
              4,
              -104.88,
              119.24,
              0.92,
              3,
              -114.01,
              117.93,
              0.08,
              2,
              4,
              -64.3,
              144.28,
              0.9,
              3,
              -73.43,
              142.97,
              0.1,
              2,
              4,
              -10.6,
              155.6,
              0.9,
              3,
              -19.73,
              154.29,
              0.1,
              2,
              4,
              30.04,
              147.05,
              0.9,
              3,
              20.91,
              145.74,
              0.1,
              2,
              4,
              69.31,
              121.74,
              0.92,
              3,
              60.18,
              120.43,
              0.08,
              2,
              4,
              100.09,
              82.23,
              0.95,
              3,
              90.96,
              80.92,
              0.05,
              2,
              4,
              117.53,
              43.06,
              0.97,
              3,
              108.4,
              41.75,
              0.03,
              1,
              4,
              125.4,
              -15.61,
              1,
              2,
              4,
              118.9,
              -71.19,
              0.97,
              8,
              126.7,
              -75.94,
              0.03,
              2,
              4,
              98.04,
              -111.73,
              0.95,
              8,
              105.8,
              -116.46,
              0.05,
              2,
              4,
              -9.11,
              -149.34,
              0.9,
              8,
              -1.39,
              -153.95,
              0.1,
              2,
              4,
              -44.89,
              -132.57,
              0.9,
              8,
              -37.15,
              -137.14,
              0.1,
              1,
              4,
              10.71,
              -0.08,
              1,
              2,
              4,
              -76.51,
              -103.73,
              0.92,
              8,
              -68.75,
              -108.26,
              0.08,
              2,
              4,
              -108.94,
              -37.26,
              0.97,
              8,
              -101.1,
              -41.76,
              0.03,
              2,
              4,
              -95.59,
              -72.42,
              0.95,
              8,
              -87.79,
              -76.94,
              0.05,
              2,
              4,
              -100.2,
              85.81,
              0.95,
              3,
              -109.33,
              84.5,
              0.05,
              1,
              4,
              -117.04,
              3.88,
              1,
              2,
              4,
              -49.3,
              142.76,
              0.9,
              3,
              -58.43,
              141.45,
              0.1,
              2,
              4,
              -82.76,
              116.09,
              0.92,
              3,
              -91.89,
              114.78,
              0.08,
              2,
              4,
              -113.76,
              49.79,
              0.97,
              3,
              -122.89,
              48.48,
              0.03
            ]
          }
        },
        "h_coin_L_inner": {
          "h_coin_L_inner": {
            "type": "mesh",
            "hull": 7,
            "uvs": [
              0.67458,
              0.99228,
              0.37281,
              0.90547,
              0.59397,
              0.37343,
              0.00949,
              0.16163,
              0.09794,
              0.00386,
              0.92733,
              0.30867,
              0.96841,
              0.3642
            ],
            "triangles": [
              1,
              2,
              0,
              6,
              2,
              5,
              6,
              0,
              2,
              5,
              2,
              4,
              2,
              3,
              4
            ],
            "vertices": [
              2,
              4,
              22.95,
              -58.53,
              0.97,
              8,
              30.76,
              -63.17,
              0.03,
              2,
              4,
              2.12,
              -48.72,
              0.97,
              8,
              9.95,
              -53.34,
              0.03,
              1,
              4,
              17.38,
              11.4,
              1,
              2,
              4,
              -22.95,
              35.34,
              0.97,
              3,
              -32.08,
              34.03,
              0.03,
              2,
              4,
              -16.84,
              53.16,
              0.97,
              3,
              -25.97,
              51.85,
              0.03,
              1,
              4,
              40.39,
              18.72,
              1,
              1,
              4,
              43.22,
              12.45,
              1
            ]
          }
        },
        "h_coin_R": {
          "h_coin_R": {
            "type": "mesh",
            "hull": 21,
            "uvs": [
              0.91907,
              0.64045,
              0.81465,
              0.78055,
              0.70844,
              0.87365,
              0.57914,
              0.94791,
              0.45864,
              0.99224,
              0.31066,
              0.99446,
              0.18906,
              0.94237,
              0.05826,
              0.82438,
              0.0033,
              0.71748,
              0.0066,
              0.58066,
              0.04899,
              0.4356,
              0.13567,
              0.2926,
              0.23953,
              0.17987,
              0.36348,
              0.08993,
              0.5,
              0.02533,
              0.64154,
              0.0038,
              0.77932,
              0.0266,
              0.85079,
              0.0878,
              0.96838,
              0.22405,
              1,
              0.34883,
              0.97724,
              0.50548,
              0.84742,
              0.51971,
              0.63336,
              0.75092,
              0.5064,
              0.83746,
              0.3628,
              0.89042,
              0.21803,
              0.89178,
              0.73854,
              0.66071,
              0.90891,
              0.36771,
              0.34549,
              0.5748,
              0.89994,
              0.22842,
              0.5403,
              0.32765
            ],
            "triangles": [
              6,
              25,
              5,
              5,
              24,
              4,
              5,
              25,
              24,
              4,
              23,
              3,
              4,
              24,
              23,
              2,
              3,
              22,
              6,
              7,
              25,
              24,
              25,
              28,
              23,
              24,
              28,
              3,
              23,
              22,
              2,
              22,
              1,
              28,
              25,
              7,
              23,
              28,
              22,
              7,
              8,
              28,
              28,
              8,
              9,
              22,
              26,
              1,
              1,
              26,
              0,
              22,
              28,
              26,
              28,
              30,
              26,
              26,
              21,
              0,
              26,
              30,
              21,
              0,
              21,
              20,
              9,
              10,
              28,
              27,
              21,
              30,
              30,
              15,
              16,
              10,
              11,
              28,
              11,
              12,
              28,
              30,
              12,
              13,
              30,
              28,
              12,
              21,
              27,
              20,
              27,
              30,
              29,
              17,
              30,
              16,
              30,
              17,
              29,
              20,
              27,
              19,
              27,
              18,
              19,
              27,
              29,
              18,
              13,
              14,
              30,
              30,
              14,
              15,
              29,
              17,
              18
            ],
            "vertices": [
              2,
              5,
              103.11,
              -36.18,
              0.92,
              6,
              109.9,
              -47.92,
              0.08,
              2,
              5,
              77.84,
              -69.8,
              0.9,
              6,
              84.62,
              -81.54,
              0.1,
              2,
              5,
              52.14,
              -92.15,
              0.9,
              6,
              58.92,
              -103.89,
              0.1,
              2,
              5,
              20.85,
              -109.97,
              0.92,
              6,
              27.63,
              -121.71,
              0.08,
              2,
              5,
              -8.31,
              -120.61,
              0.95,
              6,
              -1.53,
              -132.35,
              0.05,
              2,
              5,
              -44.12,
              -121.14,
              0.97,
              6,
              -37.34,
              -132.88,
              0.03,
              1,
              5,
              -73.55,
              -108.64,
              1,
              1,
              5,
              -105.2,
              -80.32,
              1,
              2,
              5,
              -118.5,
              -54.67,
              0.97,
              7,
              -97.02,
              -70.27,
              0.03,
              2,
              5,
              -117.71,
              -21.83,
              0.95,
              7,
              -96.22,
              -37.43,
              0.05,
              2,
              5,
              -107.45,
              12.98,
              0.92,
              7,
              -85.96,
              -2.62,
              0.08,
              2,
              5,
              -86.47,
              47.3,
              0.9,
              7,
              -64.99,
              31.7,
              0.1,
              2,
              5,
              -61.34,
              74.36,
              0.9,
              7,
              -39.85,
              58.76,
              0.1,
              2,
              5,
              -31.34,
              95.94,
              0.9,
              7,
              -9.86,
              80.34,
              0.1,
              2,
              5,
              1.7,
              111.45,
              0.92,
              7,
              23.18,
              95.85,
              0.08,
              2,
              5,
              35.95,
              116.62,
              0.95,
              7,
              57.43,
              101.02,
              0.05,
              2,
              5,
              69.29,
              111.14,
              0.97,
              7,
              90.78,
              95.54,
              0.03,
              1,
              5,
              86.59,
              96.46,
              1,
              1,
              5,
              115.04,
              63.76,
              1,
              2,
              5,
              122.7,
              33.81,
              0.97,
              6,
              129.48,
              22.07,
              0.03,
              2,
              5,
              117.19,
              -3.79,
              0.95,
              6,
              123.97,
              -15.52,
              0.05,
              2,
              5,
              85.77,
              -7.2,
              0.92,
              6,
              92.56,
              -18.94,
              0.08,
              2,
              5,
              33.97,
              -62.69,
              0.9,
              6,
              40.75,
              -74.43,
              0.1,
              2,
              5,
              3.25,
              -83.46,
              0.92,
              6,
              10.03,
              -95.2,
              0.08,
              2,
              5,
              -31.51,
              -96.17,
              0.95,
              6,
              -24.72,
              -107.91,
              0.05,
              2,
              5,
              -66.54,
              -96.5,
              0.97,
              6,
              -59.76,
              -108.24,
              0.03,
              2,
              5,
              59.42,
              -41.04,
              0.9,
              6,
              66.21,
              -52.78,
              0.1,
              2,
              5,
              100.65,
              29.28,
              0.95,
              6,
              107.44,
              17.54,
              0.05,
              1,
              5,
              -35.69,
              -20.42,
              1,
              2,
              5,
              98.48,
              62.71,
              0.97,
              6,
              105.27,
              50.97,
              0.03,
              1,
              5,
              11.45,
              38.89,
              1
            ]
          }
        },
        "h_coin_R_inner": {
          "h_coin_R_inner": {
            "type": "mesh",
            "hull": 7,
            "uvs": [
              0.38229,
              0.88547,
              0.04178,
              0.98055,
              0.03184,
              0.32228,
              0.06498,
              0.2689,
              0.97581,
              0.00097,
              0.97314,
              0.31172,
              0.39124,
              0.50028
            ],
            "triangles": [
              0,
              1,
              6,
              6,
              1,
              2,
              2,
              3,
              6,
              6,
              3,
              5,
              5,
              3,
              4
            ],
            "vertices": [
              1,
              5,
              -16.22,
              -29.51,
              1,
              1,
              5,
              -37.67,
              -37.78,
              1,
              2,
              5,
              -38.3,
              19.49,
              0.97,
              7,
              -16.81,
              3.89,
              0.03,
              2,
              5,
              -36.21,
              24.13,
              0.97,
              7,
              -14.73,
              8.53,
              0.03,
              1,
              5,
              21.17,
              47.44,
              1,
              1,
              5,
              21.01,
              20.41,
              1,
              2,
              5,
              -15.65,
              4,
              0.97,
              7,
              5.83,
              -11.6,
              0.03
            ]
          }
        },
        "ps_vfx_d_coin_add": {
          "ps_vfx_d_coin_add/ps_vfx_d_coin_add_00": {
            "x": 0.5,
            "y": 1,
            "width": 305,
            "height": 288
          },
          "ps_vfx_d_coin_add/ps_vfx_d_coin_add_01": {
            "x": 1.5,
            "y": -2.5,
            "width": 303,
            "height": 283
          },
          "ps_vfx_d_coin_add/ps_vfx_d_coin_add_02": {
            "x": 2,
            "y": -3.5,
            "width": 302,
            "height": 283
          },
          "ps_vfx_d_coin_add/ps_vfx_d_coin_add_03": {
            "x": 0.5,
            "width": 303,
            "height": 286
          },
          "ps_vfx_d_coin_add/ps_vfx_d_coin_add_04": {
            "y": 5,
            "width": 308,
            "height": 292
          },
          "ps_vfx_d_coin_add/ps_vfx_d_coin_add_05": {
            "y": 7.5,
            "width": 314,
            "height": 297
          },
          "ps_vfx_d_coin_add/ps_vfx_d_coin_add_06": {
            "x": 1,
            "y": 6.5,
            "width": 314,
            "height": 295
          },
          "ps_vfx_d_coin_add/ps_vfx_d_coin_add_07": {
            "x": 1,
            "y": 3.5,
            "width": 310,
            "height": 291
          },
          "ps_vfx_d_coin_add/ps_vfx_d_coin_add_08": {
            "x": 1,
            "y": 1,
            "width": 306,
            "height": 288
          },
          "ps_vfx_d_coin_add/ps_vfx_d_coin_add_09": {
            "x": 1,
            "width": 304,
            "height": 288
          },
          "ps_vfx_d_coin_add/ps_vfx_d_coin_add_10": {
            "x": 0.5,
            "width": 305,
            "height": 288
          },
          "ps_vfx_d_coin_add/ps_vfx_d_coin_add_11": {
            "y": 1.5,
            "width": 308,
            "height": 291
          },
          "ps_vfx_d_coin_add/ps_vfx_d_coin_add_12": {
            "x": 0.5,
            "y": 1.5,
            "width": 311,
            "height": 293
          },
          "ps_vfx_d_coin_add/ps_vfx_d_coin_add_13": {
            "x": 0.5,
            "y": 1.5,
            "width": 313,
            "height": 295
          },
          "ps_vfx_d_coin_add/ps_vfx_d_coin_add_14": {
            "x": 0.5,
            "y": 1.5,
            "width": 313,
            "height": 295
          },
          "ps_vfx_d_coin_add/ps_vfx_d_coin_add_15": {
            "x": 0.5,
            "y": 1,
            "width": 311,
            "height": 294
          }
        }
      }
    }
  ],
  "animations": {
    "spawn": {
      "bones": {
        "coin_L_ctrl": {
          "translate": [
            {
              "curve": 0.25,
              "c3": 0.75
            },
            {
              "time": 0.0667,
              "x": 6.66,
              "y": 6.66,
              "curve": 0.25,
              "c3": 0.298
            },
            {
              "time": 0.2667,
              "x": -4.99,
              "y": -6.66,
              "curve": 0.25,
              "c3": 0.234
            },
            {
              "time": 0.5
            }
          ]
        },
        "coin_L": {
          "rotate": [
            {
              "curve": 0.25,
              "c3": 0.481
            },
            {
              "time": 0.1,
              "angle": -0.68,
              "curve": 0.25,
              "c3": 0.481
            },
            {
              "time": 0.2667,
              "angle": 0.23,
              "curve": 0.25,
              "c3": 0.481
            },
            {
              "time": 0.4333,
              "angle": -0.14,
              "curve": 0.25,
              "c3": 0.481
            },
            {
              "time": 0.5
            }
          ],
          "translate": [
            {
              "curve": 0.397,
              "c2": 0.51,
              "c3": 0.75
            },
            {
              "time": 0.0667,
              "y": -5,
              "curve": 0.25,
              "c3": 0.75
            },
            {
              "time": 0.1667,
              "y": 2,
              "curve": 0.25,
              "c3": 0.444
            },
            {
              "time": 0.3333,
              "y": -1,
              "curve": 0.25,
              "c3": 0.481
            },
            {
              "time": 0.5
            }
          ]
        },
        "coin_R": {
          "rotate": [
            {
              "curve": 0.25,
              "c3": 0.481
            },
            {
              "time": 0.0667,
              "angle": -0.68,
              "curve": 0.25,
              "c3": 0.481
            },
            {
              "time": 0.2333,
              "angle": 0.23,
              "curve": 0.25,
              "c3": 0.481
            },
            {
              "time": 0.4,
              "angle": -0.14,
              "curve": 0.25,
              "c3": 0.481
            },
            {
              "time": 0.5
            }
          ],
          "translate": [
            {
              "curve": 0.397,
              "c2": 0.51,
              "c3": 0.75
            },
            {
              "time": 0.0333,
              "y": -5,
              "curve": 0.25,
              "c3": 0.75
            },
            {
              "time": 0.1333,
              "y": 2,
              "curve": 0.25,
              "c3": 0.444
            },
            {
              "time": 0.3,
              "y": -1,
              "curve": 0.25,
              "c3": 0.481
            },
            {
              "time": 0.5
            }
          ]
        },
        "coin_R_ctrl": {
          "translate": [
            {
              "curve": 0.25,
              "c3": 0.75
            },
            {
              "time": 0.0667,
              "x": 6.66,
              "y": 6.66,
              "curve": 0.25,
              "c3": 0.298
            },
            {
              "time": 0.2667,
              "x": -4.99,
              "y": -6.66,
              "curve": 0.25,
              "c3": 0.234
            },
            {
              "time": 0.5
            }
          ]
        }
      }
    },
    "win": {
      "slots": {
        "ps_vfx_d_coin_add": {
          "attachment": [
            {
              "name": "ps_vfx_d_coin_add/ps_vfx_d_coin_add_00"
            },
            {
              "time": 0.0333,
              "name": "ps_vfx_d_coin_add/ps_vfx_d_coin_add_01"
            },
            {
              "time": 0.0667,
              "name": "ps_vfx_d_coin_add/ps_vfx_d_coin_add_02"
            },
            {
              "time": 0.1,
              "name": "ps_vfx_d_coin_add/ps_vfx_d_coin_add_03"
            },
            {
              "time": 0.1333,
              "name": "ps_vfx_d_coin_add/ps_vfx_d_coin_add_04"
            },
            {
              "time": 0.1667,
              "name": "ps_vfx_d_coin_add/ps_vfx_d_coin_add_05"
            },
            {
              "time": 0.2,
              "name": "ps_vfx_d_coin_add/ps_vfx_d_coin_add_06"
            },
            {
              "time": 0.2333,
              "name": "ps_vfx_d_coin_add/ps_vfx_d_coin_add_07"
            },
            {
              "time": 0.2667,
              "name": "ps_vfx_d_coin_add/ps_vfx_d_coin_add_08"
            },
            {
              "time": 0.3,
              "name": "ps_vfx_d_coin_add/ps_vfx_d_coin_add_09"
            },
            {
              "time": 0.3333,
              "name": "ps_vfx_d_coin_add/ps_vfx_d_coin_add_10"
            },
            {
              "time": 0.3667,
              "name": "ps_vfx_d_coin_add/ps_vfx_d_coin_add_11"
            },
            {
              "time": 0.4,
              "name": "ps_vfx_d_coin_add/ps_vfx_d_coin_add_12"
            },
            {
              "time": 0.4333,
              "name": "ps_vfx_d_coin_add/ps_vfx_d_coin_add_13"
            },
            {
              "time": 0.4667,
              "name": "ps_vfx_d_coin_add/ps_vfx_d_coin_add_14"
            },
            {
              "time": 0.5,
              "name": "ps_vfx_d_coin_add/ps_vfx_d_coin_add_15"
            }
          ]
        }
      },
      "bones": {
        "coin_L_ctrl": {
          "translate": [
            {
              "curve": 0.25,
              "c3": 0.75
            },
            {
              "time": 0.0667,
              "x": 46.07,
              "y": -55.57,
              "curve": 0.25,
              "c3": 0.75
            },
            {
              "time": 0.2333,
              "x": -29.67,
              "y": 14.15,
              "curve": 0.25,
              "c3": 0.75
            },
            {
              "time": 0.3333,
              "x": 11.89,
              "y": -10,
              "curve": 0.25,
              "c3": 0.75
            },
            {
              "time": 0.4667
            }
          ],
          "scale": [
            {
              "curve": 0.25,
              "c3": 0.75
            },
            {
              "time": 0.1,
              "x": 1.059,
              "y": 0.981,
              "curve": 0.25,
              "c3": 0.75
            },
            {
              "time": 0.2,
              "x": 1.151,
              "y": 1.173,
              "curve": 0.781,
              "c3": 0.75
            },
            {
              "time": 0.3333,
              "x": 0.99,
              "y": 0.99,
              "curve": 0.25,
              "c3": 0.75
            },
            {
              "time": 0.4,
              "x": 1.029,
              "y": 1.029,
              "curve": 0.25,
              "c3": 0.75
            },
            {
              "time": 0.5
            }
          ]
        },
        "coin_L": {
          "rotate": [
            {
              "curve": 0.25,
              "c3": 0.75
            },
            {
              "time": 0.1,
              "angle": -3.51,
              "curve": 0.25,
              "c3": 0.75
            },
            {
              "time": 0.3,
              "angle": 2.21,
              "curve": 0.25,
              "c3": 0.75
            },
            {
              "time": 0.3667,
              "angle": -1.59,
              "curve": 0.25,
              "c3": 0.75
            },
            {
              "time": 0.5
            }
          ],
          "translate": [
            {
              "curve": 0.385,
              "c2": 0.49,
              "c3": 0.75
            },
            {
              "time": 0.0333,
              "y": -7,
              "curve": 0.25,
              "c3": 0.75
            },
            {
              "time": 0.1667,
              "x": 0.33,
              "y": 12.99,
              "curve": 0.25,
              "c3": 0.75
            },
            {
              "time": 0.2667,
              "y": -2,
              "curve": 0.25,
              "c3": 0.75
            },
            {
              "time": 0.4
            }
          ],
          "scale": [
            {
              "curve": 0.393,
              "c2": 0.5,
              "c3": 0.75
            },
            {
              "time": 0.0667,
              "x": 0.96,
              "y": 0.96,
              "curve": 0.25,
              "c3": 0.75
            },
            {
              "time": 0.1667,
              "x": 1.07,
              "y": 1.07,
              "curve": 0.25,
              "c3": 0.55
            },
            {
              "time": 0.3,
              "x": 0.99,
              "y": 0.99,
              "curve": 0.25,
              "c3": 0.55
            },
            {
              "time": 0.4333,
              "x": 1.055,
              "y": 1.055,
              "curve": 0.25,
              "c3": 0.615
            },
            {
              "time": 0.5,
              "x": 1.05,
              "y": 1.05
            }
          ]
        },
        "coin_R": {
          "rotate": [
            {
              "curve": 0.25,
              "c3": 0.75
            },
            {
              "time": 0.1333,
              "angle": -3.51,
              "curve": 0.25,
              "c3": 0.75
            },
            {
              "time": 0.3333,
              "angle": 2.21,
              "curve": 0.25,
              "c3": 0.75
            },
            {
              "time": 0.4,
              "angle": -1.59,
              "curve": 0.25,
              "c3": 0.75
            },
            {
              "time": 0.5
            }
          ],
          "translate": [
            {
              "curve": 0.385,
              "c2": 0.49,
              "c3": 0.75
            },
            {
              "time": 0.0667,
              "y": -7,
              "curve": 0.25,
              "c3": 0.75
            },
            {
              "time": 0.2,
              "x": 0.33,
              "y": 12.99,
              "curve": 0.25,
              "c3": 0.75
            },
            {
              "time": 0.3,
              "y": -2,
              "curve": 0.25,
              "c3": 0.75
            },
            {
              "time": 0.4333
            }
          ],
          "scale": [
            {
              "curve": 0.393,
              "c2": 0.5,
              "c3": 0.75
            },
            {
              "time": 0.1,
              "x": 0.96,
              "y": 0.96,
              "curve": 0.25,
              "c3": 0.75
            },
            {
              "time": 0.2,
              "x": 1.07,
              "y": 1.07,
              "curve": 0.25,
              "c3": 0.55
            },
            {
              "time": 0.3333,
              "x": 0.99,
              "y": 0.99,
              "curve": 0.25,
              "c3": 0.55
            },
            {
              "time": 0.4667,
              "x": 1.055,
              "y": 1.055,
              "curve": 0.25,
              "c3": 0.615
            },
            {
              "time": 0.5,
              "x": 1.05,
              "y": 1.05
            }
          ]
        },
        "coin_R_ctrl": {
          "translate": [
            {
              "curve": 0.25,
              "c3": 0.75
            },
            {
              "time": 0.0667,
              "x": 46.07,
              "y": -55.57,
              "curve": 0.25,
              "c3": 0.75
            },
            {
              "time": 0.2333,
              "x": -29.67,
              "y": 14.15,
              "curve": 0.25,
              "c3": 0.75
            },
            {
              "time": 0.3333,
              "x": 11.89,
              "y": -10,
              "curve": 0.25,
              "c3": 0.75
            },
            {
              "time": 0.4667
            }
          ],
          "scale": [
            {
              "curve": 0.25,
              "c3": 0.75
            },
            {
              "time": 0.1,
              "x": 1.059,
              "y": 0.981,
              "curve": 0.25,
              "c3": 0.75
            },
            {
              "time": 0.2,
              "x": 1.151,
              "y": 1.173,
              "curve": 0.781,
              "c3": 0.75
            },
            {
              "time": 0.3333,
              "x": 0.99,
              "y": 0.99,
              "curve": 0.25,
              "c3": 0.75
            },
            {
              "time": 0.4,
              "x": 1.029,
              "y": 1.029,
              "curve": 0.25,
              "c3": 0.75
            },
            {
              "time": 0.5
            }
          ]
        }
      }
    },
    "win_idle": {
      "slots": {
        "ps_vfx_d_coin_add": {
          "attachment": [
            {
              "name": "ps_vfx_d_coin_add/ps_vfx_d_coin_add_15"
            }
          ]
        }
      },
      "bones": {
        "coin_L": {
          "scale": [
            {
              "x": 1.05,
              "y": 1.05
            }
          ]
        },
        "coin_R": {
          "scale": [
            {
              "x": 1.05,
              "y": 1.05
            }
          ]
        },
        "coin_L_ctrl": {
          "translate": [
            {
              "curve": 0.25,
              "c3": 0.75
            },
            {
              "time": 0.2333,
              "x": -42.95,
              "curve": 0.25,
              "c3": 0.75
            },
            {
              "time": 0.5,
              "curve": 0.25,
              "c3": 0.75
            },
            {
              "time": 0.7333,
              "x": -42.95,
              "curve": 0.25,
              "c3": 0.75
            },
            {
              "time": 1
            }
          ]
        },
        "coin_R_ctrl": {
          "translate": [
            {
              "curve": 0.25,
              "c3": 0.75
            },
            {
              "time": 0.2333,
              "x": -35.08,
              "curve": 0.25,
              "c3": 0.75
            },
            {
              "time": 0.5,
              "curve": 0.25,
              "c3": 0.75
            },
            {
              "time": 0.7333,
              "x": -35.08,
              "curve": 0.25,
              "c3": 0.75
            },
            {
              "time": 1
            }
          ]
        },
        "_subroot": {
          "scale": [
            {
              "curve": 0.25,
              "c3": 0.75
            },
            {
              "time": 0.2333,
              "x": 0.98,
              "y": 0.98,
              "curve": 0.25,
              "c3": 0.75
            },
            {
              "time": 0.5,
              "curve": 0.25,
              "c3": 0.75
            },
            {
              "time": 0.7333,
              "x": 0.98,
              "y": 0.98,
              "curve": 0.25,
              "c3": 0.75
            },
            {
              "time": 1
            }
          ]
        }
      }
    }
  }
}