{
  "skeleton": {
    "hash": "ybVtHlPEqDbLwzOloeRobcsfPtA",
    "spine": "3.8.99",
    "x": -108.42,
    "y": -138.22,
    "width": 216.78,
    "height": 276.45
  },
  "bones": [
    {
      "name": "root",
      "scaleX": 0.5,
      "scaleY": 0.5
    },
    {
      "name": "_subroot",
      "parent": "root"
    },
    {
      "name": "symbol",
      "parent": "_subroot",
      "x": 0.89,
      "scaleX": 0.95,
      "scaleY": 0.95
    },
    {
      "name": "ctrl",
      "parent": "_subroot"
    },
    {
      "name": "ribbon_top",
      "parent": "symbol",
      "length": 43.04,
      "rotation": 53.5,
      "x": 0.61,
      "y": 174.51
    },
    {
      "name": "bead",
      "parent": "symbol",
      "length": 61.73,
      "rotation": -114.72,
      "x": -3.55,
      "y": -147.29
    },
    {
      "name": "tassel",
      "parent": "bead",
      "length": 41.54,
      "rotation": -20.28,
      "x": 64.09,
      "y": -0.87
    },
    {
      "name": "tassel2",
      "parent": "tassel",
      "length": 36.79,
      "rotation": -12.85,
      "x": 43.42,
      "y": -0.63
    },
    {
      "name": "tassel3",
      "parent": "tassel2",
      "length": 47.85,
      "rotation": -13.72,
      "x": 36.79
    },
    {
      "name": "ribbon_top2",
      "parent": "ribbon_top",
      "length": 53.29,
      "rotation": -15.88,
      "x": 43.04
    },
    {
      "name": "ribbon_top3",
      "parent": "ribbon_top2",
      "length": 56.63,
      "rotation": -5.09,
      "x": 53.29
    },
    {
      "name": "vfx",
      "parent": "_subroot",
      "scaleX": 2,
      "scaleY": 2
    }
  ],
  "slots": [
    {
      "name": "ps_vfx_d_ribbon_add",
      "bone": "vfx",
      "blend": "additive"
    },
    {
      "name": "h_ribbon_tassel",
      "bone": "tassel",
      "attachment": "h_ribbon_tassel"
    },
    {
      "name": "h_ribbon_tassel_top",
      "bone": "tassel",
      "attachment": "h_ribbon_tassel_top"
    },
    {
      "name": "h_ribbon_bead",
      "bone": "bead",
      "attachment": "h_ribbon_bead"
    },
    {
      "name": "h_ribbon",
      "bone": "symbol",
      "attachment": "h_ribbon"
    }
  ],
  "skins": [
    {
      "name": "default",
      "attachments": {
        "h_ribbon": {
          "h_ribbon": {
            "type": "mesh",
            "hull": 38,
            "uvs": [
              0.81583,
              0.43317,
              0.79221,
              0.53041,
              0.87062,
              0.5114,
              0.98488,
              0.58034,
              1,
              0.70256,
              0.938,
              0.8092,
              0.8287,
              0.81919,
              0.75633,
              0.78475,
              0.78001,
              0.92232,
              0.64842,
              0.98703,
              0.54104,
              0.96902,
              0.52952,
              0.99812,
              0.48749,
              1,
              0.4351,
              0.93917,
              0.31623,
              0.98055,
              0.18688,
              0.89393,
              0.1853,
              0.74123,
              0.077,
              0.7462,
              0.00001,
              0.65878,
              0,
              0.50685,
              0.14973,
              0.44697,
              0.22459,
              0.46617,
              0.20937,
              0.40504,
              0.25759,
              0.29762,
              0.36698,
              0.25755,
              0.45573,
              0.29772,
              0.45454,
              0.25258,
              0.51476,
              0.13281,
              0.59268,
              0.03439,
              0.69304,
              0,
              0.7686,
              0.01423,
              0.78277,
              0.09605,
              0.72492,
              0.18436,
              0.60213,
              0.23591,
              0.54074,
              0.26848,
              0.55727,
              0.30936,
              0.64818,
              0.28383,
              0.76624,
              0.333,
              0.59004,
              0.82794,
              0.44253,
              0.83144,
              0.31712,
              0.7999,
              0.71429,
              0.71429,
              0.58771,
              0.70611,
              0.42857,
              0.71429,
              0.28223,
              0.66289,
              0.14518,
              0.65938,
              0.73406,
              0.60297,
              0.58887,
              0.58895,
              0.42857,
              0.57143,
              0.28571,
              0.57143,
              0.14286,
              0.57143,
              0.57143,
              0.42857,
              0.42857,
              0.42857,
              0.3296,
              0.4169,
              0.69744,
              0.43608,
              0.70839,
              0.06696,
              0.64463,
              0.12626,
              0.56198,
              0.19148,
              0.49941,
              0.26618,
              0.85914,
              0.59758,
              0.85216,
              0.72841
            ],
            "triangles": [
              55,
              29,
              30,
              28,
              29,
              55,
              55,
              30,
              31,
              32,
              55,
              31,
              56,
              55,
              32,
              56,
              28,
              55,
              27,
              28,
              56,
              57,
              27,
              56,
              33,
              57,
              56,
              33,
              56,
              32,
              26,
              27,
              57,
              58,
              26,
              57,
              34,
              58,
              57,
              33,
              34,
              57,
              53,
              23,
              24,
              53,
              24,
              25,
              22,
              23,
              53,
              52,
              53,
              25,
              52,
              25,
              35,
              51,
              35,
              36,
              52,
              35,
              51,
              54,
              36,
              37,
              54,
              37,
              0,
              51,
              36,
              54,
              21,
              22,
              53,
              1,
              54,
              0,
              50,
              19,
              20,
              50,
              20,
              21,
              49,
              21,
              53,
              50,
              21,
              49,
              48,
              52,
              51,
              53,
              52,
              48,
              49,
              53,
              48,
              47,
              51,
              54,
              46,
              47,
              54,
              48,
              51,
              47,
              59,
              1,
              2,
              59,
              2,
              3,
              1,
              46,
              54,
              46,
              1,
              59,
              18,
              19,
              50,
              45,
              50,
              49,
              18,
              50,
              45,
              44,
              45,
              49,
              59,
              3,
              4,
              47,
              43,
              48,
              41,
              42,
              47,
              42,
              43,
              47,
              44,
              49,
              48,
              43,
              44,
              48,
              46,
              41,
              47,
              60,
              46,
              59,
              60,
              59,
              4,
              41,
              46,
              60,
              16,
              45,
              44,
              17,
              18,
              45,
              17,
              45,
              16,
              7,
              41,
              60,
              40,
              44,
              43,
              16,
              44,
              40,
              5,
              60,
              4,
              6,
              7,
              60,
              6,
              60,
              5,
              38,
              42,
              41,
              38,
              41,
              7,
              39,
              43,
              42,
              38,
              39,
              42,
              40,
              43,
              39,
              15,
              16,
              40,
              38,
              7,
              8,
              13,
              40,
              39,
              10,
              39,
              38,
              9,
              10,
              38,
              13,
              39,
              10,
              14,
              15,
              40,
              14,
              40,
              13,
              8,
              9,
              38,
              10,
              12,
              13,
              11,
              12,
              10,
              35,
              25,
              58,
              25,
              26,
              58,
              35,
              58,
              34
            ],
            "vertices": [
              2,
              2,
              142.38,
              95.21,
              0.95,
              3,
              143.27,
              95.21,
              0.05,
              2,
              2,
              131.66,
              51.26,
              0.95,
              3,
              132.55,
              51.26,
              0.05,
              2,
              2,
              167.26,
              59.85,
              0.92,
              3,
              168.15,
              59.85,
              0.08,
              2,
              2,
              219.14,
              28.69,
              0.9,
              3,
              220.03,
              28.69,
              0.1,
              2,
              2,
              226,
              -26.56,
              0.9,
              3,
              226.89,
              -26.56,
              0.1,
              2,
              2,
              197.85,
              -74.76,
              0.9,
              3,
              198.74,
              -74.76,
              0.1,
              2,
              2,
              148.23,
              -79.27,
              0.92,
              3,
              149.12,
              -79.27,
              0.08,
              2,
              2,
              115.38,
              -63.71,
              0.95,
              3,
              116.27,
              -63.71,
              0.05,
              2,
              2,
              126.12,
              -125.89,
              0.95,
              3,
              127.01,
              -125.89,
              0.05,
              2,
              2,
              66.38,
              -155.14,
              0.95,
              3,
              67.27,
              -155.14,
              0.05,
              1,
              2,
              17.63,
              -147,
              1,
              1,
              2,
              12.4,
              -160.15,
              1,
              1,
              2,
              -6.68,
              -161,
              1,
              1,
              2,
              -30.46,
              -133.5,
              1,
              2,
              2,
              -84.43,
              -152.21,
              0.95,
              3,
              -83.54,
              -152.21,
              0.05,
              2,
              2,
              -143.16,
              -113.06,
              0.95,
              3,
              -142.27,
              -113.06,
              0.05,
              2,
              2,
              -143.88,
              -44.04,
              0.95,
              3,
              -142.99,
              -44.04,
              0.05,
              2,
              2,
              -193.04,
              -46.28,
              0.92,
              3,
              -192.15,
              -46.28,
              0.08,
              2,
              2,
              -228,
              -6.77,
              0.9,
              3,
              -227.11,
              -6.77,
              0.1,
              2,
              2,
              -228,
              61.9,
              0.9,
              3,
              -227.11,
              61.9,
              0.1,
              2,
              2,
              -160.02,
              88.97,
              0.92,
              3,
              -159.13,
              88.97,
              0.08,
              2,
              2,
              -126.04,
              80.29,
              0.95,
              3,
              -125.15,
              80.29,
              0.05,
              2,
              2,
              -132.95,
              107.92,
              0.95,
              3,
              -132.06,
              107.92,
              0.05,
              2,
              2,
              -111.05,
              156.47,
              0.95,
              3,
              -110.16,
              156.47,
              0.05,
              2,
              2,
              -61.39,
              174.59,
              0.95,
              3,
              -60.5,
              174.59,
              0.05,
              1,
              2,
              -21.1,
              156.43,
              1,
              2,
              2,
              -21.64,
              176.83,
              0.5,
              4,
              -11.37,
              19.26,
              0.5,
              2,
              4,
              48.41,
              29.49,
              0.39061,
              9,
              -2.91,
              29.83,
              0.60939,
              2,
              9,
              52.27,
              43.48,
              0.57058,
              10,
              -4.87,
              43.22,
              0.42942,
              2,
              9,
              97.85,
              27.99,
              0.00424,
              10,
              41.9,
              31.83,
              0.99576,
              1,
              10,
              67.37,
              7.96,
              1,
              2,
              9,
              103.62,
              -31.27,
              0.00068,
              10,
              52.91,
              -26.68,
              0.99932,
              2,
              9,
              58.45,
              -46.86,
              0.39717,
              10,
              9.3,
              -46.21,
              0.60283,
              3,
              4,
              34.55,
              -30.12,
              0.54167,
              9,
              0.07,
              -31.29,
              0.45776,
              10,
              -50.23,
              -35.89,
              0.00056,
              3,
              2,
              17.5,
              169.65,
              0.5,
              4,
              6.14,
              -16.47,
              0.49994,
              9,
              -30.99,
              -25.94,
              0.00006,
              1,
              2,
              25,
              151.17,
              1,
              2,
              2,
              66.27,
              162.71,
              0.95,
              3,
              67.16,
              162.71,
              0.05,
              2,
              2,
              119.87,
              140.48,
              0.95,
              3,
              120.76,
              140.48,
              0.05,
              2,
              2,
              39.88,
              -83.23,
              0.97,
              3,
              40.77,
              -83.23,
              0.03,
              2,
              2,
              -27.09,
              -84.81,
              0.97,
              3,
              -26.2,
              -84.81,
              0.03,
              2,
              2,
              -84.03,
              -70.56,
              0.95,
              3,
              -83.14,
              -70.56,
              0.05,
              2,
              2,
              96.29,
              -31.86,
              0.95,
              3,
              97.18,
              -31.86,
              0.05,
              2,
              2,
              38.82,
              -28.16,
              0.97,
              3,
              39.71,
              -28.16,
              0.03,
              2,
              2,
              -33.43,
              -31.86,
              0.97,
              3,
              -32.54,
              -31.86,
              0.03,
              2,
              2,
              -99.87,
              -8.63,
              0.95,
              3,
              -98.98,
              -8.63,
              0.05,
              2,
              2,
              -162.09,
              -7.04,
              0.92,
              3,
              -161.2,
              -7.04,
              0.08,
              2,
              2,
              105.26,
              18.46,
              0.95,
              3,
              106.15,
              18.46,
              0.05,
              2,
              2,
              39.35,
              24.79,
              0.97,
              3,
              40.24,
              24.79,
              0.03,
              2,
              2,
              -33.43,
              32.71,
              0.97,
              3,
              -32.54,
              32.71,
              0.03,
              2,
              2,
              -98.29,
              32.71,
              0.95,
              3,
              -97.4,
              32.71,
              0.05,
              2,
              2,
              -163.14,
              32.71,
              0.92,
              3,
              -162.25,
              32.71,
              0.08,
              2,
              2,
              31.43,
              97.29,
              0.97,
              3,
              32.32,
              97.29,
              0.03,
              2,
              2,
              -33.43,
              97.29,
              0.97,
              3,
              -32.54,
              97.29,
              0.03,
              2,
              2,
              -78.36,
              102.56,
              0.95,
              3,
              -77.47,
              102.56,
              0.05,
              2,
              2,
              88.64,
              93.89,
              0.95,
              3,
              89.53,
              93.89,
              0.05,
              1,
              10,
              31.5,
              2.56,
              1,
              2,
              9,
              45.61,
              -3.8,
              0.95904,
              10,
              -7.31,
              -4.47,
              0.04096,
              2,
              4,
              39.85,
              -3.52,
              0.71487,
              9,
              -2.11,
              -4.26,
              0.28513,
              2,
              2,
              -1.27,
              170.68,
              0.5,
              4,
              -4.19,
              -0.77,
              0.5,
              2,
              2,
              162.05,
              20.89,
              0.92,
              3,
              162.94,
              20.89,
              0.08,
              2,
              2,
              158.88,
              -38.24,
              0.92,
              3,
              159.77,
              -38.24,
              0.08
            ]
          }
        },
        "h_ribbon_bead": {
          "h_ribbon_bead": {
            "x": 30.91,
            "y": 2.72,
            "rotation": 114.72,
            "width": 76,
            "height": 75
          }
        },
        "h_ribbon_tassel": {
          "h_ribbon_tassel": {
            "type": "mesh",
            "hull": 15,
            "uvs": [
              0.82811,
              0.62333,
              0.61697,
              0.85713,
              0.42493,
              1,
              0.287,
              0.92726,
              0.16339,
              0.87791,
              0.07321,
              0.70563,
              0.01273,
              0.52816,
              0.06048,
              0.25457,
              0.24952,
              0.21823,
              0.46218,
              0.19991,
              0.62701,
              0.10133,
              0.80637,
              0.02338,
              0.90451,
              0.03377,
              1,
              0.20864,
              0.97135,
              0.36533,
              0.89749,
              0.2972,
              0.73228,
              0.46671,
              0.52414,
              0.60692,
              0.34532,
              0.7069,
              0.84775,
              0.16708,
              0.64776,
              0.26589,
              0.47958,
              0.32294,
              0.26856,
              0.40326
            ],
            "triangles": [
              22,
              8,
              9,
              22,
              9,
              21,
              7,
              22,
              6,
              22,
              7,
              8,
              5,
              6,
              22,
              18,
              22,
              21,
              5,
              22,
              18,
              4,
              5,
              18,
              3,
              4,
              18,
              2,
              18,
              17,
              3,
              18,
              2,
              9,
              10,
              20,
              21,
              9,
              20,
              17,
              21,
              20,
              17,
              20,
              16,
              18,
              21,
              17,
              1,
              17,
              16,
              1,
              16,
              0,
              2,
              17,
              1,
              19,
              11,
              12,
              19,
              12,
              13,
              20,
              10,
              11,
              20,
              11,
              19,
              15,
              19,
              13,
              14,
              15,
              13,
              16,
              20,
              19,
              16,
              19,
              15,
              0,
              16,
              15,
              0,
              15,
              14
            ],
            "vertices": [
              2,
              6,
              48.34,
              26.74,
              0.45103,
              7,
              -1.29,
              27.78,
              0.54897,
              3,
              6,
              83.92,
              19.93,
              0.00013,
              7,
              34.92,
              29.05,
              0.69499,
              8,
              -8.71,
              27.77,
              0.30488,
              2,
              7,
              64.62,
              25.06,
              0.04259,
              8,
              21.09,
              30.94,
              0.95741,
              1,
              8,
              37.67,
              18.74,
              1,
              1,
              8,
              52.96,
              9.12,
              1,
              1,
              8,
              60.37,
              -9.15,
              1,
              1,
              8,
              63.64,
              -26.51,
              1,
              2,
              7,
              73.92,
              -57.39,
              0.00097,
              8,
              49.68,
              -46.95,
              0.99903,
              2,
              7,
              49.51,
              -45.78,
              0.08068,
              8,
              23.21,
              -41.46,
              0.91932,
              3,
              6,
              59.04,
              -36.05,
              0.01985,
              7,
              23.1,
              -31.06,
              0.62169,
              8,
              -5.94,
              -33.42,
              0.35846,
              3,
              6,
              36.42,
              -25.56,
              0.45763,
              7,
              -1.28,
              -25.86,
              0.52537,
              8,
              -30.86,
              -34.16,
              0.017,
              2,
              6,
              13.62,
              -12.35,
              0.99299,
              7,
              -26.45,
              -18.05,
              0.00701,
              1,
              6,
              4.4,
              -1.85,
              1,
              1,
              6,
              5.57,
              18.49,
              1,
              2,
              6,
              18.09,
              25.25,
              0.99689,
              7,
              -30.46,
              19.6,
              0.00311,
              2,
              6,
              21.31,
              13.65,
              0.99932,
              7,
              -24.73,
              9,
              0.00068,
              2,
              6,
              48.33,
              7.49,
              0.24201,
              7,
              2.98,
              9,
              0.75799,
              2,
              7,
              34.49,
              3.6,
              0.96408,
              8,
              -3.09,
              2.95,
              0.03592,
              1,
              8,
              23.75,
              3.18,
              1,
              1,
              6,
              18.3,
              0.65,
              1,
              3,
              6,
              44.46,
              -13.35,
              0.26676,
              7,
              3.84,
              -12.18,
              0.72278,
              8,
              -29.12,
              -19.64,
              0.01047,
              3,
              6,
              64.86,
              -26.73,
              0.00791,
              7,
              26.7,
              -20.68,
              0.65499,
              8,
              -4.9,
              -22.49,
              0.3371,
              2,
              7,
              55.79,
              -30.71,
              0.05371,
              8,
              25.74,
              -25.33,
              0.94629
            ]
          }
        },
        "h_ribbon_tassel_top": {
          "h_ribbon_tassel_top": {
            "x": 1.57,
            "y": 5.3,
            "rotation": 135,
            "width": 41,
            "height": 40
          }
        },
        "ps_vfx_d_ribbon_add": {
          "ps_vfx_d_ribbon_add/ps_vfx_d_ribbon_add_00": {
            "x": 0.5,
            "width": 275,
            "height": 334
          },
          "ps_vfx_d_ribbon_add/ps_vfx_d_ribbon_add_01": {
            "x": 2,
            "y": -3,
            "width": 268,
            "height": 320
          },
          "ps_vfx_d_ribbon_add/ps_vfx_d_ribbon_add_02": {
            "x": 3.5,
            "y": -0.5,
            "width": 263,
            "height": 311
          },
          "ps_vfx_d_ribbon_add/ps_vfx_d_ribbon_add_03": {
            "x": 3,
            "y": 3,
            "width": 270,
            "height": 312
          },
          "ps_vfx_d_ribbon_add/ps_vfx_d_ribbon_add_04": {
            "x": 2,
            "y": 6,
            "width": 280,
            "height": 324
          },
          "ps_vfx_d_ribbon_add/ps_vfx_d_ribbon_add_05": {
            "x": 0.5,
            "y": 7.5,
            "width": 289,
            "height": 333
          },
          "ps_vfx_d_ribbon_add/ps_vfx_d_ribbon_add_06": {
            "x": -1,
            "y": 5.5,
            "width": 286,
            "height": 333
          },
          "ps_vfx_d_ribbon_add/ps_vfx_d_ribbon_add_07": {
            "x": -1.5,
            "y": 3,
            "width": 281,
            "height": 330
          },
          "ps_vfx_d_ribbon_add/ps_vfx_d_ribbon_add_08": {
            "x": -1,
            "y": 1.5,
            "width": 278,
            "height": 329
          },
          "ps_vfx_d_ribbon_add/ps_vfx_d_ribbon_add_09": {
            "y": 1.5,
            "width": 276,
            "height": 331
          },
          "ps_vfx_d_ribbon_add/ps_vfx_d_ribbon_add_10": {
            "x": 0.5,
            "y": 2,
            "width": 279,
            "height": 338
          },
          "ps_vfx_d_ribbon_add/ps_vfx_d_ribbon_add_11": {
            "x": 0.5,
            "y": 2.5,
            "width": 283,
            "height": 347
          },
          "ps_vfx_d_ribbon_add/ps_vfx_d_ribbon_add_12": {
            "y": 2,
            "width": 286,
            "height": 352
          },
          "ps_vfx_d_ribbon_add/ps_vfx_d_ribbon_add_13": {
            "x": 0.5,
            "y": 0.5,
            "width": 287,
            "height": 353
          },
          "ps_vfx_d_ribbon_add/ps_vfx_d_ribbon_add_14": {
            "x": 0.5,
            "y": -0.5,
            "width": 285,
            "height": 351
          },
          "ps_vfx_d_ribbon_add/ps_vfx_d_ribbon_add_15": {
            "x": 0.5,
            "y": -2,
            "width": 285,
            "height": 350
          }
        }
      }
    }
  ],
  "animations": {
    "spawn": {
      "bones": {
        "symbol": {
          "rotate": [
            {
              "curve": 0.25,
              "c3": 0.481
            },
            {
              "time": 0.0667,
              "angle": -0.68,
              "curve": 0.25,
              "c3": 0.481
            },
            {
              "time": 0.2333,
              "angle": 0.23,
              "curve": 0.25,
              "c3": 0.481
            },
            {
              "time": 0.4,
              "angle": -0.14,
              "curve": 0.25,
              "c3": 0.481
            },
            {
              "time": 0.5
            }
          ],
          "translate": [
            {
              "curve": 0.397,
              "c2": 0.51,
              "c3": 0.75
            },
            {
              "time": 0.0333,
              "y": -5,
              "curve": 0.25,
              "c3": 0.75
            },
            {
              "time": 0.1333,
              "y": 2,
              "curve": 0.25,
              "c3": 0.444
            },
            {
              "time": 0.3,
              "y": -1,
              "curve": 0.25,
              "c3": 0.481
            },
            {
              "time": 0.5
            }
          ]
        },
        "ctrl": {
          "translate": [
            {
              "curve": 0.25,
              "c3": 0.75
            },
            {
              "time": 0.0667,
              "x": 6.66,
              "y": 6.66,
              "curve": 0.25,
              "c3": 0.298
            },
            {
              "time": 0.2667,
              "x": -4.99,
              "y": -6.66,
              "curve": 0.25,
              "c3": 0.234
            },
            {
              "time": 0.5
            }
          ]
        },
        "bead": {
          "rotate": [
            {
              "curve": 0.25,
              "c3": 0.75
            },
            {
              "time": 0.0667,
              "angle": -0.2,
              "curve": 0.25,
              "c3": 0.75
            },
            {
              "time": 0.2667,
              "angle": 0.82,
              "curve": 0.25,
              "c3": 0.75
            },
            {
              "time": 0.5
            }
          ]
        },
        "tassel": {
          "rotate": [
            {
              "curve": 0.25,
              "c3": 0.75
            },
            {
              "time": 0.1,
              "angle": -1.19,
              "curve": 0.25,
              "c3": 0.75
            },
            {
              "time": 0.3,
              "angle": 0.82,
              "curve": 0.25,
              "c3": 0.75
            },
            {
              "time": 0.5
            }
          ],
          "shear": [
            {
              "x": 0.44
            }
          ]
        },
        "tassel2": {
          "rotate": [
            {
              "curve": 0.25,
              "c3": 0.75
            },
            {
              "time": 0.1333,
              "angle": -1.16,
              "curve": 0.25,
              "c3": 0.75
            },
            {
              "time": 0.3333,
              "angle": 0.82,
              "curve": 0.25,
              "c3": 0.75
            },
            {
              "time": 0.5
            }
          ],
          "shear": [
            {
              "x": 1.3
            }
          ]
        },
        "tassel3": {
          "rotate": [
            {
              "curve": 0.25,
              "c3": 0.75
            },
            {
              "time": 0.1667,
              "angle": -1.12,
              "curve": 0.25,
              "c3": 0.75
            },
            {
              "time": 0.3667,
              "angle": 0.82,
              "curve": 0.25,
              "c3": 0.75
            },
            {
              "time": 0.5
            }
          ],
          "shear": [
            {
              "x": 2.07
            }
          ]
        },
        "ribbon_top": {
          "rotate": [
            {
              "curve": 0.25,
              "c3": 0.75
            },
            {
              "time": 0.0667,
              "angle": -0.86,
              "curve": 0.25,
              "c3": 0.75
            },
            {
              "time": 0.2667,
              "angle": 0.72,
              "curve": 0.25,
              "c3": 0.75
            },
            {
              "time": 0.5
            }
          ],
          "shear": [
            {
              "x": -1.47
            }
          ]
        },
        "ribbon_top2": {
          "rotate": [
            {
              "curve": 0.25,
              "c3": 0.75
            },
            {
              "time": 0.1,
              "angle": -0.86,
              "curve": 0.25,
              "c3": 0.75
            },
            {
              "time": 0.3,
              "angle": 0.72,
              "curve": 0.25,
              "c3": 0.75
            },
            {
              "time": 0.5
            }
          ],
          "shear": [
            {
              "x": -0.46
            }
          ]
        },
        "ribbon_top3": {
          "rotate": [
            {
              "curve": 0.25,
              "c3": 0.75
            },
            {
              "time": 0.1333,
              "angle": -0.86,
              "curve": 0.25,
              "c3": 0.75
            },
            {
              "time": 0.3333,
              "angle": 0.72,
              "curve": 0.25,
              "c3": 0.75
            },
            {
              "time": 0.5
            }
          ],
          "shear": [
            {
              "x": 0.5
            }
          ]
        }
      }
    },
    "win": {
      "slots": {
        "ps_vfx_d_ribbon_add": {
          "attachment": [
            {
              "name": "ps_vfx_d_ribbon_add/ps_vfx_d_ribbon_add_00"
            },
            {
              "time": 0.0333,
              "name": "ps_vfx_d_ribbon_add/ps_vfx_d_ribbon_add_01"
            },
            {
              "time": 0.0667,
              "name": "ps_vfx_d_ribbon_add/ps_vfx_d_ribbon_add_02"
            },
            {
              "time": 0.1,
              "name": "ps_vfx_d_ribbon_add/ps_vfx_d_ribbon_add_03"
            },
            {
              "time": 0.1333,
              "name": "ps_vfx_d_ribbon_add/ps_vfx_d_ribbon_add_04"
            },
            {
              "time": 0.1667,
              "name": "ps_vfx_d_ribbon_add/ps_vfx_d_ribbon_add_05"
            },
            {
              "time": 0.2,
              "name": "ps_vfx_d_ribbon_add/ps_vfx_d_ribbon_add_06"
            },
            {
              "time": 0.2333,
              "name": "ps_vfx_d_ribbon_add/ps_vfx_d_ribbon_add_07"
            },
            {
              "time": 0.2667,
              "name": "ps_vfx_d_ribbon_add/ps_vfx_d_ribbon_add_08"
            },
            {
              "time": 0.3,
              "name": "ps_vfx_d_ribbon_add/ps_vfx_d_ribbon_add_09"
            },
            {
              "time": 0.3333,
              "name": "ps_vfx_d_ribbon_add/ps_vfx_d_ribbon_add_10"
            },
            {
              "time": 0.3667,
              "name": "ps_vfx_d_ribbon_add/ps_vfx_d_ribbon_add_11"
            },
            {
              "time": 0.4,
              "name": "ps_vfx_d_ribbon_add/ps_vfx_d_ribbon_add_12"
            },
            {
              "time": 0.4333,
              "name": "ps_vfx_d_ribbon_add/ps_vfx_d_ribbon_add_13"
            },
            {
              "time": 0.4667,
              "name": "ps_vfx_d_ribbon_add/ps_vfx_d_ribbon_add_14"
            },
            {
              "time": 0.5,
              "name": "ps_vfx_d_ribbon_add/ps_vfx_d_ribbon_add_15"
            }
          ]
        }
      },
      "bones": {
        "ctrl": {
          "translate": [
            {
              "curve": 0.25,
              "c3": 0.75
            },
            {
              "time": 0.0667,
              "x": 62.4,
              "y": -55.57,
              "curve": 0.25,
              "c3": 0.75
            },
            {
              "time": 0.2333,
              "x": -41.06,
              "y": 49.2,
              "curve": 0.25,
              "c3": 0.75
            },
            {
              "time": 0.3333,
              "y": -10,
              "curve": 0.25,
              "c3": 0.75
            },
            {
              "time": 0.4667
            }
          ],
          "scale": [
            {
              "curve": 0.25,
              "c3": 0.75
            },
            {
              "time": 0.0667,
              "x": 0.85,
              "curve": 0.25,
              "c3": 0.75
            },
            {
              "time": 0.2667,
              "x": 1.15,
              "curve": 0.25,
              "c3": 0.75
            },
            {
              "time": 0.5
            }
          ],
          "shear": [
            {
              "curve": 0.25,
              "c3": 0.75
            },
            {
              "time": 0.0667,
              "x": -15,
              "curve": 0.25,
              "c3": 0.75
            },
            {
              "time": 0.2667,
              "x": 15,
              "curve": 0.25,
              "c3": 0.75
            },
            {
              "time": 0.5
            }
          ]
        },
        "symbol": {
          "rotate": [
            {
              "curve": 0.25,
              "c3": 0.75
            },
            {
              "time": 0.1,
              "angle": -3.51,
              "curve": 0.25,
              "c3": 0.75
            },
            {
              "time": 0.3,
              "angle": 2.21,
              "curve": 0.25,
              "c3": 0.75
            },
            {
              "time": 0.5
            }
          ],
          "translate": [
            {
              "curve": 0.385,
              "c2": 0.49,
              "c3": 0.75
            },
            {
              "time": 0.0333,
              "y": -7,
              "curve": 0.25,
              "c3": 0.75
            },
            {
              "time": 0.1667,
              "x": 0.33,
              "y": 12.99,
              "curve": 0.25,
              "c3": 0.75
            },
            {
              "time": 0.2667,
              "y": -2,
              "curve": 0.25,
              "c3": 0.75
            },
            {
              "time": 0.4
            }
          ],
          "scale": [
            {
              "curve": 0.393,
              "c2": 0.5,
              "c3": 0.75
            },
            {
              "time": 0.0667,
              "x": 0.96,
              "y": 0.96,
              "curve": 0.25,
              "c3": 0.75
            },
            {
              "time": 0.1667,
              "x": 1.07,
              "y": 1.07,
              "curve": 0.25,
              "c3": 0.55
            },
            {
              "time": 0.3,
              "x": 0.99,
              "y": 0.99,
              "curve": 0.25,
              "c3": 0.55
            },
            {
              "time": 0.4333,
              "x": 1.055,
              "y": 1.055,
              "curve": 0.25,
              "c3": 0.615
            },
            {
              "time": 0.5,
              "x": 1.05,
              "y": 1.05
            }
          ]
        },
        "bead": {
          "rotate": [
            {
              "curve": 0.25,
              "c3": 0.75
            },
            {
              "time": 0.1,
              "angle": -2.45,
              "curve": 0.25,
              "c3": 0.75
            },
            {
              "time": 0.3,
              "angle": 2.23,
              "curve": 0.25,
              "c3": 0.75
            },
            {
              "time": 0.5,
              "angle": 2.04
            }
          ]
        },
        "ribbon_top": {
          "shear": [
            {
              "x": -1.47,
              "curve": 0.344,
              "c2": 0.37,
              "c3": 0.696,
              "c4": 0.76
            },
            {
              "time": 0.1333,
              "x": -5,
              "curve": 0.25,
              "c3": 0.75
            },
            {
              "time": 0.3333,
              "x": 2,
              "curve": 0.254,
              "c3": 0.621,
              "c4": 0.47
            },
            {
              "time": 0.5,
              "x": -1.47
            }
          ]
        },
        "ribbon_top2": {
          "shear": [
            {
              "x": -0.46,
              "curve": 0.328,
              "c2": 0.32,
              "c3": 0.688,
              "c4": 0.73
            },
            {
              "time": 0.1667,
              "x": -5,
              "curve": 0.25,
              "c3": 0.75
            },
            {
              "time": 0.3667,
              "x": 2,
              "curve": 0.265,
              "c3": 0.618,
              "c4": 0.43
            },
            {
              "time": 0.5,
              "x": -0.46
            }
          ]
        },
        "ribbon_top3": {
          "shear": [
            {
              "x": 0.5,
              "curve": 0.307,
              "c2": 0.25,
              "c3": 0.67,
              "c4": 0.68
            },
            {
              "time": 0.2,
              "x": -5,
              "curve": 0.25,
              "c3": 0.75
            },
            {
              "time": 0.4,
              "x": 2,
              "curve": 0.28,
              "c3": 0.623,
              "c4": 0.39
            },
            {
              "time": 0.5,
              "x": 0.5
            }
          ]
        },
        "tassel": {
          "shear": [
            {
              "x": 0.44,
              "curve": 0.369,
              "c2": 0.47,
              "c3": 0.753
            },
            {
              "time": 0.1667,
              "x": -6,
              "curve": 0.25,
              "c3": 0.75
            },
            {
              "time": 0.5,
              "x": 2
            }
          ]
        },
        "tassel3": {
          "shear": [
            {
              "x": 2.07,
              "curve": 0.326,
              "c2": 0.31,
              "c3": 0.757
            },
            {
              "time": 0.3,
              "x": -6,
              "curve": 0.25,
              "c3": 0.75
            },
            {
              "time": 0.5,
              "x": 2
            }
          ]
        },
        "tassel2": {
          "shear": [
            {
              "x": 1.3,
              "curve": 0.351,
              "c2": 0.4,
              "c3": 0.757
            },
            {
              "time": 0.2333,
              "x": -6,
              "curve": 0.25,
              "c3": 0.75
            },
            {
              "time": 0.5,
              "x": 2
            }
          ]
        }
      }
    },
    "win_idle": {
      "slots": {
        "ps_vfx_d_ribbon_add": {
          "attachment": [
            {
              "name": "ps_vfx_d_ribbon_add/ps_vfx_d_ribbon_add_15"
            }
          ]
        }
      },
      "bones": {
        "ctrl": {
          "translate": [
            {
              "curve": 0.25,
              "c3": 0.75
            },
            {
              "time": 0.2333,
              "y": 23.26,
              "curve": 0.25,
              "c3": 0.75
            },
            {
              "time": 0.5,
              "curve": 0.25,
              "c3": 0.75
            },
            {
              "time": 0.7333,
              "y": 23.26,
              "curve": 0.25,
              "c3": 0.75
            },
            {
              "time": 1
            }
          ]
        },
        "symbol": {
          "scale": [
            {
              "x": 1.05,
              "y": 1.05
            }
          ]
        },
        "bead": {
          "rotate": [
            {
              "angle": 2.04,
              "curve": 0.25,
              "c3": 0.75
            },
            {
              "time": 0.2333,
              "angle": 0.26,
              "curve": 0.25,
              "c3": 0.75
            },
            {
              "time": 0.5,
              "angle": 2.04,
              "curve": 0.25,
              "c3": 0.75
            },
            {
              "time": 0.7333,
              "angle": 0.26,
              "curve": 0.25,
              "c3": 0.75
            },
            {
              "time": 1,
              "angle": 2.04
            }
          ]
        },
        "ribbon_top": {
          "shear": [
            {
              "x": -1.47,
              "curve": 0.25,
              "c3": 0.75
            },
            {
              "time": 0.2333,
              "x": -0.5,
              "curve": 0.25,
              "c3": 0.75
            },
            {
              "time": 0.5,
              "x": -1.47,
              "curve": 0.25,
              "c3": 0.75
            },
            {
              "time": 0.7333,
              "x": -0.5,
              "curve": 0.25,
              "c3": 0.75
            },
            {
              "time": 1,
              "x": -1.47
            }
          ]
        },
        "ribbon_top2": {
          "shear": [
            {
              "x": -0.46,
              "curve": 0.25,
              "c3": 0.75
            },
            {
              "time": 0.2333,
              "x": 0.51,
              "curve": 0.25,
              "c3": 0.75
            },
            {
              "time": 0.5,
              "x": -0.46,
              "curve": 0.25,
              "c3": 0.75
            },
            {
              "time": 0.7333,
              "x": 0.51,
              "curve": 0.25,
              "c3": 0.75
            },
            {
              "time": 1,
              "x": -0.46
            }
          ]
        },
        "ribbon_top3": {
          "shear": [
            {
              "x": 0.5,
              "curve": 0.25,
              "c3": 0.75
            },
            {
              "time": 0.2333,
              "x": 1.46,
              "curve": 0.25,
              "c3": 0.75
            },
            {
              "time": 0.5,
              "x": 0.5,
              "curve": 0.25,
              "c3": 0.75
            },
            {
              "time": 0.7333,
              "x": 1.46,
              "curve": 0.25,
              "c3": 0.75
            },
            {
              "time": 1,
              "x": 0.5
            }
          ]
        },
        "tassel": {
          "shear": [
            {
              "x": 2,
              "curve": 0.25,
              "c3": 0.75
            },
            {
              "time": 0.2333,
              "x": 1.82,
              "curve": 0.25,
              "c3": 0.75
            },
            {
              "time": 0.5,
              "x": 2,
              "curve": 0.25,
              "c3": 0.75
            },
            {
              "time": 0.7333,
              "x": 1.82,
              "curve": 0.25,
              "c3": 0.75
            },
            {
              "time": 1,
              "x": 2
            }
          ]
        },
        "tassel3": {
          "shear": [
            {
              "x": 2,
              "curve": 0.25,
              "c3": 0.75
            },
            {
              "time": 0.2333,
              "x": 3.46,
              "curve": 0.25,
              "c3": 0.75
            },
            {
              "time": 0.5,
              "x": 2,
              "curve": 0.25,
              "c3": 0.75
            },
            {
              "time": 0.7333,
              "x": 3.46,
              "curve": 0.25,
              "c3": 0.75
            },
            {
              "time": 1,
              "x": 2
            }
          ]
        },
        "tassel2": {
          "shear": [
            {
              "x": 2,
              "curve": 0.25,
              "c3": 0.75
            },
            {
              "time": 0.2333,
              "x": 2.68,
              "curve": 0.25,
              "c3": 0.75
            },
            {
              "time": 0.5,
              "x": 2,
              "curve": 0.25,
              "c3": 0.75
            },
            {
              "time": 0.7333,
              "x": 2.68,
              "curve": 0.25,
              "c3": 0.75
            },
            {
              "time": 1,
              "x": 2
            }
          ]
        },
        "_subroot": {
          "scale": [
            {
              "curve": 0.25,
              "c3": 0.75
            },
            {
              "time": 0.2333,
              "x": 0.98,
              "y": 0.98,
              "curve": 0.25,
              "c3": 0.75
            },
            {
              "time": 0.5,
              "curve": 0.25,
              "c3": 0.75
            },
            {
              "time": 0.7333,
              "x": 0.98,
              "y": 0.98,
              "curve": 0.25,
              "c3": 0.75
            },
            {
              "time": 1
            }
          ]
        }
      }
    }
  }
}