{
  "skeleton": {
    "hash": "lG37VtdFrlC4UhmD3pNAS1mVw18",
    "spine": "3.8.99",
    "x": -174.62,
    "y": -132.81,
    "width": 348.18,
    "height": 322.52
  },
  "bones": [
    {
      "name": "root",
      "scaleX": 0.5,
      "scaleY": 0.5
    },
    {
      "name": "_subroot",
      "parent": "root"
    },
    {
      "name": "symbol",
      "parent": "_subroot",
      "x": -11.93,
      "y": 64.7,
      "scaleX": 0.95,
      "scaleY": 0.95
    },
    {
      "name": "ctrl",
      "parent": "_subroot"
    },
    {
      "name": "glow",
      "parent": "symbol",
      "x": 1.46,
      "y": -2.27
    },
    {
      "name": "tassel",
      "parent": "symbol",
      "length": 31.41,
      "rotation": -95.19,
      "x": -30.33,
      "y": -184.01
    },
    {
      "name": "tassel2",
      "parent": "tassel",
      "length": 35.97,
      "rotation": 23.63,
      "x": 30.47,
      "y": -0.09
    },
    {
      "name": "tassel3",
      "parent": "tassel2",
      "length": 36.3,
      "rotation": 22.33,
      "x": 35.97
    },
    {
      "name": "tassel4",
      "parent": "tassel3",
      "length": 38.68,
      "rotation": 13.21,
      "x": 36.3
    },
    {
      "name": "tassel5",
      "parent": "tassel4",
      "length": 37.6,
      "rotation": 2.34,
      "x": 38.68
    },
    {
      "name": "opp",
      "parent": "_subroot"
    },
    {
      "name": "vfx",
      "parent": "_subroot",
      "scaleX": 2,
      "scaleY": 2
    }
  ],
  "slots": [
    {
      "name": "ps_vfx_d_lantern_add",
      "bone": "vfx",
      "blend": "additive"
    },
    {
      "name": "h_lantern_glow",
      "bone": "glow",
      "attachment": "h_lantern_glow"
    },
    {
      "name": "h_lantern_glow2",
      "bone": "glow",
      "blend": "additive"
    },
    {
      "name": "h_lantern_btm",
      "bone": "symbol",
      "attachment": "h_lantern_btm"
    },
    {
      "name": "h_lantern_tassel",
      "bone": "symbol",
      "attachment": "h_lantern_tassel"
    },
    {
      "name": "h_lantern_top",
      "bone": "symbol",
      "attachment": "h_lantern_top"
    },
    {
      "name": "h_lantern",
      "bone": "symbol",
      "attachment": "h_lantern"
    },
    {
      "name": "h_lantern_glow_center",
      "bone": "glow",
      "blend": "screen"
    }
  ],
  "transform": [
    {
      "name": "ctrl",
      "target": "ctrl",
      "rotateMix": 0,
      "translateMix": -1,
      "scaleMix": 0,
      "shearMix": 0,
      "bones": [
        "opp"
      ]
    }
  ],
  "skins": [
    {
      "name": "default",
      "attachments": {
        "h_lantern": {
          "h_lantern": {
            "type": "mesh",
            "hull": 28,
            "uvs": [
              0.80425,
              0.86995,
              0.67849,
              0.90972,
              0.57414,
              0.90793,
              0.56094,
              0.99999,
              0.51184,
              0.9723,
              0.4607,
              0.95681,
              0.40956,
              0.94378,
              0.34283,
              0.92911,
              0.29508,
              0.92422,
              0.25478,
              0.9283,
              0.27376,
              0.83341,
              0.19592,
              0.79818,
              0.0648,
              0.68506,
              0.0076,
              0.54747,
              0,
              0.40862,
              0.02841,
              0.22738,
              0.09654,
              0.09565,
              0.18931,
              0.03456,
              0.30168,
              0.00491,
              0.4273,
              0.00001,
              0.56048,
              0.01769,
              0.6724,
              0.05503,
              0.8227,
              0.13856,
              0.90514,
              0.20558,
              0.97315,
              0.30105,
              1,
              0.46093,
              0.97411,
              0.6601,
              0.90965,
              0.78153,
              0.74598,
              0.75196,
              0.53494,
              0.86795,
              0.48676,
              0.84884,
              0.42533,
              0.82654,
              0.3586,
              0.81699,
              0.32278,
              0.81274,
              0.83135,
              0.5963,
              0.66938,
              0.53561,
              0.60385,
              0.71267,
              0.4396,
              0.66571,
              0.28153,
              0.63023,
              0.14653,
              0.60344,
              0.87217,
              0.4143,
              0.7076,
              0.35367,
              0.19275,
              0.08364,
              0.4713,
              0.4799,
              0.2732,
              0.44172,
              0.11542,
              0.42051,
              0.86863,
              0.2401,
              0.7224,
              0.17677,
              0.53209,
              0.12478,
              0.50138,
              0.29166,
              0.34406,
              0.09339,
              0.29747,
              0.24546,
              0.13731,
              0.21844,
              0.21164,
              0.71955,
              0.31614,
              0.7402,
              0.42982,
              0.76327,
              0.55091,
              0.79359,
              0.65788,
              0.82681
            ],
            "triangles": [
              3,
              4,
              2,
              4,
              29,
              2,
              4,
              5,
              29,
              5,
              30,
              29,
              5,
              6,
              30,
              7,
              32,
              6,
              6,
              31,
              30,
              6,
              32,
              31,
              8,
              33,
              7,
              7,
              33,
              32,
              9,
              10,
              8,
              8,
              10,
              33,
              2,
              57,
              1,
              1,
              57,
              0,
              2,
              29,
              57,
              57,
              28,
              0,
              0,
              28,
              27,
              29,
              56,
              57,
              29,
              30,
              56,
              56,
              30,
              55,
              11,
              53,
              10,
              10,
              53,
              33,
              56,
              36,
              57,
              57,
              36,
              28,
              30,
              31,
              55,
              31,
              32,
              55,
              55,
              32,
              54,
              53,
              54,
              33,
              32,
              33,
              54,
              11,
              12,
              53,
              36,
              56,
              37,
              28,
              34,
              27,
              27,
              34,
              26,
              56,
              55,
              37,
              55,
              54,
              37,
              36,
              35,
              28,
              28,
              35,
              34,
              53,
              38,
              54,
              54,
              38,
              37,
              12,
              39,
              53,
              53,
              39,
              38,
              35,
              36,
              43,
              12,
              13,
              39,
              36,
              37,
              43,
              37,
              38,
              43,
              26,
              34,
              25,
              39,
              44,
              38,
              38,
              44,
              43,
              13,
              45,
              39,
              39,
              45,
              44,
              34,
              35,
              40,
              40,
              35,
              41,
              34,
              40,
              25,
              46,
              41,
              47,
              41,
              46,
              40,
              13,
              14,
              45,
              35,
              43,
              41,
              43,
              49,
              41,
              43,
              44,
              49,
              40,
              24,
              25,
              44,
              51,
              49,
              51,
              44,
              52,
              14,
              15,
              45,
              44,
              45,
              52,
              45,
              15,
              52,
              24,
              46,
              23,
              24,
              40,
              46,
              47,
              22,
              46,
              41,
              49,
              47,
              47,
              49,
              48,
              47,
              48,
              21,
              48,
              20,
              21,
              51,
              50,
              49,
              49,
              50,
              48,
              48,
              50,
              19,
              52,
              42,
              51,
              51,
              42,
              50,
              46,
              22,
              23,
              15,
              16,
              52,
              52,
              16,
              42,
              47,
              21,
              22,
              48,
              19,
              20,
              16,
              17,
              42,
              42,
              18,
              50,
              50,
              18,
              19,
              42,
              17,
              18
            ],
            "vertices": [
              1,
              2,
              159.6,
              -177.03,
              1,
              1,
              2,
              98.35,
              -193.13,
              1,
              1,
              2,
              47.53,
              -192.41,
              1,
              1,
              2,
              41.11,
              -229.69,
              1,
              2,
              2,
              17.19,
              -218.48,
              0.892,
              3,
              5.26,
              -153.78,
              0.108,
              2,
              2,
              -7.71,
              -212.21,
              0.864,
              3,
              -19.64,
              -147.51,
              0.136,
              2,
              2,
              -32.62,
              -206.93,
              0.85,
              3,
              -44.55,
              -142.23,
              0.15,
              2,
              2,
              -65.11,
              -200.99,
              0.864,
              3,
              -77.04,
              -136.29,
              0.136,
              2,
              2,
              -88.37,
              -199.01,
              0.914,
              3,
              -100.3,
              -134.31,
              0.086,
              1,
              2,
              -107.99,
              -200.66,
              1,
              1,
              2,
              -98.75,
              -162.23,
              1,
              1,
              2,
              -136.66,
              -147.96,
              1,
              1,
              2,
              -200.51,
              -102.15,
              1,
              1,
              2,
              -228.37,
              -46.42,
              1,
              1,
              2,
              -232.07,
              9.81,
              1,
              1,
              2,
              -218.24,
              83.22,
              1,
              1,
              2,
              -185.06,
              136.56,
              1,
              1,
              2,
              -139.88,
              161.31,
              1,
              1,
              2,
              -85.16,
              173.32,
              1,
              1,
              2,
              -23.98,
              175.3,
              1,
              1,
              2,
              40.88,
              168.14,
              1,
              1,
              2,
              95.39,
              153.02,
              1,
              1,
              2,
              168.58,
              119.19,
              1,
              1,
              2,
              208.73,
              92.04,
              1,
              1,
              2,
              241.85,
              53.38,
              1,
              1,
              2,
              254.93,
              -11.37,
              1,
              1,
              2,
              242.32,
              -92.04,
              1,
              1,
              2,
              210.92,
              -141.22,
              1,
              2,
              2,
              131.22,
              -129.24,
              0.94,
              3,
              119.29,
              -64.54,
              0.06,
              2,
              2,
              28.44,
              -176.22,
              0.892,
              3,
              16.51,
              -111.52,
              0.108,
              2,
              2,
              4.98,
              -168.48,
              0.864,
              3,
              -6.95,
              -103.78,
              0.136,
              2,
              2,
              -24.94,
              -159.45,
              0.85,
              3,
              -36.87,
              -94.75,
              0.15,
              2,
              2,
              -57.43,
              -155.58,
              0.864,
              3,
              -69.36,
              -90.88,
              0.136,
              2,
              2,
              -74.88,
              -153.86,
              0.914,
              3,
              -86.81,
              -89.16,
              0.086,
              2,
              2,
              172.79,
              -66.2,
              0.94,
              3,
              160.87,
              -1.5,
              0.06,
              2,
              2,
              93.91,
              -41.62,
              0.88,
              3,
              81.99,
              23.08,
              0.12,
              2,
              2,
              62,
              -113.33,
              0.88,
              3,
              50.08,
              -48.63,
              0.12,
              2,
              2,
              -17.99,
              -94.31,
              0.85,
              3,
              -29.92,
              -29.61,
              0.15,
              2,
              2,
              -94.97,
              -79.94,
              0.88,
              3,
              -106.9,
              -15.24,
              0.12,
              2,
              2,
              -160.71,
              -69.09,
              0.94,
              3,
              -172.64,
              -4.39,
              0.06,
              2,
              2,
              192.67,
              7.51,
              0.94,
              3,
              180.75,
              72.21,
              0.06,
              2,
              2,
              112.53,
              32.07,
              0.88,
              3,
              100.6,
              96.76,
              0.12,
              2,
              2,
              -138.2,
              141.43,
              0.94,
              3,
              -150.13,
              206.13,
              0.06,
              2,
              2,
              -2.55,
              -19.05,
              0.85,
              3,
              -14.48,
              45.64,
              0.15,
              2,
              2,
              -99.02,
              -3.59,
              0.88,
              3,
              -110.95,
              61.1,
              0.12,
              2,
              2,
              -175.86,
              5,
              0.94,
              3,
              -187.79,
              69.69,
              0.06,
              2,
              2,
              190.95,
              78.06,
              0.94,
              3,
              179.02,
              142.76,
              0.06,
              2,
              2,
              119.74,
              103.71,
              0.88,
              3,
              107.81,
              168.41,
              0.12,
              2,
              2,
              27.05,
              124.77,
              0.85,
              3,
              15.13,
              189.46,
              0.15,
              2,
              2,
              12.1,
              57.18,
              0.85,
              3,
              0.17,
              121.88,
              0.15,
              2,
              2,
              -64.52,
              137.48,
              0.88,
              3,
              -76.44,
              202.18,
              0.12,
              2,
              2,
              -87.2,
              75.89,
              0.88,
              3,
              -99.13,
              140.59,
              0.12,
              2,
              2,
              -165.2,
              86.84,
              0.94,
              3,
              -177.13,
              151.53,
              0.06,
              2,
              2,
              -129,
              -116.11,
              0.94,
              3,
              -140.93,
              -51.42,
              0.06,
              2,
              2,
              -78.11,
              -124.48,
              0.88,
              3,
              -90.04,
              -59.78,
              0.12,
              2,
              2,
              -22.75,
              -133.82,
              0.85,
              3,
              -34.68,
              -69.12,
              0.15,
              2,
              2,
              36.22,
              -146.1,
              0.88,
              3,
              24.29,
              -81.4,
              0.12,
              2,
              2,
              88.32,
              -159.55,
              0.94,
              3,
              76.39,
              -94.86,
              0.06
            ]
          }
        },
        "h_lantern_btm": {
          "h_lantern_btm": {
            "type": "mesh",
            "hull": 10,
            "uvs": [
              0.96824,
              0.96887,
              0.75,
              0.94397,
              0.51466,
              0.82568,
              0.28665,
              0.68871,
              0.06596,
              0.47081,
              0.15635,
              0.0249,
              0.37215,
              0.10584,
              0.56352,
              0.19923,
              0.75977,
              0.28016,
              0.97068,
              0.37977
            ],
            "triangles": [
              3,
              5,
              6,
              4,
              5,
              3,
              2,
              6,
              7,
              3,
              6,
              2,
              8,
              2,
              7,
              1,
              8,
              9,
              1,
              2,
              8,
              0,
              1,
              9
            ],
            "vertices": [
              1,
              2,
              36.91,
              -228.77,
              1,
              2,
              2,
              2.43,
              -227.22,
              0.88,
              10,
              -9.5,
              -162.53,
              0.12,
              2,
              2,
              -34.76,
              -219.89,
              0.85,
              10,
              -46.68,
              -155.19,
              0.15,
              2,
              2,
              -70.78,
              -211.4,
              0.88,
              10,
              -82.71,
              -146.7,
              0.12,
              1,
              2,
              -105.65,
              -197.89,
              1,
              1,
              2,
              -91.37,
              -170.24,
              1,
              1,
              2,
              -57.27,
              -175.26,
              1,
              1,
              2,
              -27.04,
              -181.05,
              1,
              1,
              2,
              3.97,
              -186.07,
              1,
              1,
              2,
              37.3,
              -192.24,
              1
            ]
          }
        },
        "h_lantern_glow": {
          "h_lantern_glow": {
            "x": 9.97,
            "y": -5.93,
            "width": 733,
            "height": 679
          }
        },
        "h_lantern_glow2": {
          "h_lantern_glow": {
            "x": 9.97,
            "y": -5.93,
            "rotation": 0.17,
            "width": 733,
            "height": 679
          }
        },
        "h_lantern_glow_center": {
          "h_lantern_glow_center": {
            "x": 10.47,
            "y": 9.57,
            "width": 420,
            "height": 420
          }
        },
        "h_lantern_tassel": {
          "h_lantern_tassel": {
            "type": "mesh",
            "hull": 14,
            "uvs": [
              1,
              0.69232,
              1,
              0.84898,
              0.63579,
              0.99778,
              0.34295,
              0.99999,
              0.12146,
              0.82551,
              0.03096,
              0.54886,
              0.00001,
              0.2611,
              0.01072,
              0.00499,
              0.16722,
              0.03832,
              0.28085,
              0.07773,
              0.32422,
              0.22155,
              0.41651,
              0.37382,
              0.55465,
              0.48445,
              0.93109,
              0.53406,
              0.60713,
              0.75,
              0.3762,
              0.6434,
              0.23093,
              0.44448,
              0.17377,
              0.24112,
              0.77206,
              0.79776
            ],
            "triangles": [
              3,
              14,
              2,
              2,
              18,
              1,
              2,
              14,
              18,
              18,
              0,
              1,
              0,
              18,
              13,
              18,
              14,
              13,
              14,
              12,
              13,
              3,
              15,
              14,
              3,
              4,
              15,
              15,
              4,
              5,
              15,
              12,
              14,
              15,
              11,
              12,
              15,
              5,
              16,
              15,
              16,
              11,
              16,
              5,
              6,
              16,
              10,
              11,
              16,
              6,
              17,
              16,
              17,
              10,
              17,
              9,
              10,
              6,
              8,
              17,
              6,
              7,
              8,
              17,
              8,
              9
            ],
            "vertices": [
              2,
              8,
              86.38,
              41.09,
              0.00147,
              9,
              49.34,
              39.11,
              0.99853,
              1,
              9,
              63.5,
              17.86,
              1,
              3,
              7,
              112.57,
              -14.7,
              0.00068,
              8,
              70.9,
              -31.74,
              0.16234,
              9,
              30.89,
              -33.03,
              0.83698,
              3,
              7,
              83.78,
              -48.65,
              0.11256,
              8,
              35.11,
              -58.21,
              0.64494,
              9,
              -5.94,
              -58.02,
              0.2425,
              4,
              6,
              94.33,
              -36.12,
              0.02886,
              7,
              40.26,
              -55.58,
              0.50593,
              8,
              -8.84,
              -55.01,
              0.45268,
              9,
              -49.73,
              -53.03,
              0.01253,
              4,
              5,
              87.7,
              -13.15,
              0.03855,
              6,
              47.2,
              -34.91,
              0.48621,
              7,
              -2.88,
              -36.55,
              0.45659,
              8,
              -46.49,
              -26.63,
              0.01865,
              2,
              5,
              41.42,
              -22.08,
              0.85536,
              6,
              1.21,
              -24.54,
              0.14464,
              1,
              5,
              -0.31,
              -24.24,
              1,
              1,
              5,
              2.95,
              -0.05,
              1,
              3,
              5,
              7.78,
              17.73,
              0.60729,
              6,
              -13.64,
              25.41,
              0.39265,
              7,
              -36.24,
              42.36,
              0.00006,
              3,
              5,
              30.53,
              26.42,
              0.00857,
              6,
              10.68,
              24.25,
              0.91044,
              7,
              -14.18,
              32.05,
              0.08098,
              3,
              6,
              38.66,
              29.71,
              0.24458,
              7,
              13.78,
              26.46,
              0.68011,
              8,
              -15.88,
              30.91,
              0.07531,
              4,
              6,
              62.41,
              43.93,
              0.00206,
              7,
              41.14,
              30.59,
              0.27488,
              8,
              11.71,
              28.67,
              0.66213,
              9,
              -25.78,
              29.75,
              0.06093,
              3,
              7,
              84.63,
              68.65,
              0.00292,
              8,
              62.74,
              55.79,
              0.19025,
              9,
              26.31,
              54.76,
              0.80683,
              2,
              8,
              43.62,
              -1.64,
              0.05233,
              9,
              4.87,
              -1.84,
              0.94767,
              3,
              6,
              78.41,
              10.01,
              0.00021,
              7,
              43.06,
              -6.87,
              0.21476,
              8,
              5.01,
              -8.23,
              0.78504,
              2,
              5,
              68.01,
              15.58,
              0.00159,
              7,
              4.08,
              -2.42,
              0.99841,
              2,
              6,
              6.48,
              1.55,
              0.99902,
              7,
              -26.7,
              12.64,
              0.00098,
              3,
              7,
              101.4,
              22.28,
              0.00007,
              8,
              68.47,
              6.81,
              0.03055,
              9,
              30.04,
              5.59,
              0.96938
            ]
          }
        },
        "h_lantern_top": {
          "h_lantern_top": {
            "type": "mesh",
            "hull": 12,
            "uvs": [
              0.96043,
              1,
              0.78681,
              0.84766,
              0.57362,
              0.72579,
              0.36608,
              0.63057,
              0.17362,
              0.60772,
              0.00001,
              0.62677,
              0.06595,
              0.0876,
              0.22261,
              0.00001,
              0.42073,
              0.02285,
              0.63768,
              0.09902,
              0.85087,
              0.24374,
              1,
              0.4494
            ],
            "triangles": [
              4,
              6,
              7,
              5,
              6,
              4,
              3,
              7,
              8,
              4,
              7,
              3,
              9,
              3,
              8,
              2,
              9,
              10,
              2,
              3,
              9,
              1,
              2,
              10,
              1,
              10,
              11,
              0,
              1,
              11
            ],
            "vertices": [
              2,
              2,
              131.41,
              123.3,
              0.85,
              10,
              119.48,
              188,
              0.15,
              2,
              2,
              98.42,
              137.62,
              0.96,
              10,
              86.49,
              202.32,
              0.04,
              1,
              2,
              57.92,
              149.08,
              1,
              1,
              2,
              18.48,
              158.03,
              1,
              2,
              2,
              -18.08,
              160.18,
              0.96,
              10,
              -30.01,
              224.87,
              0.04,
              2,
              2,
              -51.07,
              158.39,
              0.85,
              10,
              -63,
              223.08,
              0.15,
              2,
              2,
              -38.54,
              209.07,
              0.85,
              10,
              -50.47,
              273.77,
              0.15,
              2,
              2,
              -8.78,
              217.3,
              0.96,
              10,
              -20.7,
              282,
              0.04,
              1,
              2,
              28.87,
              215.16,
              1,
              1,
              2,
              70.09,
              208,
              1,
              2,
              2,
              110.59,
              194.39,
              0.96,
              10,
              98.67,
              259.09,
              0.04,
              2,
              2,
              138.93,
              175.06,
              0.85,
              10,
              127,
              239.76,
              0.15
            ]
          }
        },
        "ps_vfx_d_lantern_add": {
          "ps_vfx_d_lantern_add/ps_vfx_d_lantern_add_00": {
            "x": -0.5,
            "y": 4,
            "width": 291,
            "height": 324
          },
          "ps_vfx_d_lantern_add/ps_vfx_d_lantern_add_01": {
            "x": -0.5,
            "y": 1,
            "width": 285,
            "height": 320
          },
          "ps_vfx_d_lantern_add/ps_vfx_d_lantern_add_02": {
            "x": -0.5,
            "y": 3,
            "width": 281,
            "height": 318
          },
          "ps_vfx_d_lantern_add/ps_vfx_d_lantern_add_03": {
            "x": -0.5,
            "y": 4,
            "width": 289,
            "height": 326
          },
          "ps_vfx_d_lantern_add/ps_vfx_d_lantern_add_04": {
            "x": -0.5,
            "y": 5,
            "width": 299,
            "height": 340
          },
          "ps_vfx_d_lantern_add/ps_vfx_d_lantern_add_05": {
            "y": 4.5,
            "width": 306,
            "height": 347
          },
          "ps_vfx_d_lantern_add/ps_vfx_d_lantern_add_06": {
            "y": 4,
            "width": 302,
            "height": 342
          },
          "ps_vfx_d_lantern_add/ps_vfx_d_lantern_add_07": {
            "y": 2.5,
            "width": 296,
            "height": 333
          },
          "ps_vfx_d_lantern_add/ps_vfx_d_lantern_add_08": {
            "y": 2.5,
            "width": 290,
            "height": 325
          },
          "ps_vfx_d_lantern_add/ps_vfx_d_lantern_add_09": {
            "y": 3.5,
            "width": 288,
            "height": 321
          },
          "ps_vfx_d_lantern_add/ps_vfx_d_lantern_add_10": {
            "y": 4.5,
            "width": 292,
            "height": 323
          },
          "ps_vfx_d_lantern_add/ps_vfx_d_lantern_add_11": {
            "y": 4.5,
            "width": 298,
            "height": 329
          },
          "ps_vfx_d_lantern_add/ps_vfx_d_lantern_add_12": {
            "y": 4,
            "width": 302,
            "height": 334
          },
          "ps_vfx_d_lantern_add/ps_vfx_d_lantern_add_13": {
            "y": 4,
            "width": 304,
            "height": 336
          },
          "ps_vfx_d_lantern_add/ps_vfx_d_lantern_add_14": {
            "y": 3,
            "width": 302,
            "height": 336
          },
          "ps_vfx_d_lantern_add/ps_vfx_d_lantern_add_15": {
            "y": 2.5,
            "width": 302,
            "height": 337
          }
        }
      }
    }
  ],
  "animations": {
    "spawn": {
      "bones": {
        "symbol": {
          "rotate": [
            {
              "curve": 0.25,
              "c3": 0.481
            },
            {
              "time": 0.0667,
              "angle": -0.68,
              "curve": 0.25,
              "c3": 0.481
            },
            {
              "time": 0.2333,
              "angle": 0.23,
              "curve": 0.25,
              "c3": 0.481
            },
            {
              "time": 0.4,
              "angle": -0.14,
              "curve": 0.25,
              "c3": 0.481
            },
            {
              "time": 0.5
            }
          ],
          "translate": [
            {
              "curve": 0.397,
              "c2": 0.51,
              "c3": 0.75
            },
            {
              "time": 0.0333,
              "y": -5,
              "curve": 0.25,
              "c3": 0.75
            },
            {
              "time": 0.1333,
              "y": 2,
              "curve": 0.25,
              "c3": 0.444
            },
            {
              "time": 0.3,
              "y": -1,
              "curve": 0.25,
              "c3": 0.481
            },
            {
              "time": 0.5
            }
          ]
        },
        "ctrl": {
          "translate": [
            {
              "curve": 0.25,
              "c3": 0.75
            },
            {
              "time": 0.0667,
              "x": 6.66,
              "y": 6.66,
              "curve": 0.25,
              "c3": 0.298
            },
            {
              "time": 0.2667,
              "x": -4.99,
              "y": -6.66,
              "curve": 0.25,
              "c3": 0.234
            },
            {
              "time": 0.5
            }
          ]
        },
        "glow": {
          "scale": [
            {
              "curve": 0.25,
              "c3": 0.75
            },
            {
              "time": 0.1,
              "x": 0.95,
              "y": 0.95,
              "curve": 0.25,
              "c3": 0.75
            },
            {
              "time": 0.4
            }
          ]
        },
        "tassel": {
          "rotate": [
            {
              "angle": -0.62,
              "curve": 0.379,
              "c2": 0.53,
              "c3": 0.746
            },
            {
              "time": 0.1,
              "angle": -0.9,
              "curve": 0.25,
              "c3": 0.75
            },
            {
              "time": 0.3,
              "angle": 0.45,
              "curve": 0.25,
              "c3": 0.75
            },
            {
              "time": 0.5,
              "angle": -0.62
            }
          ],
          "shear": [
            {
              "x": -1.43,
              "y": 0.43
            }
          ]
        },
        "tassel5": {
          "rotate": [
            {
              "angle": -0.12,
              "curve": 0.293,
              "c2": 0.18,
              "c3": 0.755
            },
            {
              "time": 0.2333,
              "angle": -0.9,
              "curve": 0.25,
              "c3": 0.75
            },
            {
              "time": 0.4333,
              "angle": 0.45,
              "curve": 0.25,
              "c3": 0.75
            },
            {
              "time": 0.5,
              "angle": -0.12
            }
          ],
          "shear": [
            {
              "x": -0.13
            }
          ]
        },
        "tassel4": {
          "rotate": [
            {
              "angle": -0.36,
              "curve": 0.326,
              "c2": 0.31,
              "c3": 0.757
            },
            {
              "time": 0.2,
              "angle": -0.9,
              "curve": 0.25,
              "c3": 0.75
            },
            {
              "time": 0.4,
              "angle": 0.45,
              "curve": 0.25,
              "c3": 0.75
            },
            {
              "time": 0.5,
              "angle": -0.36
            }
          ],
          "shear": [
            {
              "x": -0.39
            }
          ]
        },
        "tassel3": {
          "rotate": [
            {
              "angle": 0.52,
              "curve": 0.351,
              "c2": 0.4,
              "c3": 0.757
            },
            {
              "time": 0.1667,
              "angle": -0.9,
              "curve": 0.25,
              "c3": 0.75
            },
            {
              "time": 0.3667,
              "angle": 0.45,
              "curve": 0.25,
              "c3": 0.75
            },
            {
              "time": 0.5,
              "angle": 0.52
            }
          ],
          "shear": [
            {
              "x": -0.71,
              "y": 0.72
            }
          ]
        },
        "tassel2": {
          "rotate": [
            {
              "angle": -0.05,
              "curve": 0.369,
              "c2": 0.47,
              "c3": 0.753
            },
            {
              "time": 0.1333,
              "angle": -0.9,
              "curve": 0.25,
              "c3": 0.75
            },
            {
              "time": 0.3333,
              "angle": 0.45,
              "curve": 0.25,
              "c3": 0.75
            },
            {
              "time": 0.5,
              "angle": -0.05
            }
          ],
          "shear": [
            {
              "x": -1.07,
              "y": 0.57
            }
          ]
        }
      }
    },
    "win": {
      "slots": {
        "h_lantern_glow2": {
          "color": [
            {
              "color": "ffffff00",
              "curve": 0.25,
              "c3": 0.75
            },
            {
              "time": 0.2667,
              "color": "ffffffff",
              "curve": 0.25,
              "c3": 0.75
            },
            {
              "time": 0.5,
              "color": "ffffff00"
            }
          ],
          "attachment": [
            {
              "name": "h_lantern_glow"
            },
            {
              "time": 0.5,
              "name": null
            }
          ]
        },
        "h_lantern_glow_center": {
          "color": [
            {
              "color": "ffffff00",
              "curve": 0.25,
              "c3": 0.75
            },
            {
              "time": 0.2667,
              "color": "ffffffdf",
              "curve": 0.25,
              "c3": 0.75
            },
            {
              "time": 0.5,
              "color": "ffffff00"
            }
          ],
          "attachment": [
            {
              "name": "h_lantern_glow_center"
            },
            {
              "time": 0.5,
              "name": null
            }
          ]
        },
        "ps_vfx_d_lantern_add": {
          "attachment": [
            {
              "name": "ps_vfx_d_lantern_add/ps_vfx_d_lantern_add_00"
            },
            {
              "time": 0.0333,
              "name": "ps_vfx_d_lantern_add/ps_vfx_d_lantern_add_01"
            },
            {
              "time": 0.0667,
              "name": "ps_vfx_d_lantern_add/ps_vfx_d_lantern_add_02"
            },
            {
              "time": 0.1,
              "name": "ps_vfx_d_lantern_add/ps_vfx_d_lantern_add_03"
            },
            {
              "time": 0.1333,
              "name": "ps_vfx_d_lantern_add/ps_vfx_d_lantern_add_04"
            },
            {
              "time": 0.1667,
              "name": "ps_vfx_d_lantern_add/ps_vfx_d_lantern_add_05"
            },
            {
              "time": 0.2,
              "name": "ps_vfx_d_lantern_add/ps_vfx_d_lantern_add_06"
            },
            {
              "time": 0.2333,
              "name": "ps_vfx_d_lantern_add/ps_vfx_d_lantern_add_07"
            },
            {
              "time": 0.2667,
              "name": "ps_vfx_d_lantern_add/ps_vfx_d_lantern_add_08"
            },
            {
              "time": 0.3,
              "name": "ps_vfx_d_lantern_add/ps_vfx_d_lantern_add_09"
            },
            {
              "time": 0.3333,
              "name": "ps_vfx_d_lantern_add/ps_vfx_d_lantern_add_10"
            },
            {
              "time": 0.3667,
              "name": "ps_vfx_d_lantern_add/ps_vfx_d_lantern_add_11"
            },
            {
              "time": 0.4,
              "name": "ps_vfx_d_lantern_add/ps_vfx_d_lantern_add_12"
            },
            {
              "time": 0.4333,
              "name": "ps_vfx_d_lantern_add/ps_vfx_d_lantern_add_13"
            },
            {
              "time": 0.4667,
              "name": "ps_vfx_d_lantern_add/ps_vfx_d_lantern_add_14"
            },
            {
              "time": 0.5,
              "name": "ps_vfx_d_lantern_add/ps_vfx_d_lantern_add_15"
            }
          ]
        }
      },
      "bones": {
        "ctrl": {
          "translate": [
            {
              "curve": 0.25,
              "c3": 0.75
            },
            {
              "time": 0.0667,
              "x": -62.4,
              "y": -55.57,
              "curve": 0.25,
              "c3": 0.75
            },
            {
              "time": 0.2333,
              "x": 30,
              "y": 30,
              "curve": 0.25,
              "c3": 0.75
            },
            {
              "time": 0.3333,
              "y": -10,
              "curve": 0.25,
              "c3": 0.75
            },
            {
              "time": 0.4667
            }
          ],
          "scale": [
            {
              "curve": 0.25,
              "c3": 0.75
            },
            {
              "time": 0.1,
              "x": 1.059,
              "y": 0.981,
              "curve": 0.25,
              "c3": 0.75
            },
            {
              "time": 0.2,
              "x": 1.151,
              "y": 1.173,
              "curve": 0.781,
              "c3": 0.75
            },
            {
              "time": 0.3333,
              "x": 0.99,
              "y": 0.99,
              "curve": 0.25,
              "c3": 0.75
            },
            {
              "time": 0.4,
              "x": 1.029,
              "y": 1.029,
              "curve": 0.25,
              "c3": 0.75
            },
            {
              "time": 0.5
            }
          ]
        },
        "symbol": {
          "rotate": [
            {
              "curve": 0.25,
              "c3": 0.75
            },
            {
              "time": 0.1,
              "angle": -3.51,
              "curve": 0.25,
              "c3": 0.75
            },
            {
              "time": 0.3,
              "angle": 2.21,
              "curve": 0.25,
              "c3": 0.75
            },
            {
              "time": 0.3667,
              "angle": -1.59,
              "curve": 0.25,
              "c3": 0.75
            },
            {
              "time": 0.5
            }
          ],
          "translate": [
            {
              "curve": 0.385,
              "c2": 0.49,
              "c3": 0.75
            },
            {
              "time": 0.0333,
              "y": -7,
              "curve": 0.25,
              "c3": 0.75
            },
            {
              "time": 0.1667,
              "x": 0.33,
              "y": 12.99,
              "curve": 0.25,
              "c3": 0.75
            },
            {
              "time": 0.2667,
              "y": -2,
              "curve": 0.25,
              "c3": 0.75
            },
            {
              "time": 0.4
            }
          ],
          "scale": [
            {
              "curve": 0.393,
              "c2": 0.5,
              "c3": 0.75
            },
            {
              "time": 0.0667,
              "x": 0.96,
              "y": 0.96,
              "curve": 0.25,
              "c3": 0.75
            },
            {
              "time": 0.1667,
              "x": 1.07,
              "y": 1.07,
              "curve": 0.25,
              "c3": 0.55
            },
            {
              "time": 0.3,
              "x": 0.99,
              "y": 0.99,
              "curve": 0.25,
              "c3": 0.55
            },
            {
              "time": 0.4333,
              "x": 1.055,
              "y": 1.055,
              "curve": 0.25,
              "c3": 0.615
            },
            {
              "time": 0.5,
              "x": 1.05,
              "y": 1.05
            }
          ]
        },
        "glow": {
          "scale": [
            {
              "curve": 0.25,
              "c3": 0.75
            },
            {
              "time": 0.2667,
              "x": 1.1,
              "y": 1.1,
              "curve": 0.25,
              "c3": 0.75
            },
            {
              "time": 0.5
            }
          ]
        },
        "tassel": {
          "rotate": [
            {
              "angle": -0.62,
              "curve": 0.379,
              "c2": 0.53,
              "c3": 0.746
            },
            {
              "time": 0.1333,
              "angle": -2.31,
              "curve": 0.25,
              "c3": 0.75
            },
            {
              "time": 0.3333,
              "angle": 1.63,
              "curve": 0.247,
              "c3": 0.631,
              "c4": 0.53
            },
            {
              "time": 0.5,
              "angle": -0.62
            }
          ],
          "shear": [
            {
              "x": -1.43,
              "y": 0.43,
              "curve": 0.379,
              "c2": 0.53,
              "c3": 0.746
            },
            {
              "time": 0.1333,
              "x": -2.5,
              "curve": 0.25,
              "c3": 0.75
            },
            {
              "time": 0.3333,
              "y": 1,
              "curve": 0.247,
              "c3": 0.631,
              "c4": 0.53
            },
            {
              "time": 0.5,
              "x": -1.43,
              "y": 0.43
            }
          ]
        },
        "tassel5": {
          "rotate": [
            {
              "angle": -0.12,
              "curve": 0.293,
              "c2": 0.18,
              "c3": 0.755
            },
            {
              "time": 0.2667,
              "angle": -2.31,
              "curve": 0.25,
              "c3": 0.75
            },
            {
              "time": 0.4667,
              "curve": 0.302,
              "c3": 0.638,
              "c4": 0.36
            },
            {
              "time": 0.5,
              "angle": -0.12
            }
          ],
          "shear": [
            {
              "x": -0.13,
              "curve": 0.293,
              "c2": 0.18,
              "c3": 0.755
            },
            {
              "time": 0.2667,
              "x": -2.5,
              "curve": 0.25,
              "c3": 0.75
            },
            {
              "time": 0.4667,
              "curve": 0.302,
              "c3": 0.638,
              "c4": 0.36
            },
            {
              "time": 0.5,
              "x": -0.13
            }
          ]
        },
        "tassel4": {
          "rotate": [
            {
              "angle": -0.36,
              "curve": 0.326,
              "c2": 0.31,
              "c3": 0.757
            },
            {
              "time": 0.2333,
              "angle": -2.31,
              "curve": 0.25,
              "c3": 0.75
            },
            {
              "time": 0.4333,
              "curve": 0.28,
              "c3": 0.623,
              "c4": 0.39
            },
            {
              "time": 0.5,
              "angle": -0.36
            }
          ],
          "shear": [
            {
              "x": -0.39,
              "curve": 0.326,
              "c2": 0.31,
              "c3": 0.757
            },
            {
              "time": 0.2333,
              "x": -2.5,
              "curve": 0.25,
              "c3": 0.75
            },
            {
              "time": 0.4333,
              "curve": 0.28,
              "c3": 0.623,
              "c4": 0.39
            },
            {
              "time": 0.5,
              "x": -0.39
            }
          ]
        },
        "tassel3": {
          "rotate": [
            {
              "angle": 0.52,
              "curve": 0.351,
              "c2": 0.4,
              "c3": 0.757
            },
            {
              "time": 0.2,
              "angle": -2.31,
              "curve": 0.25,
              "c3": 0.75
            },
            {
              "time": 0.4,
              "angle": 1.63,
              "curve": 0.265,
              "c3": 0.618,
              "c4": 0.43
            },
            {
              "time": 0.5,
              "angle": 0.52
            }
          ],
          "shear": [
            {
              "x": -0.71,
              "y": 0.72,
              "curve": 0.351,
              "c2": 0.4,
              "c3": 0.757
            },
            {
              "time": 0.2,
              "x": -2.5,
              "curve": 0.25,
              "c3": 0.75
            },
            {
              "time": 0.4,
              "y": 1,
              "curve": 0.265,
              "c3": 0.618,
              "c4": 0.43
            },
            {
              "time": 0.5,
              "x": -0.71,
              "y": 0.72
            }
          ]
        },
        "tassel2": {
          "rotate": [
            {
              "angle": -0.05,
              "curve": 0.369,
              "c2": 0.47,
              "c3": 0.753
            },
            {
              "time": 0.1667,
              "angle": -2.31,
              "curve": 0.25,
              "c3": 0.75
            },
            {
              "time": 0.3667,
              "angle": 1.63,
              "curve": 0.254,
              "c3": 0.621,
              "c4": 0.47
            },
            {
              "time": 0.5,
              "angle": -0.05
            }
          ],
          "shear": [
            {
              "x": -1.07,
              "y": 0.57,
              "curve": 0.369,
              "c2": 0.47,
              "c3": 0.753
            },
            {
              "time": 0.1667,
              "x": -2.5,
              "curve": 0.25,
              "c3": 0.75
            },
            {
              "time": 0.3667,
              "y": 1,
              "curve": 0.254,
              "c3": 0.621,
              "c4": 0.47
            },
            {
              "time": 0.5,
              "x": -1.07,
              "y": 0.57
            }
          ]
        }
      }
    },
    "win_idle": {
      "slots": {
        "h_lantern_glow2": {
          "color": [
            {
              "color": "ffffff00"
            }
          ]
        },
        "h_lantern_glow_center": {
          "color": [
            {
              "color": "ffffff00"
            }
          ]
        },
        "ps_vfx_d_lantern_add": {
          "attachment": [
            {
              "name": "ps_vfx_d_lantern_add/ps_vfx_d_lantern_add_15"
            }
          ]
        }
      },
      "bones": {
        "tassel3": {
          "rotate": [
            {
              "angle": 0.52,
              "curve": 0.25,
              "c3": 0.75
            },
            {
              "time": 0.2333,
              "angle": 0.24,
              "curve": 0.25,
              "c3": 0.75
            },
            {
              "time": 0.5,
              "angle": 0.52,
              "curve": 0.25,
              "c3": 0.75
            },
            {
              "time": 0.7333,
              "angle": 0.24,
              "curve": 0.25,
              "c3": 0.75
            },
            {
              "time": 1,
              "angle": 0.52
            }
          ],
          "shear": [
            {
              "x": -0.71,
              "y": 0.72
            }
          ]
        },
        "tassel4": {
          "rotate": [
            {
              "angle": -0.36,
              "curve": 0.25,
              "c3": 0.75
            },
            {
              "time": 0.2333,
              "angle": -0.63,
              "curve": 0.25,
              "c3": 0.75
            },
            {
              "time": 0.5,
              "angle": -0.36,
              "curve": 0.25,
              "c3": 0.75
            },
            {
              "time": 0.7333,
              "angle": -0.63,
              "curve": 0.25,
              "c3": 0.75
            },
            {
              "time": 1,
              "angle": -0.36
            }
          ],
          "shear": [
            {
              "x": -0.39
            }
          ]
        },
        "tassel2": {
          "rotate": [
            {
              "angle": -0.05,
              "curve": 0.25,
              "c3": 0.75
            },
            {
              "time": 0.2333,
              "angle": -0.32,
              "curve": 0.25,
              "c3": 0.75
            },
            {
              "time": 0.5,
              "angle": -0.05,
              "curve": 0.25,
              "c3": 0.75
            },
            {
              "time": 0.7333,
              "angle": -0.32,
              "curve": 0.25,
              "c3": 0.75
            },
            {
              "time": 1,
              "angle": -0.05
            }
          ],
          "shear": [
            {
              "x": -1.07,
              "y": 0.57
            }
          ]
        },
        "tassel": {
          "rotate": [
            {
              "angle": -0.62,
              "curve": 0.25,
              "c3": 0.75
            },
            {
              "time": 0.2333,
              "angle": -0.9,
              "curve": 0.25,
              "c3": 0.75
            },
            {
              "time": 0.5,
              "angle": -0.62,
              "curve": 0.25,
              "c3": 0.75
            },
            {
              "time": 0.7333,
              "angle": -0.9,
              "curve": 0.25,
              "c3": 0.75
            },
            {
              "time": 1,
              "angle": -0.62
            }
          ],
          "shear": [
            {
              "x": -1.43,
              "y": 0.43
            }
          ]
        },
        "tassel5": {
          "rotate": [
            {
              "angle": -0.12,
              "curve": 0.25,
              "c3": 0.75
            },
            {
              "time": 0.2333,
              "angle": -0.39,
              "curve": 0.25,
              "c3": 0.75
            },
            {
              "time": 0.5,
              "angle": -0.12,
              "curve": 0.25,
              "c3": 0.75
            },
            {
              "time": 0.7333,
              "angle": -0.39,
              "curve": 0.25,
              "c3": 0.75
            },
            {
              "time": 1,
              "angle": -0.12
            }
          ],
          "shear": [
            {
              "x": -0.13
            }
          ]
        },
        "symbol": {
          "scale": [
            {
              "x": 1.05,
              "y": 1.05
            }
          ]
        },
        "ctrl": {
          "translate": [
            {
              "curve": 0.25,
              "c3": 0.75
            },
            {
              "time": 0.2333,
              "y": 14.69,
              "curve": 0.25,
              "c3": 0.75
            },
            {
              "time": 0.5,
              "curve": 0.25,
              "c3": 0.75
            },
            {
              "time": 0.7333,
              "y": 14.69,
              "curve": 0.25,
              "c3": 0.75
            },
            {
              "time": 1
            }
          ]
        },
        "_subroot": {
          "scale": [
            {
              "curve": 0.25,
              "c3": 0.75
            },
            {
              "time": 0.2333,
              "x": 0.98,
              "y": 0.98,
              "curve": 0.25,
              "c3": 0.75
            },
            {
              "time": 0.5,
              "curve": 0.25,
              "c3": 0.75
            },
            {
              "time": 0.7333,
              "x": 0.98,
              "y": 0.98,
              "curve": 0.25,
              "c3": 0.75
            },
            {
              "time": 1
            }
          ]
        }
      }
    }
  }
}