{"skeleton":{"hash":"18mZxdxUgj4","spine":"3.8-from-4.0-from-4.1.23","x":-200.37,"y":-258.49,"width":409.83,"height":398.93,"images":"./donghua/chest/","audio":"E:/工作/6.15 牛/spine/chest"},"bones":[{"name":"root"},{"name":"subroot","parent":"root"},{"name":"box_all","parent":"subroot","y":-153.99,"color":"1cd8ffff"},{"name":"coins_top_all","parent":"box_all","y":195.75,"color":"ef2b94ff"},{"name":"bg","parent":"coins_top_all"},{"name":"box_direction","parent":"box_all","y":153.99,"color":"1cd8ffff"},{"name":"box_inverse","parent":"box_all","y":244.54,"color":"1cd8ffff"},{"name":"coins_bot_all","parent":"subroot","y":-127.89},{"name":"c_bot_L_01","parent":"coins_bot_all","rotation":57.92,"x":-60.13,"y":16.52},{"name":"c_bot_R_01","parent":"coins_bot_all","rotation":33.65,"x":49.23,"y":9.36},{"name":"c_bot_R_02","parent":"coins_bot_all","rotation":37.33,"x":55.06,"y":-22.74},{"name":"c_t_BR_01","parent":"coins_top_all","rotation":3,"x":152.17,"y":51.27,"color":"ef2b94ff"},{"name":"c_t_FB_01","parent":"coins_top_all","rotation":-8.59,"x":50.31,"y":44.89,"color":"ef2b94ff"},{"name":"c_t_FB_02","parent":"coins_top_all","rotation":-8.15,"x":0.39,"y":40.25,"color":"ef2b94ff"},{"name":"c_t_FL_01","parent":"coins_top_all","rotation":23.94,"x":-128.33,"y":52.23,"color":"ff1be7ff"},{"name":"c_t_FR_01","parent":"coins_top_all","rotation":9.07,"x":127.4,"y":57.34,"color":"ef2b94ff"},{"name":"c_t_F_01","parent":"coins_top_all","rotation":2.12,"x":21.67,"y":-25.15,"color":"ef2b94ff"},{"name":"c_t_F_02","parent":"coins_top_all","rotation":7.11,"x":-99.85,"y":20.9,"color":"ef2b94ff"},{"name":"c_t_F_03","parent":"coins_top_all","rotation":10.12,"x":-100.62,"y":-11.22,"color":"ef2b94ff"},{"name":"c_t_L_01","parent":"coins_top_all","rotation":-7.6,"x":-125.03,"y":97.2,"color":"ef2b94ff"},{"name":"c_t_R_01","parent":"coins_top_all","rotation":-22.72,"x":120.64,"y":136,"color":"ef2b94ff"},{"name":"c_t_R_02","parent":"coins_top_all","rotation":-12.12,"x":109.22,"y":118.02,"color":"ef2b94ff"},{"name":"c_t_TB_01","parent":"coins_top_all","rotation":17.28,"x":39.57,"y":83.36,"color":"ef2b94ff"},{"name":"c_t_T_01","parent":"coins_top_all","rotation":-24.97,"x":-100.91,"y":135.41,"color":"ef2b94ff"},{"name":"c_t_T_02","parent":"coins_top_all","rotation":34.77,"x":-53.2,"y":120.65,"color":"ef2b94ff"},{"name":"c_t_T_03","parent":"coins_top_all","rotation":17.41,"x":2.21,"y":105.2,"color":"ef2b94ff"},{"name":"fx_sparkle6","parent":"root","scaleX":0.983,"scaleY":0.983},{"name":"fx_sparkle7","parent":"root","scaleX":1.045,"scaleY":1.045},{"name":"fx_sparkle8","parent":"root","scaleX":0.8,"scaleY":0.88},{"name":"sha","parent":"subroot","scaleX":0.99,"scaleY":0.99}],"slots":[{"name":"h_cb_sha","bone":"sha"},{"name":"h_cb_box_B","bone":"box_all","attachment":"h_cb_box_B"},{"name":"h_cb_c_t_bg_BL","bone":"bg"},{"name":"h_cb_c_t_bg_BR","bone":"bg"},{"name":"h_cb_c_t_bg_TL","bone":"bg"},{"name":"h_cb_c_t_bg_TR","bone":"bg"},{"name":"h_cb_c_t_BR_01","bone":"c_t_BR_01","attachment":"h_cb_c_t_BR_01"},{"name":"h_cb_c_t_FB_01","bone":"c_t_FB_01","attachment":"h_cb_c_t_FB_01"},{"name":"h_cb_c_t_FR_01","bone":"c_t_FR_01","attachment":"h_cb_c_t_FR_01"},{"name":"h_cb_c_t_R_02","bone":"c_t_R_02","attachment":"h_cb_c_t_R_02"},{"name":"h_cb_c_t_FB_02","bone":"c_t_FB_02","attachment":"h_cb_c_t_FB_02"},{"name":"h_cb_c_t_R_01","bone":"c_t_R_01","attachment":"h_cb_c_t_R_01"},{"name":"h_cb_c_t_TB_01","bone":"c_t_TB_01","attachment":"h_cb_c_t_TB_01"},{"name":"h_cb_c_t_F_01","bone":"c_t_F_01","attachment":"h_cb_c_t_F_01"},{"name":"h_cb_c_t_F_02","bone":"c_t_F_02","attachment":"h_cb_c_t_F_02"},{"name":"h_cb_c_t_F_03","bone":"c_t_F_03","attachment":"h_cb_c_t_F_03"},{"name":"h_cb_c_t_L_01","bone":"c_t_L_01","attachment":"h_cb_c_t_L_01"},{"name":"h_cb_c_t_FL_01","bone":"c_t_FL_01","attachment":"h_cb_c_t_FL_01"},{"name":"h_cb_c_t_T_01","bone":"c_t_T_01","attachment":"h_cb_c_t_T_01"},{"name":"h_cb_c_t_T_02","bone":"c_t_T_02","attachment":"h_cb_c_t_T_02"},{"name":"h_cb_c_t_T_03","bone":"c_t_T_03","attachment":"h_cb_c_t_T_03"},{"name":"h_cb_box_F","bone":"box_all","attachment":"h_cb_box_F"},{"name":"h_cb_c_bot_L_01","bone":"c_bot_L_01","attachment":"h_cb_c_bot_L_01"},{"name":"h_cb_c_bot_R_02","bone":"c_bot_R_02","attachment":"h_cb_c_bot_R_02"},{"name":"h_cb_c_bot_R_01","bone":"c_bot_R_01","attachment":"h_cb_c_bot_R_01"},{"name":"h_cb_c_t_FL_01X","bone":"c_t_FL_01"},{"name":"fx_sparkle6","bone":"fx_sparkle6","blend":"screen"},{"name":"fx_sparkle7","bone":"fx_sparkle7","blend":"screen"},{"name":"fx_sparkle8","bone":"fx_sparkle8","blend":"screen"}],"transform":[{"name":"coins_top","order":1,"bones":["coins_top_all"],"target":"box_direction","y":41.76,"rotateMix":0,"translateMix":-0.2,"scaleMix":0,"shearMix":0},{"name":"inverse","bones":["box_inverse"],"target":"box_direction","y":90.55,"rotateMix":0,"translateMix":-0.3,"scaleMix":0,"shearMix":0}],"skins":[{"name":"default","attachments":{"fx_sparkle6":{"fx_sparkle":{"width":18,"height":18}},"fx_sparkle7":{"fx_sparkle":{"width":18,"height":18}},"fx_sparkle8":{"fx_sparkle":{"width":18,"height":18}},"h_cb_box_B":{"h_cb_box_B":{"type":"mesh","uvs":[0.12433,0.07556,0.31217,0.07685,0.49533,0.07812,0.6785,0.07939,0.87848,0.08078,0.98968,0.88549,0.25237,0.89335,0.00938,0.89594,0.49626,0.89075,0.74857,0.88806],"triangles":[6,8,9,9,3,4,8,2,3,6,0,1,8,1,2,8,3,9,8,6,1,7,0,6,9,4,5],"vertices":[2,2,-74.39,172.36,0.42857,5,-74.39,18.37,0.57143,2,2,-37.11,172.32,0.42857,5,-37.11,18.33,0.57143,2,2,-0.75,172.27,0.42857,5,-0.75,18.28,0.57143,2,2,35.61,172.23,0.42857,5,35.61,18.24,0.57143,2,2,75.3,172.18,0.42857,5,75.3,18.19,0.57143,2,2,97.38,143.61,0.42857,6,97.38,-100.93,0.57143,2,2,-48.98,143.33,0.42857,6,-48.98,-101.21,0.57143,2,2,-97.2,143.24,0.42857,6,-97.21,-101.3,0.57143,2,2,-0.56,143.43,0.42857,6,-0.56,-101.11,0.57143,2,2,49.52,143.52,0.42857,6,49.52,-101.02,0.57143],"hull":8,"edges":[14,0,10,8,14,12,0,2,12,2,16,12,4,2,16,4,10,18,18,16,8,6,6,4,18,6,10,12],"width":199,"height":36}},"h_cb_box_F":{"h_cb_box_F":{"type":"mesh","uvs":[0.97362,0.55898,0.952,0.96999,0.73562,0.97448,0.49549,0.97334,0.27019,0.97378,0.05201,0.96785,0.02744,0.56088,0.01018,0.22782,0.0364,0.14808,0.03245,0.05963,0.08682,0.04657,0.70984,0.03498,0.87026,0.03199,0.96113,0.05599,0.9564,0.13146,0.99299,0.22539,0.49582,0.22366,0.49875,0.57454,0.26461,0.56816,0.73845,0.56577,0.04688,0.20699,0.94364,0.20491,0.26159,0.22567,0.74076,0.22574,0.0404,0.07574,0.95335,0.06949,0.2645,0.20648,0.26152,0.07423,0.27261,0.04311,0.49569,0.20595,0.49433,0.07265,0.492,0.03903,0.738,0.20538,0.74169,0.07242],"triangles":[24,27,20,26,27,30,32,30,33,25,21,33,27,26,20,26,30,29,29,30,32,32,33,21,23,32,21,16,26,29,22,20,26,16,29,32,3,17,2,1,2,0,17,3,4,4,5,6,7,8,20,21,14,15,16,17,22,23,17,16,6,7,22,0,23,15,2,17,19,18,4,6,17,4,18,0,2,19,23,19,17,6,22,18,17,18,22,19,23,0,24,10,27,24,9,10,30,27,28,30,11,33,33,12,25,25,12,13,30,28,31,27,10,28,30,31,11,33,11,12,24,20,8,25,14,21,8,9,24,14,25,13,7,20,22,16,32,23,23,21,15,16,22,26],"vertices":[1,2,100.69,92,1,3,2,96.18,47.61,0.768,5,96.18,-106.38,0.192,6,96.18,-196.93,0.04,3,2,51.07,47.12,0.768,5,51.07,-106.87,0.192,6,51.07,-197.42,0.04,3,2,1,47.25,0.768,5,1,-106.74,0.192,6,1,-197.29,0.04,3,2,-45.98,47.2,0.768,5,-45.98,-106.79,0.192,6,-45.98,-197.34,0.04,3,2,-91.47,47.84,0.768,5,-91.47,-106.15,0.192,6,-91.47,-196.7,0.04,1,2,-96.59,91.79,1,2,2,-100.19,127.76,0.464,6,-100.19,-116.78,0.536,1,2,-94.72,136.37,1,1,2,-95.55,145.93,1,2,2,-84.21,147.34,0.75,6,-84.21,-97.2,0.25,2,2,45.69,148.59,0.75,6,45.69,-95.95,0.25,2,2,79.14,148.91,0.75,6,79.14,-95.63,0.25,1,2,98.08,146.32,1,1,2,97.1,138.17,1,2,2,104.73,128.03,0.464,6,104.73,-116.51,0.536,2,2,1.07,128.21,0.464,6,1.07,-116.33,0.536,1,2,1.68,90.32,1,1,2,-47.14,91.01,1,1,2,51.65,91.26,1,2,2,-92.54,130.01,0.6,6,-92.54,-114.53,0.4,2,2,94.44,130.24,0.6,6,94.44,-114.3,0.4,2,2,-47.77,128,0.464,6,-47.77,-116.54,0.536,2,2,52.14,127.99,0.464,6,52.14,-116.55,0.536,2,2,-93.89,144.19,0.552,6,-93.89,-100.35,0.448,2,2,96.46,144.86,0.552,6,96.46,-99.68,0.448,2,2,-47.16,130.07,0.6,6,-47.16,-114.47,0.4,2,2,-47.78,144.35,0.552,6,-47.78,-100.19,0.448,2,2,-45.47,147.71,0.75,6,-45.47,-96.83,0.25,2,2,1.04,130.13,0.6,6,1.04,-114.42,0.4,2,2,0.76,144.52,0.552,6,0.76,-100.02,0.448,2,2,0.27,148.15,0.75,6,0.27,-96.39,0.25,2,2,51.56,130.19,0.6,6,51.56,-114.35,0.4,2,2,52.33,144.55,0.552,6,52.33,-99.99,0.448],"hull":16,"edges":[14,16,12,14,30,0,0,2,8,6,14,44,44,32,2,4,4,6,30,46,46,32,8,34,44,34,46,34,34,4,12,8,4,0,48,20,50,24,48,40,50,42,30,28,16,18,18,20,28,26,26,24,40,52,48,54,20,56,58,52,60,54,62,56,42,64,64,58,50,66,66,60,24,22,22,62,20,22,10,8,10,12],"width":209,"height":108}},"h_cb_c_bot_L_01":{"h_cb_c_bot_L_01":{"x":42.04,"y":-8.73,"rotation":-57.92,"width":72,"height":74}},"h_cb_c_bot_R_01":{"h_cb_c_bot_R_01":{"x":-3.89,"y":38.23,"rotation":-33.65,"width":77,"height":63}},"h_cb_c_bot_R_02":{"h_cb_c_bot_R_02":{"x":8.06,"y":52.82,"rotation":-37.33,"width":76,"height":51}},"h_cb_c_t_bg_BL":{"h_cb_c_t_bg_BL":{"type":"mesh","uvs":[1,1,0,1,0,0,1,0],"triangles":[1,2,3,1,3,0],"vertices":[84.86,-96.85,-15.14,-96.85,-15.14,-26.35,84.86,-26.35],"hull":4,"edges":[0,2,2,4,4,6,0,6],"width":100,"height":71}},"h_cb_c_t_bg_BR":{"h_cb_c_t_bg_BR":{"x":50.25,"y":-47.3,"width":84,"height":64}},"h_cb_c_t_bg_TL":{"h_cb_c_t_bg_TL":{"type":"mesh","uvs":[1,1,0,1,0,0,1,0],"triangles":[1,2,3,1,3,0],"vertices":[-17.81,-61.18,-81.31,-61.18,-81.31,-19.68,-17.81,-19.68],"hull":4,"edges":[0,2,2,4,4,6,0,6],"width":64,"height":42}},"h_cb_c_t_bg_TR":{"h_cb_c_t_bg_TR":{"x":-4.94,"y":-15.69,"width":75,"height":26}},"h_cb_c_t_BR_01":{"h_cb_c_t_BR_01":{"x":-79.3,"y":-55.54,"rotation":-3,"width":53,"height":32}},"h_cb_c_t_FB_01":{"h_cb_c_t_FB_01":{"x":-34.53,"y":-81.66,"rotation":8.59,"width":68,"height":25}},"h_cb_c_t_FB_02":{"h_cb_c_t_FB_02":{"x":12.88,"y":-71.03,"rotation":8.15,"width":70,"height":22}},"h_cb_c_t_FL_01":{"h_cb_c_t_FL_01":{"x":27.38,"y":-98.68,"rotation":-23.94,"width":70,"height":51}},"h_cb_c_t_FL_01X":{"h_cb_c_t_FL_01X":{"x":9.03,"y":-109.84,"rotation":-23.94,"width":40,"height":14}},"h_cb_c_t_FR_01":{"h_cb_c_t_FR_01":{"x":-77.85,"y":-69.85,"rotation":-9.07,"width":65,"height":48}},"h_cb_c_t_F_01":{"h_cb_c_t_F_01":{"x":-7.41,"y":-35.02,"rotation":-2.12,"width":70,"height":50}},"h_cb_c_t_F_02":{"h_cb_c_t_F_02":{"x":52.47,"y":-77.52,"rotation":-7.11,"width":68,"height":60}},"h_cb_c_t_F_03":{"h_cb_c_t_F_03":{"x":46.43,"y":-53.73,"rotation":-10.12,"width":66,"height":32}},"h_cb_c_t_L_01":{"h_cb_c_t_L_01":{"x":71.2,"y":-91.2,"rotation":7.6,"width":50,"height":37}},"h_cb_c_t_R_01":{"h_cb_c_t_R_01":{"x":-5.3,"y":-133.56,"rotation":22.72,"width":58,"height":25}},"h_cb_c_t_R_02":{"h_cb_c_t_R_02":{"x":-26.42,"y":-119.65,"rotation":12.12,"width":56,"height":30}},"h_cb_c_t_TB_01":{"h_cb_c_t_TB_01":{"x":-42.75,"y":-86.74,"rotation":-17.28,"width":54,"height":35}},"h_cb_c_t_T_01":{"h_cb_c_t_T_01":{"x":95.52,"y":-93.38,"rotation":24.97,"width":57,"height":31}},"h_cb_c_t_T_02":{"h_cb_c_t_T_02":{"x":-42.49,"y":-109.51,"rotation":-34.77,"width":68,"height":44}},"h_cb_c_t_T_03":{"h_cb_c_t_T_03":{"x":-31.55,"y":-103.89,"rotation":-17.41,"width":76,"height":59}},"h_cb_sha":{"h_cb_sha":{"x":2.14,"y":-33.26,"width":212,"height":218},"h_cb_sha_mg":{"x":-6.06,"y":-14.14,"width":212,"height":218}}}}],"animations":{"win":{"slots":{"fx_sparkle6":{"color":[{"time":0.0667,"color":"ffffff00"},{"time":0.2333,"color":"ffffffff"},{"time":0.5667,"color":"ffffff00"}],"attachment":[{"time":0.0667,"name":"fx_sparkle"}]},"fx_sparkle7":{"color":[{"time":0.1667,"color":"ffffff00"},{"time":0.3333,"color":"ffffffff"},{"time":0.7333,"color":"ffffff00"}],"attachment":[{"time":0.1667,"name":"fx_sparkle"}]},"fx_sparkle8":{"color":[{"time":0.2333,"color":"ffffff00"},{"time":0.4,"color":"ffffffff"},{"time":0.8333,"color":"ffffff00"}],"attachment":[{"time":0.2333,"name":"fx_sparkle"}]},"h_cb_sha":{"color":[{"color":"ffffffff"},{"time":0.1333,"color":"ffffff00","curve":"stepped"},{"time":0.5,"color":"ffffff00"},{"time":0.8333,"color":"ffffffff"}],"attachment":[{"name":"h_cb_sha_mg"}]}},"bones":{"fx_sparkle6":{"translate":[{"time":0.0667,"x":-129,"y":47},{"time":0.2333,"x":-129,"y":60.52},{"time":0.5667,"x":-129,"y":72.86}],"scale":[{"time":0.0667,"x":0.55,"y":0.55},{"time":0.2333,"x":1.05,"y":1.05},{"time":0.5667,"x":0.7,"y":0.7}]},"fx_sparkle7":{"translate":[{"time":0.1667,"x":-59,"y":133.83},{"time":0.3333,"x":-59.15,"y":153.19},{"time":0.7333,"x":-59.45,"y":165.16}],"scale":[{"time":0.1667,"x":0.55,"y":0.55},{"time":0.3333,"x":1.373,"y":1.373},{"time":0.7333,"x":0.835,"y":0.835}]},"fx_sparkle8":{"translate":[{"time":0.2333,"x":132,"y":42},{"time":0.4,"x":132,"y":45.61},{"time":0.8333,"x":132,"y":55}],"scale":[{"time":0.2333,"x":0.55,"y":0.55},{"time":0.4,"x":1.373,"y":1.373},{"time":0.8333,"x":0.835,"y":0.835}]},"sha":{"translate":[{"x":7.43,"y":-18.19}]},"box_all":{"rotate":[{},{"time":0.0667,"angle":0.3},{"time":0.1667,"angle":-0.11},{"time":0.3667,"angle":-0.71},{"time":0.5667,"angle":0.79},{"time":0.8333}],"translate":[{},{"time":0.1,"y":-5.24},{"time":0.3,"x":0.3,"y":55.42},{"time":0.5,"y":-4.37},{"time":0.6667,"y":6.14},{"time":0.8333}],"scale":[{},{"time":0.1,"x":1.031,"y":0.971},{"time":0.3,"x":0.978,"y":1.021},{"time":0.5,"x":1.007,"y":0.986},{"time":0.6667,"y":1.023},{"time":0.8333}]},"box_direction":{"translate":[{},{"time":0.1,"x":-22.33,"y":14},{"time":0.3,"x":12.84,"y":-61.52},{"time":0.5,"x":-11.47,"y":25.06},{"time":0.7}],"scale":[{},{"time":0.1,"y":1.017},{"time":0.3,"y":0.947,"curve":"stepped"},{"time":0.5,"y":0.947},{"time":0.7}]},"c_t_T_03":{"rotate":[{},{"time":0.1187,"angle":-3.74},{"time":0.4128,"angle":3.13},{"time":0.5982,"angle":-4.08},{"time":0.7475,"angle":0.59},{"time":0.8333}],"translate":[{},{"time":0.1,"x":-0.01,"y":-4.22},{"time":0.3798,"x":-0.38,"y":30.69},{"time":0.5795,"x":3.98,"y":-2.29},{"time":0.7461,"x":0.02,"y":6.92},{"time":0.8333}],"shear":[{},{"time":0.1,"x":-4.95},{"time":0.3798,"x":-17.27,"y":-15.12},{"time":0.5798,"x":-5.01,"y":1.46},{"time":0.7465,"x":1.88,"y":1.01},{"time":0.8333}]},"c_t_T_02":{"rotate":[{},{"time":0.1164,"angle":-3.74},{"time":0.2342,"angle":-1.24},{"time":0.4,"angle":5.53},{"time":0.5333,"angle":-7.63},{"time":0.7333,"angle":0.59},{"time":0.8333}],"translate":[{},{"time":0.1164,"y":-1.15},{"time":0.4,"x":-0.3,"y":25.49},{"time":0.5333,"x":-0.03,"y":-2.24},{"time":0.7333,"x":-0.76,"y":7.68},{"time":0.8333}],"shear":[{},{"time":0.1164,"x":-3.35},{"time":0.3844,"x":-9.11,"y":-8.37},{"time":0.5309,"x":-2.52},{"time":0.7177,"x":-0.42,"y":1.01},{"time":0.8333}]},"c_t_T_01":{"rotate":[{},{"time":0.1333,"angle":-7.33},{"time":0.3667,"angle":6.47},{"time":0.5667,"angle":-7.36},{"time":0.7333,"angle":-0.1},{"time":0.8333}],"translate":[{},{"time":0.1333,"y":-1.15},{"time":0.3497,"x":-0.22,"y":17.42},{"time":0.5497,"x":-0.03,"y":-2.24},{"time":0.7164,"x":0.02,"y":6.13},{"time":0.8333}],"shear":[{},{"time":0.1333,"x":-3.35},{"time":0.3497,"x":-4.69,"y":-1.96},{"time":0.5497,"x":-2.52},{"time":0.7164,"x":1.88,"y":1.01},{"time":0.8333}]},"c_t_FL_01":{"rotate":[{},{"time":0.1333,"angle":-2.71},{"time":0.3667,"angle":7.97},{"time":0.5667,"angle":-5.59},{"time":0.7,"angle":2.54},{"time":0.8333}],"translate":[{},{"time":0.1,"y":-1.15},{"time":0.3333,"x":1.59,"y":24.92},{"time":0.5333,"x":-0.03,"y":-2.24},{"time":0.6667,"x":0.02,"y":3.83},{"time":0.8333}],"shear":[{},{"time":0.1333,"x":-2.34,"y":-2.08},{"time":0.3667,"x":-8.55,"y":-4.75},{"time":0.5667,"x":-3.32},{"time":0.7,"x":1.88,"y":1.01},{"time":0.8333}]},"c_t_L_01":{"rotate":[{},{"time":0.1,"angle":-4.24},{"time":0.4,"angle":4.37},{"time":0.6,"angle":-4.08},{"time":0.7667,"angle":0.59},{"time":0.8333}],"translate":[{},{"time":0.1,"x":4.93,"y":-5.66},{"time":0.3667,"x":-3.77,"y":14.93},{"time":0.5667,"x":3.55,"y":-8.85},{"time":0.7333,"x":0.02,"y":3.83},{"time":0.8333}],"shear":[{},{"time":0.1,"x":-6.7},{"time":0.3667,"x":5.51,"y":8.85},{"time":0.5667,"x":-6.86,"y":-5.16},{"time":0.7333,"x":1.88,"y":5.74},{"time":0.8333}]},"c_t_R_01":{"rotate":[{},{"time":0.1333,"angle":-5.12},{"time":0.3667,"angle":5.56},{"time":0.5667,"angle":-5.12},{"time":0.7333,"angle":1.34},{"time":0.8333}],"translate":[{},{"time":0.1164,"y":-2.26},{"time":0.3497,"x":-0.34,"y":27.09},{"time":0.5497,"x":-0.04,"y":-3.32},{"time":0.7164,"x":0.02,"y":4.7},{"time":0.8333}],"shear":[{},{"time":0.1164,"x":-4.76},{"time":0.3497,"x":-1.91,"y":-1.96},{"time":0.5497,"x":-4.3},{"time":0.7164,"x":3.64,"y":1.01},{"time":0.8333}]},"c_t_BR_01":{"rotate":[{},{"time":0.1333,"angle":-1.99},{"time":0.3667,"angle":8.76},{"time":0.5667,"angle":-7.35},{"time":0.7333,"angle":0.59},{"time":0.8333}],"translate":[{},{"time":0.1333,"x":-4.21,"y":-0.9},{"time":0.3667,"x":-3.58,"y":13.64},{"time":0.5667,"x":0.45,"y":-3.89},{"time":0.7333,"x":-2.45,"y":3.59},{"time":0.8333}],"shear":[{},{"time":0.1333,"x":-9.74,"y":3.69},{"time":0.3667,"x":3.36,"y":1.69},{"time":0.5667,"x":-5.17},{"time":0.7333,"x":1.88,"y":1.01},{"time":0.8333}]},"c_t_FB_01":{"rotate":[{"angle":-0.15},{"time":0.1,"angle":-10.16},{"time":0.4,"angle":10.73},{"time":0.6,"angle":-7.18},{"time":0.7667,"angle":3.12},{"time":0.8333}],"translate":[{},{"time":0.1,"y":-2.37},{"time":0.3667,"x":-0.26,"y":20.85},{"time":0.5667,"x":-0.03,"y":-2.24},{"time":0.7333,"x":0.02,"y":3.83},{"time":0.8333}],"shear":[{},{"time":0.1,"x":-3.35},{"time":0.3667,"x":-4.69,"y":-1.96},{"time":0.5667,"x":-2.52},{"time":0.7333,"x":1.88,"y":1.01},{"time":0.8333}]},"c_t_TB_01":{"rotate":[{},{"time":0.1333,"angle":-8.75},{"time":0.3667,"angle":11.89},{"time":0.5333,"angle":-6.58},{"time":0.7333,"angle":2.29},{"time":0.8333}],"translate":[{},{"time":0.1333,"y":-1.15},{"time":0.3667,"x":-0.15,"y":12.04},{"time":0.5333,"x":-0.03,"y":-2.24},{"time":0.7333,"x":0.02,"y":3.83},{"time":0.8333}],"shear":[{},{"time":0.1333,"x":-7.1},{"time":0.3667,"x":-3.92,"y":-1.01},{"time":0.5333,"x":-4.43,"y":1.29},{"time":0.7333,"x":1.88,"y":2.4},{"time":0.8333}]},"c_t_FB_02":{"rotate":[{},{"time":0.1333,"angle":-6.08},{"time":0.3333,"angle":7.69},{"time":0.5333,"angle":-6.37},{"time":0.7,"angle":1.72},{"time":0.8333}],"translate":[{},{"time":0.1,"x":1.8,"y":-5.85},{"time":0.3117,"x":-2.3,"y":16.98},{"time":0.5117,"x":0.93,"y":-5.27},{"time":0.6784,"x":2.02,"y":5.76},{"time":0.8333}],"shear":[{},{"time":0.1,"x":-6.34},{"time":0.3333,"x":-0.9,"y":-1.96},{"time":0.5099,"x":-5.26},{"time":0.7,"x":2.85,"y":1.01},{"time":0.8333}]},"c_t_R_02":{"rotate":[{},{"time":0.1169,"angle":-0.15},{"time":0.3503,"angle":11.45},{"time":0.5503,"angle":-2.34},{"time":0.7169,"angle":3.84},{"time":0.8333}],"translate":[{},{"time":0.1,"y":-2.26},{"time":0.3333,"x":-0.27,"y":21.65},{"time":0.5333,"x":-0.03,"y":-2.24},{"time":0.7,"x":0.02,"y":3.83},{"time":0.8333}],"shear":[{},{"time":0.1,"x":-4.19},{"time":0.3333,"x":-2.79,"y":-1.96},{"time":0.5333,"x":-4.76},{"time":0.7,"x":3.82,"y":1.01},{"time":0.8333}]},"c_t_F_03":{"rotate":[{},{"time":0.1146,"angle":-3.74},{"time":0.3479,"angle":4.37},{"time":0.5479,"angle":-4.08},{"time":0.7146,"angle":0.59},{"time":0.8333}],"translate":[{},{"time":0.1146,"y":-1.15},{"time":0.3479,"x":-0.13,"y":10.59},{"time":0.5479,"x":-0.03,"y":-2.24},{"time":0.7146,"x":0.02,"y":3.83},{"time":0.8333}],"shear":[{},{"time":0.1146,"x":-3.35},{"time":0.3479,"x":-4.69,"y":-1.96},{"time":0.5479,"x":-2.52},{"time":0.7146,"x":1.88,"y":1.01},{"time":0.8333}]},"c_t_F_01":{"rotate":[{},{"time":0.1474,"angle":-3.74},{"time":0.3807,"angle":4.37},{"time":0.5807,"angle":-4.08},{"time":0.7474,"angle":0.59},{"time":0.8333}],"translate":[{},{"time":0.1141,"y":-2.84},{"time":0.3474,"x":-0.08,"y":6.69},{"time":0.5474,"x":-0.06,"y":-4.97},{"time":0.7141,"x":0.02,"y":5.43},{"time":0.8333}],"shear":[{},{"time":0.1141,"x":-3.35},{"time":0.3474,"x":-4.69,"y":-1.96},{"time":0.5474,"x":-2.52},{"time":0.7141,"x":1.88,"y":1.01},{"time":0.8333}]},"coins_top_all":{"translate":[{},{"time":0.1,"y":1.35},{"time":0.3333,"x":0.08,"y":-6.43},{"time":0.5333,"x":0.02,"y":1.31},{"time":0.7,"x":-0.01,"y":-1.92},{"time":0.8333}]},"c_t_F_02":{"rotate":[{},{"time":0.1,"angle":-4.52},{"time":0.3667,"angle":9.65},{"time":0.5667,"angle":-2.57},{"time":0.7,"angle":1.71},{"time":0.8333}],"translate":[{},{"time":0.1,"x":-0.46,"y":6.66},{"time":0.3333,"x":-0.3,"y":24.27},{"time":0.5333,"x":-0.46,"y":5.95},{"time":0.7,"x":0.02,"y":3.83},{"time":0.8333}],"scale":[{},{"time":0.1,"y":0.984},{"time":0.3333,"y":1.135},{"time":0.5333}],"shear":[{},{"time":0.1,"x":-3.35},{"time":0.3333,"x":-4.69,"y":-1.96},{"time":0.5333,"x":-2.52},{"time":0.7,"x":1.88,"y":1.01},{"time":0.8333}]},"c_t_FR_01":{"rotate":[{},{"time":0.1,"angle":-1.44},{"time":0.3497,"angle":11.99},{"time":0.5497,"angle":-3.63},{"time":0.7164,"angle":3.54},{"time":0.8333}],"translate":[{},{"time":0.1,"x":-0.03,"y":-5.08},{"time":0.3497,"x":-0.2,"y":15.79},{"time":0.5497,"x":-0.06,"y":-4.3},{"time":0.7164,"x":0.02,"y":3.83},{"time":0.8333}],"shear":[{},{"time":0.1,"x":0.79,"y":4.26},{"time":0.3497,"x":1.44,"y":3.19},{"time":0.5497,"x":0.6,"y":2.22},{"time":0.7164,"x":1.88,"y":1.01},{"time":0.8333}]},"bg":{"rotate":[{},{"time":0.1667,"angle":-3.74},{"time":0.4,"angle":4.37},{"time":0.6,"angle":-4.08},{"time":0.7333,"angle":0.59},{"time":0.8333}],"translate":[{},{"time":0.1333,"y":-1.15},{"time":0.3667,"x":-0.15,"y":12.04},{"time":0.5667,"x":-0.03,"y":-2.24},{"time":0.7333,"x":0.02,"y":3.83},{"time":0.8333}]},"c_bot_L_01":{"rotate":[{},{"time":0.1526,"angle":-0.84},{"time":0.3,"angle":1.12},{"time":0.5,"angle":-0.93},{"time":0.6333,"angle":1.96},{"time":0.8}],"translate":[{},{"time":0.1333,"x":0.54,"y":-3.8},{"time":0.2667,"x":-2.37,"y":7.77},{"time":0.4667,"y":-2.07},{"time":0.6333,"y":0.52},{"time":0.8}],"shear":[{"time":0.1333},{"time":0.3,"x":3.01,"y":2.25},{"time":0.5,"x":-2.56,"y":-1.21},{"time":0.6333}]},"c_bot_R_01":{"rotate":[{},{"time":0.1,"angle":-5.08},{"time":0.3146,"angle":6.13},{"time":0.5333,"angle":0.84},{"time":0.7,"angle":2.91},{"time":0.8333}],"translate":[{},{"time":0.1,"x":0.59,"y":-1.87},{"time":0.2836,"y":9.12},{"time":0.5333,"x":-0.59,"y":-1.38},{"time":0.6831,"y":2.07},{"time":0.8333}],"shear":[{"time":0.1},{"time":0.3146,"x":5.35,"y":4.12},{"time":0.5333,"x":-2.82,"y":-0.9},{"time":0.7}]},"c_bot_R_02":{"rotate":[{},{"time":0.1,"angle":-0.72},{"time":0.3,"angle":3.61},{"time":0.5,"angle":-4.1},{"time":0.7333}],"translate":[{},{"time":0.1,"y":-1.99},{"time":0.3,"y":3.1},{"time":0.5,"y":-1.11},{"time":0.7333}]}},"deform":{"default":{"h_cb_c_t_bg_BL":{"h_cb_c_t_bg_BL":[{"time":0.1667},{"time":0.3667,"offset":6,"vertices":[-2.07753,18.67222]},{"time":0.5333,"offset":2,"vertices":[-9.68195,-13.15558,0,0,-0.69759,6.26975]},{"time":0.6333}]}}}},"win_bg":{"slots":{"fx_sparkle6":{"color":[{"time":0.0667,"color":"ffffff00"},{"time":0.2333,"color":"ffffffff"},{"time":0.5667,"color":"ffffff00"}],"attachment":[{"time":0.0667,"name":"fx_sparkle"}]},"fx_sparkle7":{"color":[{"time":0.1667,"color":"ffffff00"},{"time":0.3333,"color":"ffffffff"},{"time":0.7333,"color":"ffffff00"}],"attachment":[{"time":0.1667,"name":"fx_sparkle"}]},"fx_sparkle8":{"color":[{"time":0.2333,"color":"ffffff00"},{"time":0.4,"color":"ffffffff"},{"time":0.8333,"color":"ffffff00"}],"attachment":[{"time":0.2333,"name":"fx_sparkle"}]},"h_cb_sha":{"color":[{"color":"ffffffff"},{"time":0.1333,"color":"ffffff00","curve":"stepped"},{"time":0.5,"color":"ffffff00"},{"time":0.8333,"color":"ffffffff"}],"attachment":[{"name":"h_cb_sha"}]}},"bones":{"fx_sparkle6":{"translate":[{"time":0.0667,"x":-138,"y":39},{"time":0.2333,"x":-138,"y":46.21},{"time":0.5667,"x":-138,"y":61.54}],"scale":[{"time":0.0667,"x":0.55,"y":0.55},{"time":0.2333,"x":1.05,"y":1.05},{"time":0.5667,"x":0.7,"y":0.7}]},"fx_sparkle7":{"translate":[{"time":0.1667,"x":-59.45,"y":121.21},{"time":0.7333,"x":-59.45,"y":142.62}],"scale":[{"time":0.1667,"x":0.55,"y":0.55},{"time":0.3333,"x":1.373,"y":1.373},{"time":0.7333,"x":0.835,"y":0.835}]},"fx_sparkle8":{"translate":[{"time":0.2333,"x":117,"y":80},{"time":0.4,"x":117,"y":86.31},{"time":0.8333,"x":117,"y":96.23}],"scale":[{"time":0.2333,"x":0.55,"y":0.55},{"time":0.4,"x":1.373,"y":1.373},{"time":0.8333,"x":0.835,"y":0.835}]},"box_all":{"rotate":[{},{"time":0.0667,"angle":0.3},{"time":0.1667,"angle":-0.11},{"time":0.3667,"angle":-0.71},{"time":0.5667,"angle":0.79},{"time":0.8333}],"translate":[{},{"time":0.1,"y":-5.24},{"time":0.3,"x":0.3,"y":55.42},{"time":0.5,"y":-4.37},{"time":0.6667,"y":6.14},{"time":0.8333}],"scale":[{},{"time":0.1,"x":1.031,"y":0.971},{"time":0.3,"x":0.978,"y":1.021},{"time":0.5,"x":1.007,"y":0.986},{"time":0.6667,"y":1.023},{"time":0.8333}]},"box_direction":{"translate":[{},{"time":0.1,"x":-22.33,"y":14},{"time":0.3,"x":12.84,"y":-61.52},{"time":0.5,"x":-11.47,"y":25.06},{"time":0.7}],"scale":[{},{"time":0.1,"y":1.017},{"time":0.3,"y":0.947,"curve":"stepped"},{"time":0.5,"y":0.947},{"time":0.7}]},"c_t_T_03":{"rotate":[{},{"time":0.1187,"angle":-3.74},{"time":0.4128,"angle":3.13},{"time":0.5982,"angle":-4.08},{"time":0.7475,"angle":0.59},{"time":0.8333}],"translate":[{},{"time":0.1,"x":-0.01,"y":-4.22},{"time":0.3798,"x":-0.38,"y":30.69},{"time":0.5795,"x":3.98,"y":-2.29},{"time":0.7461,"x":0.02,"y":6.92},{"time":0.8333}],"shear":[{},{"time":0.1,"x":-4.95},{"time":0.3798,"x":-17.27,"y":-15.12},{"time":0.5798,"x":-5.01,"y":1.46},{"time":0.7465,"x":1.88,"y":1.01},{"time":0.8333}]},"c_t_T_02":{"rotate":[{},{"time":0.1164,"angle":-3.74},{"time":0.2342,"angle":-1.24},{"time":0.4,"angle":5.53},{"time":0.5333,"angle":-7.63},{"time":0.7333,"angle":0.59},{"time":0.8333}],"translate":[{},{"time":0.1164,"y":-1.15},{"time":0.4,"x":-0.3,"y":25.49},{"time":0.5333,"x":-0.03,"y":-2.24},{"time":0.7333,"x":-0.76,"y":7.68},{"time":0.8333}],"shear":[{},{"time":0.1164,"x":-3.35},{"time":0.3844,"x":-9.11,"y":-8.37},{"time":0.5309,"x":-2.52},{"time":0.7177,"x":-0.42,"y":1.01},{"time":0.8333}]},"c_t_T_01":{"rotate":[{},{"time":0.1333,"angle":-7.33},{"time":0.3667,"angle":6.47},{"time":0.5667,"angle":-7.36},{"time":0.7333,"angle":-0.1},{"time":0.8333}],"translate":[{},{"time":0.1333,"y":-1.15},{"time":0.3497,"x":-0.22,"y":17.42},{"time":0.5497,"x":-0.03,"y":-2.24},{"time":0.7164,"x":0.02,"y":6.13},{"time":0.8333}],"shear":[{},{"time":0.1333,"x":-3.35},{"time":0.3497,"x":-4.69,"y":-1.96},{"time":0.5497,"x":-2.52},{"time":0.7164,"x":1.88,"y":1.01},{"time":0.8333}]},"c_t_FL_01":{"rotate":[{},{"time":0.1333,"angle":-2.71},{"time":0.3667,"angle":7.97},{"time":0.5667,"angle":-5.59},{"time":0.7,"angle":2.54},{"time":0.8333}],"translate":[{},{"time":0.1,"y":-1.15},{"time":0.3333,"x":1.59,"y":24.92},{"time":0.5333,"x":-0.03,"y":-2.24},{"time":0.6667,"x":0.02,"y":3.83},{"time":0.8333}],"shear":[{},{"time":0.1333,"x":-2.34,"y":-2.08},{"time":0.3667,"x":-8.55,"y":-4.75},{"time":0.5667,"x":-3.32},{"time":0.7,"x":1.88,"y":1.01},{"time":0.8333}]},"c_t_L_01":{"rotate":[{},{"time":0.1,"angle":-4.24},{"time":0.4,"angle":4.37},{"time":0.6,"angle":-4.08},{"time":0.7667,"angle":0.59},{"time":0.8333}],"translate":[{},{"time":0.1,"x":4.93,"y":-5.66},{"time":0.3667,"x":-3.77,"y":14.93},{"time":0.5667,"x":3.55,"y":-8.85},{"time":0.7333,"x":0.02,"y":3.83},{"time":0.8333}],"shear":[{},{"time":0.1,"x":-6.7},{"time":0.3667,"x":5.51,"y":8.85},{"time":0.5667,"x":-6.86,"y":-5.16},{"time":0.7333,"x":1.88,"y":5.74},{"time":0.8333}]},"c_t_R_01":{"rotate":[{},{"time":0.1333,"angle":-5.12},{"time":0.3667,"angle":5.56},{"time":0.5667,"angle":-5.12},{"time":0.7333,"angle":1.34},{"time":0.8333}],"translate":[{},{"time":0.1164,"y":-2.26},{"time":0.3497,"x":-0.34,"y":27.09},{"time":0.5497,"x":-0.04,"y":-3.32},{"time":0.7164,"x":0.02,"y":4.7},{"time":0.8333}],"shear":[{},{"time":0.1164,"x":-4.76},{"time":0.3497,"x":-1.91,"y":-1.96},{"time":0.5497,"x":-4.3},{"time":0.7164,"x":3.64,"y":1.01},{"time":0.8333}]},"c_t_BR_01":{"rotate":[{},{"time":0.1333,"angle":-1.99},{"time":0.3667,"angle":8.76},{"time":0.5667,"angle":-7.35},{"time":0.7333,"angle":0.59},{"time":0.8333}],"translate":[{},{"time":0.1333,"x":-4.21,"y":-0.9},{"time":0.3667,"x":-3.58,"y":13.64},{"time":0.5667,"x":0.45,"y":-3.89},{"time":0.7333,"x":-2.45,"y":3.59},{"time":0.8333}],"shear":[{},{"time":0.1333,"x":-9.74,"y":3.69},{"time":0.3667,"x":3.36,"y":1.69},{"time":0.5667,"x":-5.17},{"time":0.7333,"x":1.88,"y":1.01},{"time":0.8333}]},"c_t_FB_01":{"rotate":[{"angle":-0.15},{"time":0.1,"angle":-10.16},{"time":0.4,"angle":10.73},{"time":0.6,"angle":-7.18},{"time":0.7667,"angle":3.12},{"time":0.8333}],"translate":[{},{"time":0.1,"y":-2.37},{"time":0.3667,"x":-0.26,"y":20.85},{"time":0.5667,"x":-0.03,"y":-2.24},{"time":0.7333,"x":0.02,"y":3.83},{"time":0.8333}],"shear":[{},{"time":0.1,"x":-3.35},{"time":0.3667,"x":-4.69,"y":-1.96},{"time":0.5667,"x":-2.52},{"time":0.7333,"x":1.88,"y":1.01},{"time":0.8333}]},"c_t_TB_01":{"rotate":[{},{"time":0.1333,"angle":-8.75},{"time":0.3667,"angle":11.89},{"time":0.5333,"angle":-6.58},{"time":0.7333,"angle":2.29},{"time":0.8333}],"translate":[{},{"time":0.1333,"y":-1.15},{"time":0.3667,"x":-0.15,"y":12.04},{"time":0.5333,"x":-0.03,"y":-2.24},{"time":0.7333,"x":0.02,"y":3.83},{"time":0.8333}],"shear":[{},{"time":0.1333,"x":-7.1},{"time":0.3667,"x":-3.92,"y":-1.01},{"time":0.5333,"x":-4.43,"y":1.29},{"time":0.7333,"x":1.88,"y":2.4},{"time":0.8333}]},"c_t_FB_02":{"rotate":[{},{"time":0.1333,"angle":-6.08},{"time":0.3333,"angle":7.69},{"time":0.5333,"angle":-6.37},{"time":0.7,"angle":1.72},{"time":0.8333}],"translate":[{},{"time":0.1,"x":1.8,"y":-5.85},{"time":0.3117,"x":-2.3,"y":16.98},{"time":0.5117,"x":0.93,"y":-5.27},{"time":0.6784,"x":2.02,"y":5.76},{"time":0.8333}],"shear":[{},{"time":0.1,"x":-6.34},{"time":0.3333,"x":-0.9,"y":-1.96},{"time":0.5099,"x":-5.26},{"time":0.7,"x":2.85,"y":1.01},{"time":0.8333}]},"c_t_R_02":{"rotate":[{},{"time":0.1169,"angle":-0.15},{"time":0.3503,"angle":11.45},{"time":0.5503,"angle":-2.34},{"time":0.7169,"angle":3.84},{"time":0.8333}],"translate":[{},{"time":0.1,"y":-2.26},{"time":0.3333,"x":-0.27,"y":21.65},{"time":0.5333,"x":-0.03,"y":-2.24},{"time":0.7,"x":0.02,"y":3.83},{"time":0.8333}],"shear":[{},{"time":0.1,"x":-4.19},{"time":0.3333,"x":-2.79,"y":-1.96},{"time":0.5333,"x":-4.76},{"time":0.7,"x":3.82,"y":1.01},{"time":0.8333}]},"c_t_F_03":{"rotate":[{},{"time":0.1146,"angle":-3.74},{"time":0.3479,"angle":4.37},{"time":0.5479,"angle":-4.08},{"time":0.7146,"angle":0.59},{"time":0.8333}],"translate":[{},{"time":0.1146,"y":-1.15},{"time":0.3479,"x":-0.13,"y":10.59},{"time":0.5479,"x":-0.03,"y":-2.24},{"time":0.7146,"x":0.02,"y":3.83},{"time":0.8333}],"shear":[{},{"time":0.1146,"x":-3.35},{"time":0.3479,"x":-4.69,"y":-1.96},{"time":0.5479,"x":-2.52},{"time":0.7146,"x":1.88,"y":1.01},{"time":0.8333}]},"c_t_F_01":{"rotate":[{},{"time":0.1474,"angle":-3.74},{"time":0.3807,"angle":4.37},{"time":0.5807,"angle":-4.08},{"time":0.7474,"angle":0.59},{"time":0.8333}],"translate":[{},{"time":0.1141,"y":-2.84},{"time":0.3474,"x":-0.08,"y":6.69},{"time":0.5474,"x":-0.06,"y":-4.97},{"time":0.7141,"x":0.02,"y":5.43},{"time":0.8333}],"shear":[{},{"time":0.1141,"x":-3.35},{"time":0.3474,"x":-4.69,"y":-1.96},{"time":0.5474,"x":-2.52},{"time":0.7141,"x":1.88,"y":1.01},{"time":0.8333}]},"coins_top_all":{"translate":[{},{"time":0.1,"y":1.35},{"time":0.3333,"x":0.08,"y":-6.43},{"time":0.5333,"x":0.02,"y":1.31},{"time":0.7,"x":-0.01,"y":-1.92},{"time":0.8333}]},"c_t_F_02":{"rotate":[{},{"time":0.1,"angle":-4.52},{"time":0.3667,"angle":9.65},{"time":0.5667,"angle":-2.57},{"time":0.7,"angle":1.71},{"time":0.8333}],"translate":[{},{"time":0.1,"x":-0.46,"y":6.66},{"time":0.3333,"x":-0.3,"y":24.27},{"time":0.5333,"x":-0.46,"y":5.95},{"time":0.7,"x":0.02,"y":3.83},{"time":0.8333}],"scale":[{},{"time":0.1,"y":0.984},{"time":0.3333,"y":1.135},{"time":0.5333}],"shear":[{},{"time":0.1,"x":-3.35},{"time":0.3333,"x":-4.69,"y":-1.96},{"time":0.5333,"x":-2.52},{"time":0.7,"x":1.88,"y":1.01},{"time":0.8333}]},"c_t_FR_01":{"rotate":[{},{"time":0.1,"angle":-1.44},{"time":0.3497,"angle":11.99},{"time":0.5497,"angle":-3.63},{"time":0.7164,"angle":3.54},{"time":0.8333}],"translate":[{},{"time":0.1,"x":-0.03,"y":-5.08},{"time":0.3497,"x":-0.2,"y":15.79},{"time":0.5497,"x":-0.06,"y":-4.3},{"time":0.7164,"x":0.02,"y":3.83},{"time":0.8333}],"shear":[{},{"time":0.1,"x":0.79,"y":4.26},{"time":0.3497,"x":1.44,"y":3.19},{"time":0.5497,"x":0.6,"y":2.22},{"time":0.7164,"x":1.88,"y":1.01},{"time":0.8333}]},"bg":{"rotate":[{},{"time":0.1667,"angle":-3.74},{"time":0.4,"angle":4.37},{"time":0.6,"angle":-4.08},{"time":0.7333,"angle":0.59},{"time":0.8333}],"translate":[{},{"time":0.1333,"y":-1.15},{"time":0.3667,"x":-0.15,"y":12.04},{"time":0.5667,"x":-0.03,"y":-2.24},{"time":0.7333,"x":0.02,"y":3.83},{"time":0.8333}]},"c_bot_L_01":{"rotate":[{},{"time":0.1526,"angle":-0.84},{"time":0.3,"angle":1.12},{"time":0.5,"angle":-0.93},{"time":0.6333,"angle":1.96},{"time":0.8}],"translate":[{},{"time":0.1333,"x":0.54,"y":-3.8},{"time":0.2667,"x":-2.37,"y":7.77},{"time":0.4667,"y":-2.07},{"time":0.6333,"y":0.52},{"time":0.8}],"shear":[{"time":0.1333},{"time":0.3,"x":3.01,"y":2.25},{"time":0.5,"x":-2.56,"y":-1.21},{"time":0.6333}]},"c_bot_R_01":{"rotate":[{},{"time":0.1,"angle":-5.08},{"time":0.3146,"angle":6.13},{"time":0.5333,"angle":0.84},{"time":0.7,"angle":2.91},{"time":0.8333}],"translate":[{},{"time":0.1,"x":0.59,"y":-1.87},{"time":0.2836,"y":9.12},{"time":0.5333,"x":-0.59,"y":-1.38},{"time":0.6831,"y":2.07},{"time":0.8333}],"shear":[{"time":0.1},{"time":0.3146,"x":5.35,"y":4.12},{"time":0.5333,"x":-2.82,"y":-0.9},{"time":0.7}]},"c_bot_R_02":{"rotate":[{},{"time":0.1,"angle":-0.72},{"time":0.3,"angle":3.61},{"time":0.5,"angle":-4.1},{"time":0.7333}],"translate":[{},{"time":0.1,"y":-1.99},{"time":0.3,"y":3.1},{"time":0.5,"y":-1.11},{"time":0.7333}]}},"deform":{"default":{"h_cb_c_t_bg_BL":{"h_cb_c_t_bg_BL":[{"time":0.1667},{"time":0.3667,"offset":6,"vertices":[-2.07753,18.67222]},{"time":0.5333,"offset":2,"vertices":[-9.68195,-13.15558,0,0,-0.69759,6.26975]},{"time":0.6333}]}}}}}}