{"skeleton":{"hash":"P1cYEKPcDP4","spine":"3.8-from-4.0-from-4.1.23","images":"./donghua/broadcast_cion/","audio":""},"bones":[{"name":"root","y":54},{"name":"cion1","parent":"root","y":-54}],"slots":[{"name":"cion1","bone":"cion1"}],"skins":[{"name":"default","attachments":{"cion1":{"cion1":{"y":54,"width":678,"height":114},"cion2":{"y":54,"width":678,"height":114},"cion3":{"y":54,"width":678,"height":114},"cion4":{"y":54,"width":678,"height":114},"cion5":{"y":54,"width":678,"height":114},"cion6":{"y":54,"width":678,"height":114},"cion7":{"y":54,"width":678,"height":114},"cion8":{"y":54,"width":678,"height":114},"cion9":{"x":3,"y":54,"width":678,"height":114},"cion10":{"y":54,"width":678,"height":114},"cion11":{"y":54,"width":678,"height":114},"cion12":{"y":54,"width":678,"height":114},"cion13":{"y":54,"width":678,"height":114},"cion14":{"y":54,"width":678,"height":114},"cion15":{"y":54,"width":678,"height":114},"cion16":{"y":54,"width":678,"height":114},"cion17":{"y":54,"width":678,"height":114},"cion18":{"y":54,"width":678,"height":114}}}}],"animations":{"cion":{"slots":{"cion1":{"attachment":[{"name":"cion1"},{"time":0.0667,"name":"cion2"},{"time":0.1333,"name":"cion3"},{"time":0.2,"name":"cion4"},{"time":0.2667,"name":"cion5"},{"time":0.3333,"name":"cion6"},{"time":0.4,"name":"cion7"},{"time":0.4333,"name":"cion8"},{"time":0.5,"name":"cion9"},{"time":0.5667,"name":"cion10"},{"time":0.6333,"name":"cion11"},{"time":0.7,"name":"cion12"},{"time":0.7667,"name":"cion13"},{"time":0.8333,"name":"cion14"},{"time":0.9,"name":"cion15"},{"time":0.9667,"name":"cion16"},{"time":1.0333,"name":"cion17"},{"time":1.1,"name":"cion18"},{"time":1.1667,"name":null}]}}}}}