{"skeleton":{"hash":"O2EBJRf8abg","spine":"3.8-from-4.0-from-4.1.23","x":-384.77,"y":-115.15,"width":758.71,"height":294.63,"images":"","audio":"F:/gongzuo/fortunemouse/鼠下底光"},"bones":[{"name":"root"},{"name":"guanga","parent":"root","rotation":45,"y":-105.46},{"name":"guangb","parent":"root","y":-105.46},{"name":"guangdi","parent":"root","x":-1.04,"y":-8.33,"scaleX":2,"scaleY":2},{"name":"lizi","parent":"root","y":18.97,"scaleX":2.4,"scaleY":2.4}],"slots":[{"name":"cai","bone":"root","attachment":"cai"},{"name":"guangdi00","bone":"guangdi","attachment":"guangdi14"},{"name":"lizi00","bone":"lizi","attachment":"lizi14"},{"name":"guang","bone":"guanga","attachment":"guang","blend":"additive"},{"name":"guang2","bone":"guangb","attachment":"guang","blend":"additive"}],"skins":[{"name":"default","attachments":{"cai":{"cai":{"type":"clipping","end":"guang2","vertexCount":4,"vertices":[-384.77,179.48,373.94,178.21,372.68,-115.15,-383.51,-115.15],"color":"ce3a3aff"}},"guang":{"guang":{"width":545,"height":518}},"guang2":{"guang":{"width":545,"height":518}},"guangdi00":{"guangdi00":{"width":300,"height":200},"guangdi01":{"width":300,"height":200},"guangdi02":{"width":300,"height":200},"guangdi03":{"width":300,"height":200},"guangdi04":{"width":300,"height":200},"guangdi05":{"width":300,"height":200},"guangdi06":{"width":300,"height":200},"guangdi07":{"width":300,"height":200},"guangdi08":{"width":300,"height":200},"guangdi09":{"width":300,"height":200},"guangdi10":{"width":300,"height":200},"guangdi11":{"width":300,"height":200},"guangdi12":{"width":300,"height":200},"guangdi13":{"width":300,"height":200},"guangdi14":{"width":300,"height":200}},"lizi00":{"lizi00":{"width":400,"height":250},"lizi01":{"width":400,"height":250},"lizi02":{"width":400,"height":250},"lizi03":{"width":400,"height":250},"lizi04":{"width":400,"height":250},"lizi05":{"width":400,"height":250},"lizi06":{"width":400,"height":250},"lizi07":{"width":400,"height":250},"lizi08":{"width":400,"height":250},"lizi09":{"width":400,"height":250},"lizi10":{"width":400,"height":250},"lizi11":{"width":400,"height":250},"lizi12":{"width":400,"height":250},"lizi13":{"width":400,"height":250},"lizi14":{"width":400,"height":250}}}}],"animations":{"animation":{"slots":{"guang":{"color":[{"color":"ffffff00"},{"time":1,"color":"ffffff59"},{"time":2,"color":"ffffff00"},{"time":3,"color":"ffffff59"},{"time":4,"color":"ffffff00"}]},"guang2":{"color":[{"color":"ffffff59"},{"time":1,"color":"ffffff00"},{"time":2,"color":"ffffff59"},{"time":3,"color":"ffffff00"},{"time":4,"color":"ffffff59"}]},"guangdi00":{"color":[{"color":"ffffff9a"}],"attachment":[{"name":"guangdi00"},{"time":0.0667,"name":"guangdi01"},{"time":0.1333,"name":"guangdi02"},{"time":0.2,"name":"guangdi03"},{"time":0.2667,"name":"guangdi04"},{"time":0.3333,"name":"guangdi05"},{"time":0.4,"name":"guangdi06"},{"time":0.4667,"name":"guangdi07"},{"time":0.5333,"name":"guangdi08"},{"time":0.6,"name":"guangdi09"},{"time":0.6667,"name":"guangdi10"},{"time":0.7333,"name":"guangdi11"},{"time":0.8,"name":"guangdi12"},{"time":0.8667,"name":"guangdi13"},{"time":0.9333,"name":"guangdi14"},{"time":1,"name":"guangdi00"},{"time":1.0667,"name":"guangdi01"},{"time":1.1333,"name":"guangdi02"},{"time":1.2,"name":"guangdi03"},{"time":1.2667,"name":"guangdi04"},{"time":1.3333,"name":"guangdi05"},{"time":1.4,"name":"guangdi06"},{"time":1.4667,"name":"guangdi07"},{"time":1.5333,"name":"guangdi08"},{"time":1.6,"name":"guangdi09"},{"time":1.6667,"name":"guangdi10"},{"time":1.7333,"name":"guangdi11"},{"time":1.8,"name":"guangdi12"},{"time":1.8667,"name":"guangdi13"},{"time":1.9333,"name":"guangdi14"},{"time":2,"name":"guangdi00"},{"time":2.0667,"name":"guangdi01"},{"time":2.1333,"name":"guangdi02"},{"time":2.2,"name":"guangdi03"},{"time":2.2667,"name":"guangdi04"},{"time":2.3333,"name":"guangdi05"},{"time":2.4,"name":"guangdi06"},{"time":2.4667,"name":"guangdi07"},{"time":2.5333,"name":"guangdi08"},{"time":2.6,"name":"guangdi09"},{"time":2.6667,"name":"guangdi10"},{"time":2.7333,"name":"guangdi11"},{"time":2.8,"name":"guangdi12"},{"time":2.8667,"name":"guangdi13"},{"time":2.9333,"name":"guangdi14"},{"time":3,"name":"guangdi00"},{"time":3.0667,"name":"guangdi01"},{"time":3.1333,"name":"guangdi02"},{"time":3.2,"name":"guangdi03"},{"time":3.2667,"name":"guangdi04"},{"time":3.3333,"name":"guangdi05"},{"time":3.4,"name":"guangdi06"},{"time":3.4667,"name":"guangdi07"},{"time":3.5333,"name":"guangdi08"},{"time":3.6,"name":"guangdi09"},{"time":3.6667,"name":"guangdi10"},{"time":3.7333,"name":"guangdi11"},{"time":3.8,"name":"guangdi12"},{"time":3.8667,"name":"guangdi13"},{"time":3.9333,"name":"guangdi14"},{"time":4,"name":"guangdi00"}]},"lizi00":{"attachment":[{"name":"lizi00"},{"time":0.0667,"name":"lizi01"},{"time":0.1333,"name":"lizi02"},{"time":0.2,"name":"lizi03"},{"time":0.2667,"name":"lizi04"},{"time":0.3333,"name":"lizi05"},{"time":0.4,"name":"lizi06"},{"time":0.4667,"name":"lizi07"},{"time":0.5333,"name":"lizi08"},{"time":0.6,"name":"lizi09"},{"time":0.6667,"name":"lizi10"},{"time":0.7333,"name":"lizi11"},{"time":0.8,"name":"lizi12"},{"time":0.8667,"name":"lizi13"},{"time":0.9333,"name":"lizi14"},{"time":1,"name":"lizi00"},{"time":1.0667,"name":"lizi01"},{"time":1.1333,"name":"lizi02"},{"time":1.2,"name":"lizi03"},{"time":1.2667,"name":"lizi04"},{"time":1.3333,"name":"lizi05"},{"time":1.4,"name":"lizi06"},{"time":1.4667,"name":"lizi07"},{"time":1.5333,"name":"lizi08"},{"time":1.6,"name":"lizi09"},{"time":1.6667,"name":"lizi10"},{"time":1.7333,"name":"lizi11"},{"time":1.8,"name":"lizi12"},{"time":1.8667,"name":"lizi13"},{"time":1.9333,"name":"lizi14"},{"time":2,"name":"lizi00"},{"time":2.0667,"name":"lizi01"},{"time":2.1333,"name":"lizi02"},{"time":2.2,"name":"lizi03"},{"time":2.2667,"name":"lizi04"},{"time":2.3333,"name":"lizi05"},{"time":2.4,"name":"lizi06"},{"time":2.4667,"name":"lizi07"},{"time":2.5333,"name":"lizi08"},{"time":2.6,"name":"lizi09"},{"time":2.6667,"name":"lizi10"},{"time":2.7333,"name":"lizi11"},{"time":2.8,"name":"lizi12"},{"time":2.8667,"name":"lizi13"},{"time":2.9333,"name":"lizi14"},{"time":3,"name":"lizi00"},{"time":3.0667,"name":"lizi01"},{"time":3.1333,"name":"lizi02"},{"time":3.2,"name":"lizi03"},{"time":3.2667,"name":"lizi04"},{"time":3.3333,"name":"lizi05"},{"time":3.4,"name":"lizi06"},{"time":3.4667,"name":"lizi07"},{"time":3.5333,"name":"lizi08"},{"time":3.6,"name":"lizi09"},{"time":3.6667,"name":"lizi10"},{"time":3.7333,"name":"lizi11"},{"time":3.8,"name":"lizi12"},{"time":3.8667,"name":"lizi13"},{"time":3.9333,"name":"lizi14"},{"time":4,"name":"lizi00"}]}},"bones":{"guangb":{"scale":[{},{"time":1,"x":0.8,"y":0.8},{"time":2},{"time":3,"x":0.8,"y":0.8},{"time":4}]},"guanga":{"scale":[{"x":0.8,"y":0.8},{"time":1},{"time":2,"x":0.8,"y":0.8},{"time":3},{"time":4,"x":0.8,"y":0.8}]},"guangdi":{"translate":[{"x":-15.93,"y":14.26}],"scale":[{"x":-1}]},"lizi":{"translate":[{"y":30.54}]}}}}}