{"skeleton":{"hash":"/eeCzjcSu9y1wkGnnZAF+KnIoRg","spine":"3.8.99","x":-31.58,"y":-15,"width":63.48,"height":30,"images":"","audio":""},"bones":[{"name":"root"},{"name":"bone","parent":"root"},{"name":"2","parent":"bone"},{"name":"3","parent":"bone","x":16.9},{"name":"1","parent":"bone","x":-16.57}],"slots":[{"name":"dian00","bone":"2","attachment":"dian00"},{"name":"dian0","bone":"3","attachment":"dian00"},{"name":"dian1","bone":"1","attachment":"dian00"}],"skins":[{"name":"default","attachments":{"dian0":{"dian00":{"width":30,"height":30}},"dian00":{"dian00":{"width":30,"height":30}},"dian1":{"dian00":{"width":30,"height":30}}}}],"animations":{"animation":{"bones":{"1":{"translate":[{"time":0.1333,"curve":0.25,"c3":0.75},{"time":0.3667,"y":-20,"curve":0.25,"c3":0.75},{"time":0.6}]},"2":{"translate":[{"time":0.0667,"curve":0.25,"c3":0.75},{"time":0.3,"y":-20,"curve":0.25,"c3":0.75},{"time":0.5333}]},"3":{"translate":[{"curve":0.25,"c3":0.75},{"time":0.2333,"y":-20,"curve":0.25,"c3":0.75},{"time":0.4667}]},"bone":{"translate":[{"y":10}]}}}}}