{"skeleton":{"hash":"jUgPdpwcNA0q1csMn/OYLT6srps","spine":"3.8.75","images":"D:/H5GameProject/Client/brabet/assets/bundles/Game1050/atlas/spine","audio":"./images/"},"bones":[{"name":"root"},{"name":"yupei","parent":"root","scaleX":1.05,"scaleY":1.05},{"name":"yupei_quan","parent":"yupei","x":-17.19,"y":-9.51,"color":"ffcd00ff"},{"name":"yupei_quan2","parent":"yupei_quan","length":22.8,"rotation":163.78,"x":-31.47,"y":-37.62,"color":"ffcd00ff"},{"name":"yupei_quan3","parent":"yupei_quan2","length":23.51,"rotation":-70.87,"x":33.14,"y":-12.74,"color":"ffcd00ff"},{"name":"yupei_quan4","parent":"yupei_quan3","length":14.81,"rotation":-33.61,"x":35.87,"y":-7.8,"color":"ffcd00ff"},{"name":"yupei_xu2","parent":"yupei_quan4","rotation":-59.3,"x":35.79,"y":21.07,"color":"00ff18ff"},{"name":"yupei_quan5","parent":"yupei_quan","length":14.74,"rotation":-35.1,"x":-15.35,"y":-44.4,"color":"ffcd00ff"},{"name":"yupei_quan6","parent":"yupei_quan5","length":24.05,"rotation":50.83,"x":38.88,"y":0.23,"color":"ffcd00ff"},{"name":"yupei_quan7","parent":"yupei_quan6","length":18.59,"rotation":76.28,"x":41.65,"y":9.6,"color":"ffcd00ff"},{"name":"yupei_quan8","parent":"yupei_quan7","length":17.56,"rotation":-23.81,"x":32.55,"y":-11.25,"color":"ffcd00ff"},{"name":"yupei_xu1","parent":"yupei_quan8","rotation":-68.2,"x":24.8,"y":-13.22,"color":"00bbffff"},{"name":"yupei_quan9","parent":"yupei_quan","x":18.55,"y":49.16,"color":"ffcd00ff"},{"name":"yupei_shang","parent":"yupei_quan9","x":-6.53,"y":22.98,"color":"ff0000ff"},{"name":"yupei_shang2","parent":"yupei_shang","length":11.24,"rotation":20.73,"x":-5.82,"y":13.66,"color":"ff0000ff"},{"name":"yupei_shang3","parent":"yupei_shang2","length":16.15,"rotation":-14.16,"x":18.26,"y":-0.69,"color":"ff0000ff"},{"name":"yupei_shang4","parent":"yupei_shang3","length":14.19,"rotation":-76.68,"x":26.02,"y":-3.71,"color":"ff0000ff"},{"name":"yupei_shang5","parent":"yupei_shang4","length":10.6,"rotation":31.1,"x":29.34,"y":-3.21,"color":"ff0000ff"},{"name":"yupei_shang6","parent":"yupei_shang5","length":7.66,"rotation":118.33,"x":20.46,"y":9.27,"color":"ff0000ff"},{"name":"yupei_xu3","parent":"yupei_xu1","x":1.76,"y":-3.53,"color":"00bbffff"},{"name":"yupei_xu4","parent":"yupei_xu3","length":14.07,"rotation":-93.39,"x":0.48,"y":-5.47,"color":"00bbffff"},{"name":"yupei_xu5","parent":"yupei_xu4","length":7.59,"rotation":12.41,"x":15,"y":0.41,"color":"00bbffff"},{"name":"yupei_xu6","parent":"yupei_xu5","x":17.64,"y":6.36,"color":"00bbffff"},{"name":"yupei_xu7","parent":"yupei_xu2","x":-1.72,"y":-5.36,"color":"00ff18ff"},{"name":"yupei_xu8","parent":"yupei_xu7","length":10.92,"rotation":-108.85,"x":-1.51,"y":-7.56,"color":"00ff18ff"},{"name":"yupei_xu9","parent":"yupei_xu8","length":9.13,"rotation":-5.59,"x":11.44,"y":-0.75,"color":"00ff18ff"},{"name":"yupei_xu10","parent":"yupei_xu9","length":10.96,"rotation":7.05,"x":11.27,"y":-0.14,"color":"00ff18ff"},{"name":"yupei_quan111","parent":"yupei_quan","x":-37.21,"y":47.7},{"name":"yupei_quan10","parent":"yupei_quan","x":1.92,"y":11.58},{"name":"yupei_quan11","parent":"yupei_quan","x":49.18,"y":-26.65},{"name":"yupei_shang1","parent":"yupei_shang","x":-7.35,"y":19.82,"color":"0084ffff"},{"name":"yupei_shang8","parent":"yupei_shang","x":30.59,"y":16.24,"color":"0084ffff"},{"name":"yupei_shang7","parent":"yupei_shang6","rotation":-79.32,"x":4.5,"y":23.13,"color":"0084ffff"}],"slots":[{"name":"yupei_di","bone":"yupei","color":"ffffff64","attachment":"yupei_di"},{"name":"yupei_xu2","bone":"yupei_xu2","attachment":"yupei_xu2"},{"name":"yupei_quan","bone":"yupei_quan","attachment":"yupei_quan"},{"name":"yupei_shang","bone":"yupei_shang","attachment":"yupei_shang"},{"name":"yupei_quan3","bone":"yupei_quan11","blend":"additive"},{"name":"yupei_quan111","bone":"yupei_quan111","blend":"additive"},{"name":"yupei_quan2","bone":"yupei_quan10","blend":"additive"},{"name":"yupei_xu1","bone":"yupei_xu1","attachment":"yupei_xu1"},{"name":"yupei_shang1","bone":"yupei_shang1","blend":"additive"},{"name":"yupei_shang2","bone":"yupei_shang8","blend":"additive"},{"name":"yupei_shang3","bone":"yupei_shang7","blend":"additive"}],"skins":[{"name":"default","attachments":{"yupei_xu1":{"yupei_xu1":{"type":"mesh","uvs":[0.23343,0,0.13029,0.1069,0.17789,0.2259,0.12501,0.36306,0.10385,0.51231,0.11178,0.72611,0.22285,0.92175,0.38945,1,0.61423,1,0.80463,0.90965,0.92098,0.81283,1,0.74224,0.94214,0.61114,0.87603,0.53046,0.61423,0.4639,0.54831,0.4165,0.52167,0.39734,0.58249,0.28843,0.55076,0.22994,0.58514,0.09077,0.43176,0,0.29954,0.21783,0.41589,0.20775,0.32863,0.48609,0.58514,0.5466,0.34978,0.63534,0.64861,0.73216,0.37358,0.5466,0.36036,0.33078,0.32334,0.11094],"triangles":[9,8,26,8,7,26,26,7,25,7,6,25,9,26,10,11,10,12,10,26,12,26,13,12,26,24,13,6,5,25,25,24,26,24,14,13,5,4,25,25,27,24,25,4,27,27,4,23,24,27,15,27,23,15,24,15,14,23,16,15,4,3,23,23,3,28,28,3,2,23,28,16,28,2,21,16,28,17,18,28,22,28,18,17,28,21,22,18,22,19,21,2,29,21,29,22,29,2,1,22,29,19,1,0,29,29,20,19,29,0,20],"vertices":[2,19,-5.24,7.02,0.9984,20,-12.14,-6.44,0.0016,1,19,-9.88,0.71,1,2,19,-7.74,-6.31,0.24544,20,1.32,-8.15,0.75456,3,19,-10.12,-14.4,0.001,20,9.54,-10.04,0.98328,21,-7.58,-9.04,0.01572,3,20,18.38,-10.47,0.53525,21,0.97,-11.36,0.46442,22,-16.67,-17.72,3.3E-4,3,20,30.95,-9.37,0.08517,21,13.48,-12.98,0.408,22,-4.15,-19.34,0.50683,1,22,8.03,-16.22,1,1,22,13.76,-9.53,1,2,21,32.99,6.81,0.0036,22,15.35,0.46,0.9964,1,22,11.43,9.75,1,2,21,24.24,22.18,0.01328,22,6.61,15.82,0.98672,1,22,3.05,19.98,1,1,22,-5,18.63,1,1,22,-10.16,16.43,1,2,21,1.75,11.77,0.504,22,-15.89,5.41,0.496,2,20,11.56,9.16,0.30561,21,-1.48,9.28,0.69439,2,20,10.5,7.89,0.52116,21,-2.78,8.27,0.47884,4,19,10.47,-10,0.02983,20,3.92,10.25,0.89862,21,-8.7,11.98,0.07104,22,-26.34,5.63,5.1E-4,3,19,9.04,-6.54,0.1579,20,0.56,8.62,0.8203,21,-12.33,11.11,0.02181,1,19,10.59,1.67,1,2,19,3.69,7.02,0.99218,20,-12.66,2.47,0.00782,2,19,-2.26,-5.83,0.12975,20,0.52,-2.71,0.87025,3,19,2.97,-5.24,0.11404,20,-0.39,2.48,0.8846,21,-14.58,5.33,0.00136,2,20,16.24,-0.47,0.13473,21,1.03,-1.13,0.86527,3,20,19.12,11.27,0.0042,21,6.36,9.71,0.60789,22,-11.28,3.36,0.38791,3,20,24.97,1,0.02787,21,9.87,-1.57,0.48,22,-7.76,-7.92,0.49213,1,22,-0.01,4.46,1,2,21,4.87,0.31,0.9974,22,-12.77,-6.05,0.0026,3,20,7.01,0.42,0.99575,21,-7.8,1.72,0.00417,22,-25.44,-4.64,8.0E-5,1,19,-1.19,0.48,1],"hull":21,"edges":[0,2,2,4,4,6,6,8,8,10,10,12,12,14,14,16,16,18,18,20,20,22,22,24,24,26,26,28,32,34,34,36,36,38,38,40,0,40,4,42,42,44,44,36,8,46,28,30,30,32,46,30,28,48,48,50,50,10],"width":45,"height":60}},"yupei_xu2":{"yupei_xu2":{"type":"mesh","uvs":[0.71771,0,0.62321,0.04081,0.56809,0.14481,0.44602,0.24881,0.36727,0.40081,0.19796,0.52081,0.0129,0.70481,0,0.82281,0.02077,0.92681,0.13496,0.99281,0.33577,1,0.54052,0.96281,0.68227,0.88281,0.65077,0.76681,0.74527,0.64681,0.87521,0.48881,0.9579,0.35081,0.99334,0.25881,0.93034,0.22681,1,0.13681,1,0.02082,0.81615,0,0.63502,0.20681,0.77677,0.25081,0.78071,0.13481,0.63896,0.41881,0.39484,0.56481,0.38696,0.70281,0.56021,0.51281,0.7059,0.31281],"triangles":[27,11,10,8,7,10,27,10,7,11,13,12,11,27,13,8,10,9,27,7,6,13,27,14,6,5,27,27,26,14,27,5,26,28,25,15,26,28,14,14,28,15,28,26,4,26,5,4,28,4,25,15,25,16,16,25,29,25,4,29,4,3,29,29,23,16,16,23,17,17,23,18,3,22,29,29,22,23,18,23,24,3,2,22,23,22,24,18,24,19,22,2,24,2,1,24,24,20,19,1,0,24,24,21,20,24,0,21],"vertices":[1,23,-2.02,8.24,1,2,23,-5.04,5.67,0.99267,24,-11.38,-7.61,0.00733,3,23,-6.8,-0.88,0.60401,24,-4.61,-7.17,0.37626,25,-15.35,-7.95,0.01973,1,24,2.85,-8.75,1,3,24,12.73,-8.04,0.01112,25,1.99,-7.12,0.96059,26,-10.07,-5.79,0.02829,2,25,11.12,-8.93,0.32745,26,-1.23,-8.7,0.67255,1,26,11.6,-10.89,1,1,26,18.82,-9.06,1,1,26,24.87,-6.47,1,1,26,27.74,-1.74,1,1,26,26.26,4.53,1,1,26,22.06,10.08,1,2,25,25.46,14.62,1.2E-4,26,15.9,12.9,0.99988,1,26,9.22,9.76,1,3,24,23.49,8.42,0.08339,25,11.1,10.3,0.4008,26,1.11,10.38,0.51581,3,24,12.72,9.14,0.73544,25,0.31,9.97,0.25647,26,-9.64,11.37,0.00809,2,23,5.67,-13.86,0.00275,24,3.64,8.83,0.99725,2,23,6.8,-8.06,0.10781,24,-2.21,8.03,0.89219,2,23,4.79,-6.05,0.31084,24,-3.47,5.47,0.68916,1,23,7.02,-0.38,1,1,23,7.02,6.93,1,1,23,1.13,8.24,1,3,23,-4.66,-4.79,0.26872,24,-1.61,-3.88,0.69608,25,-12.68,-4.38,0.0352,2,23,-0.13,-7.56,0.05609,24,-0.45,1.31,0.94391,1,23,0,-0.25,1,2,24,10.99,0.56,0.624,25,-0.57,1.26,0.376,2,25,11.03,-2.04,0.25515,26,-0.47,-1.86,0.74485,2,25,19.05,1.32,9.5E-4,26,7.9,0.49,0.99905,2,24,17.41,0.09,0.0389,25,5.86,1.42,0.9611,1,24,3.98,0.43,1],"hull":22,"edges":[0,2,2,4,4,6,6,8,8,10,10,12,12,14,14,16,16,18,18,20,20,22,22,24,24,26,26,28,28,30,30,32,32,34,34,36,36,38,38,40,40,42,0,42,4,44,44,46,46,36,8,50,50,30,10,52,52,28],"width":32,"height":63}},"yupei_shang1":{"yupei_shang1":{"x":19.86,"y":-1.28,"width":77,"height":48}},"yupei_shang2":{"yupei_shang2":{"x":-10.26,"y":-6.97,"width":91,"height":61}},"yupei_shang3":{"yupei_shang3":{"x":-20.75,"y":6.01,"width":103,"height":52}},"yupei_quan111":{"yupei_quan1":{"x":23.28,"y":-25.41,"width":136,"height":139}},"yupei_shang":{"yupei_shang":{"type":"mesh","uvs":[0,0.4741,0.03083,0.37607,0.1132,0.18001,0.22588,0.10187,0.30242,0.09543,0.39385,0,0.46402,0,0.63624,0,0.71066,0.12119,0.80208,0.19205,0.87437,0.33053,0.84673,0.44969,0.81566,0.52381,0.78569,0.60811,0.78325,0.6915,0.80588,0.72114,0.83157,0.70354,0.81138,0.65351,0.80282,0.61182,0.80771,0.58032,0.82973,0.54048,0.86704,0.51639,0.89396,0.50806,0.93004,0.54789,0.96368,0.60533,0.98355,0.69151,1,0.77329,1,0.85019,0.95615,0.95272,0.90377,1,0.81352,1,0.73939,1,0.64349,0.9161,0.58789,0.85263,0.54921,0.73545,0.54196,0.59509,0.53273,0.57589,0.48035,0.61861,0.42394,0.61372,0.38526,0.66377,0.36557,0.66772,0.33047,0.67475,0.28453,0.66377,0.19106,0.64424,0.14996,0.56856,0.08066,0.61494,0.01217,0.58199,0,0.53439,0,0.49044,0.32838,0.26652,0.34638,0.40587,0.38738,0.51341,0.55638,0.49372,0.62838,0.31347,0.63838,0.28772,0.70438,0.14837,0.70738,0.71487,0.83138,0.82999,0.21595,0.38887,0.52763,0.32737,0.71153,0.40334,0.95514,0.80128],"triangles":[17,19,20,18,19,17,21,17,20,23,16,17,24,16,23,25,16,24,61,25,26,21,22,23,23,17,21,25,61,16,61,26,27,28,61,27,28,29,57,28,57,61,57,16,61,57,15,16,30,57,29,14,56,13,34,35,56,33,34,56,32,33,56,56,57,31,15,56,14,57,56,15,32,56,31,30,31,57,55,7,8,55,8,9,54,7,55,53,59,54,60,55,9,60,9,10,54,55,60,53,54,60,11,60,10,52,59,53,52,53,60,12,60,11,12,13,60,35,36,52,60,56,52,52,56,35,56,60,13,49,4,5,59,7,54,7,59,6,59,50,49,49,5,6,6,59,49,51,50,59,52,51,59,36,51,52,37,38,51,36,37,51,39,40,51,38,39,51,58,2,3,1,2,58,3,4,49,58,3,49,58,49,50,44,48,0,48,45,47,44,1,58,1,44,0,45,46,47,48,44,45,43,44,58,42,58,50,42,50,51,42,51,41,43,58,42,40,41,51],"vertices":[1,14,-21.72,3.37,1,1,14,-16.4,8.48,1,2,14,-3.74,17.95,0.99447,15,-25.9,12.68,0.00553,1,14,8.99,18.81,1,2,14,16.52,16.43,0.46058,15,-5.88,16.17,0.53942,2,15,4.22,21.54,0.99826,16,-29.59,-15.39,0.00174,3,14,34.38,16.61,0.01378,15,11.4,20.72,0.95381,16,-27.13,-8.6,0.0324,2,15,29.02,18.69,0.58687,16,-21.1,8.09,0.41313,2,15,35.7,9.62,0.20728,16,-10.74,12.49,0.79272,2,15,44.5,3.76,0.00958,16,-3.01,19.71,0.99042,1,16,8.38,23.51,1,2,16,15.03,18.07,0.9906,17,-1.26,25.62,0.0094,2,16,18.68,13.35,0.92864,17,-0.57,19.69,0.07136,3,16,23.02,8.5,0.65827,17,0.64,13.29,0.33799,18,12.95,15.53,0.00373,2,16,28.27,6.33,0.22884,17,4.01,8.73,0.77116,3,16,30.96,7.84,0.03574,17,7.09,8.63,0.4668,18,5.78,12.07,0.49746,1,18,7.45,9.69,1,1,18,10.41,12.36,1,2,17,2.17,14.21,0.05853,18,13.03,13.75,0.94147,1,18,15.23,13.66,1,2,17,1.27,19.72,0.02203,18,18.31,11.93,0.97797,2,17,3.22,23.41,0.00643,18,20.63,8.46,0.99357,2,17,5.02,25.6,0.00137,18,21.7,5.84,0.99863,1,18,19.73,1.68,1,1,18,16.53,-2.45,1,1,18,11.15,-5.54,1,1,18,6,-8.24,1,1,18,0.87,-9.21,1,2,17,29.03,6.14,0.04552,18,-6.82,-6.06,0.95448,2,17,26.86,0.24,0.53911,18,-10.98,-1.36,0.46089,1,17,19.64,-5.61,1,1,17,13.71,-10.42,1,3,15,22.65,-43.28,3.0E-5,16,37.73,-12.4,0.00172,17,2.44,-12.2,0.99825,3,15,17.45,-38.34,0.00424,16,31.73,-16.32,0.05512,17,-4.72,-12.45,0.94064,4,14,24.89,-33.27,7.2E-4,15,14.4,-29.97,0.03893,16,22.88,-17.35,0.26943,17,-12.84,-8.77,0.69091,4,14,27.57,-24.08,0.02995,15,14.75,-20.4,0.25618,16,13.65,-14.81,0.50379,17,-19.43,-1.83,0.21008,3,15,13.95,-19,0.39677,16,12.1,-15.26,0.47989,17,-20.99,-1.41,0.12334,3,15,8.26,-21.27,0.68463,16,13,-21.32,0.28765,17,-23.35,-7.06,0.02771,3,15,2.53,-20.27,0.82007,16,10.71,-26.67,0.17353,17,-28.07,-10.46,0.00639,3,15,-1.82,-23.2,0.88826,16,12.55,-31.58,0.1114,17,-29.02,-15.62,3.4E-4,3,14,8.83,-22.27,0.48877,15,-3.86,-23.23,0.46082,16,12.11,-33.58,0.05042,1,14,5.28,-21.44,1,1,14,1.12,-19.06,1,1,14,-7.41,-14.41,1,2,14,-9.55,-8.1,0.99786,15,-25.15,-14,0.00214,1,14,-17.34,-8.53,1,1,14,-23.15,-3.93,1,1,14,-23.18,-0.46,1,1,14,-22.12,2.33,1,2,14,14.9,4.6,0.52109,15,-4.55,4.31,0.47891,3,14,13.29,-4.91,0.59988,15,-3.79,-5.32,0.39459,16,-5.3,-29.38,0.00553,4,14,14.65,-13.25,0.44694,15,-0.43,-13.07,0.5018,16,3.01,-27.89,0.05092,17,-35.29,-7.54,3.4E-4,4,14,31.4,-18.16,0.02305,15,17.01,-13.73,0.3803,16,7.67,-11.07,0.55227,17,-22.61,4.46,0.04438,2,15,25.78,-2.4,0.0605,16,-1.33,0.07,0.9395,2,15,27.01,-0.77,0.09417,16,-2.63,1.64,0.90583,2,15,34.84,7.86,0.18367,16,-9.23,11.25,0.81633,4,15,30.75,-30.44,3.6E-4,16,27.1,-1.56,0.13749,17,-1.06,2.57,0.86074,18,4.32,22.11,0.00141,3,16,38.81,7.79,4.6E-4,17,13.79,4.53,0.59638,18,-1,8.11,0.40316,1,14,1.13,0.92,1,3,14,32.63,-6.53,5.5E-4,15,15.36,-2.15,0.93095,16,-3.97,-10.01,0.06849,1,16,7.33,6.05,1,1,18,3.28,-4.05,1],"hull":49,"edges":[0,2,2,4,4,6,6,8,8,10,10,12,12,14,14,16,16,18,18,20,20,22,22,24,24,26,26,28,28,30,30,32,32,34,34,36,36,38,38,40,40,42,42,44,44,46,46,48,48,50,50,52,52,54,54,56,56,58,58,60,60,62,62,64,64,66,66,68,68,70,70,72,72,74,74,76,76,78,82,84,84,86,86,88,88,90,90,92,92,94,94,96,0,96,8,98,98,100,100,102,78,80,80,82,102,80,72,104,104,106,108,110,68,112,112,28,30,114,114,58,108,106],"width":103,"height":68}},"yupei_di":{"yupei_di":{"x":1.84,"y":0.61,"width":215,"height":210}},"yupei_quan":{"yupei_quan":{"type":"mesh","uvs":[0.46119,1,0.31568,1,0.14753,0.92907,0.03799,0.72513,1.0E-5,0.54605,0,0.33734,0.06092,0.23968,0.11696,0.17936,0.13518,0.13531,0.13113,0.10793,0.07608,0.13258,0.05908,0.05956,0.08579,0,0.16432,0,0.20479,0.03491,0.21613,0.07416,0.31911,0.01462,0.41383,0,0.5304,0,0.66316,0.02375,0.74573,0.08764,0.84125,0.1853,0.88416,0.27293,0.9044,0.35416,0.98373,0.36785,1,0.39615,1,0.46096,0.97887,0.49564,0.94649,0.48925,0.92383,0.46278,0.92464,0.50568,0.92433,0.63509,0.90086,0.70628,0.83609,0.81216,0.77763,0.89587,0.65719,0.97828,0.335,0.39595,0.38357,0.32566,0.46695,0.28003,0.54305,0.28642,0.59729,0.33936,0.59809,0.45345,0.59971,0.51917,0.56814,0.58489,0.48233,0.65334,0.46695,0.65425,0.40219,0.68346,0.39248,0.6716,0.33986,0.64056,0.3261,0.63052,0.28157,0.56207,0.284,0.49544,0.20725,0.16903,0.19126,0.28779,0.1969,0.4002,0.17809,0.4564,0.1085,0.49881,0.10379,0.57622,0.12166,0.64303,0.16304,0.60273,0.24392,0.60273,0.29847,0.63667,0.32104,0.68014,0.35064,0.64692,0.3673,0.68565,0.4312,0.7122,0.47627,0.78121,0.47088,0.86236,0.46954,0.91696,0.53478,0.89042,0.60339,0.85326,0.61752,0.84946,0.64644,0.8343,0.55362,0.77969,0.55362,0.6993,0.5711,0.61512,0.62895,0.55142,0.69756,0.54156,0.74195,0.49378,0.7776,0.45965,0.84219,0.40949,0.89937,0.36551,0.22879,0.74044,0.36138,0.7948,0.10289,0.34933,0.70021,0.85823,0.0962,0.67853,0.3316,0.20934,0.51166,0.18753,0.72744,0.32175,0.76551,0.6055,0.73058,0.69958,0.847,0.53111],"triangles":[88,17,18,88,18,19,87,16,17,87,17,88,15,16,87,52,15,87,38,87,88,20,39,88,20,88,19,38,88,39,53,52,87,89,39,20,89,20,21,89,21,22,37,87,38,40,39,89,81,22,23,80,89,22,36,87,37,53,87,36,54,53,36,81,80,22,41,40,89,79,89,80,78,41,89,29,24,25,24,81,23,26,29,25,29,81,24,80,81,29,28,29,26,79,78,89,27,28,26,77,42,41,92,80,29,92,29,30,79,80,92,78,77,41,76,42,77,38,39,41,41,39,40,43,41,42,92,90,78,92,78,79,77,78,90,41,37,38,41,36,37,43,36,41,31,92,30,31,90,92,32,90,31,43,42,76,75,43,76,75,44,43,74,44,75,91,77,90,91,90,32,91,73,74,33,91,32,76,91,75,91,76,77,85,72,91,75,91,74,72,73,91,33,85,91,34,85,33,9,12,13,9,13,14,9,14,15,11,12,9,10,11,9,8,9,15,52,8,15,52,7,8,53,7,52,6,7,53,84,6,53,5,6,84,84,53,54,55,84,54,51,54,36,55,54,51,56,84,55,56,5,84,50,55,51,56,4,5,57,4,56,59,57,56,56,55,59,58,57,59,86,4,57,60,55,50,60,59,55,50,51,49,61,60,50,49,61,50,86,57,58,3,4,86,82,59,60,82,60,61,82,61,62,58,59,82,82,86,58,82,3,86,2,3,82,83,2,82,71,73,72,70,73,71,69,73,70,69,67,73,68,67,69,85,71,72,35,85,34,35,71,85,0,68,69,35,0,69,70,35,69,35,70,71,63,48,49,36,63,51,43,63,36,51,63,49,63,43,45,44,45,43,47,63,45,62,61,49,62,49,48,46,47,45,64,63,47,62,48,63,64,62,63,65,46,45,64,47,46,64,46,65,66,44,74,44,65,45,73,66,74,66,65,44,83,62,64,83,64,65,83,65,66,82,62,83,67,83,66,73,67,66,68,83,67,68,1,83,0,1,68,1,2,83],"vertices":[2,7,36.55,-11.09,0.34427,8,-10.25,-5.34,0.65573,3,7,16.55,-25.15,0.85268,8,-33.78,1.28,0.04786,3,-24.9,31.16,0.09947,2,7,-12.64,-32.74,0.30039,3,5.18,28.91,0.69961,2,3,31.34,4.87,0.8714,4,-17.23,4.07,0.1286,1,4,9.74,9.09,1,2,4,40.8,7.51,0.24604,5,-4.37,15.48,0.75396,1,5,13.37,14.11,1,4,7,-81.07,55.7,3.4E-4,5,25.9,10.61,0.98844,9,97.39,100.39,2.4E-4,10,14.25,128.32,0.01097,4,7,-82.33,62.83,0.001,5,33.11,11.32,0.97715,9,103.84,97.1,6.5E-4,10,21.48,127.91,0.0212,4,7,-85.24,65.78,5.4E-4,5,36.27,13.99,0.98422,9,107.95,97.63,3.3E-4,10,25.02,130.06,0.01491,2,5,28.39,20.07,0.99893,10,18.17,137.28,0.00107,1,5,36.29,28.08,1,2,5,46.21,28.75,0.99864,10,37.12,143.1,0.00136,4,7,-89.92,82.14,2.7E-4,5,52.94,17.41,0.98589,9,123.82,91.5,1.4E-4,10,42.02,130.85,0.01369,4,7,-81.37,81.8,0.00159,5,51.94,8.91,0.96619,9,118.39,84.88,9.3E-4,10,39.71,122.61,0.0313,4,7,-76.45,78.11,0.00306,5,47.89,4.28,0.56952,9,112.47,83.19,0.00184,10,34.99,118.67,0.42558,3,7,-67.39,95.31,0.06767,9,120.73,65.58,0.03854,10,49.65,105.9,0.89379,3,7,-55.62,106.24,0.05986,9,122.35,49.61,0.03259,10,57.59,91.93,0.90755,3,7,-39.6,117.5,0.04584,9,121.67,30.03,0.02183,10,64.86,73.75,0.93233,3,7,-19.32,127.43,0.02964,9,117.35,7.87,0.00946,10,69.86,51.73,0.96091,3,7,-2.49,127.62,0.02016,9,107.35,-5.66,0.00422,10,66.17,35.31,0.97562,4,7,19,124.94,0.00694,5,87.26,-94.48,0.16489,9,92.24,-21.19,4.0E-5,10,58.62,15.01,0.82813,3,7,32.41,118.4,0.00285,5,79.72,-107.34,0.09258,10,49.17,3.47,0.90456,3,7,42.15,110.45,4.1E-4,5,71.05,-116.44,0.02821,10,39.2,-4.18,0.97138,2,5,76.1,-128.94,0.00131,10,42.26,-17.32,0.99869,2,5,73.87,-133.45,3.6E-4,10,39.36,-21.42,0.99964,1,10,30.39,-25.01,1,1,10,24.27,-23.63,1,1,10,23.14,-18.23,1,2,5,58.8,-127.51,7.7E-4,10,25.39,-13.23,0.99923,2,9,44.04,-33.51,2.4E-4,10,19.5,-15.73,0.99976,2,9,24.78,-32.79,0.14171,10,1.58,-22.84,0.85829,2,9,14.31,-28.47,0.40151,10,-9.73,-23.12,0.59849,2,9,-1.07,-17.05,0.88536,10,-28.42,-18.88,0.11464,3,8,45.13,-4.82,0.25786,9,-13.19,-6.79,0.74165,10,-43.65,-14.39,4.9E-4,1,8,22.32,-11.16,1,5,7,-32.54,50.36,0.26646,3,-2.87,-56.16,0.1869,4,29.22,-48.25,0.10122,9,63.86,64.91,0.15074,10,-2.11,82.32,0.29468,5,7,-31.88,63.62,0.21985,3,-7.78,-68.5,0.09568,4,39.27,-56.93,0.02486,9,74.04,56.39,0.15408,10,10.65,78.63,0.50552,5,7,-24.33,77.24,0.15019,3,-19.34,-78.94,0.03731,4,45.34,-71.27,0.00233,9,80.34,42.15,0.12738,10,22.16,68.15,0.6828,5,7,-13.33,83.81,0.11249,3,-31.88,-81.6,0.01895,4,43.74,-83.99,2.5E-4,9,78.94,29.41,0.11218,10,26.03,55.93,0.75612,6,7,-1.34,82.59,0.07254,3,-42.83,-76.57,0.00961,4,35.4,-92.69,7.0E-5,5,46.6,-70.95,0.28026,9,70.74,20.58,0.09122,10,22.09,44.54,0.54629,7,7,8.55,68.76,0.11876,8,33.97,66.8,0.00247,3,-47.71,-60.28,0.01374,4,18.42,-91.96,5.4E-4,5,32.05,-79.75,0.18522,9,53.74,21.04,0.20744,10,6.35,38.1,0.47183,7,7,14.4,60.91,0.147,8,31.57,57.31,0.01174,3,-50.7,-50.96,0.01301,4,8.63,-91.73,6.3E-4,5,23.77,-84.98,0.13113,9,43.95,21.11,0.31921,10,-2.64,34.21,0.37729,7,7,15.69,49.84,0.22375,8,23.81,49.32,0.04291,3,-48.35,-40.07,0.01604,4,-0.88,-85.94,0.00135,5,12.65,-85.42,0.10389,9,34.35,26.75,0.40998,10,-13.7,35.5,0.20207,7,7,9.76,33.21,0.45228,8,7.17,43.41,0.08123,3,-37.35,-26.25,0.03453,4,-10.34,-71.02,0.00516,5,-3.48,-78.23,0.08907,9,24.66,41.52,0.27067,10,-28.52,45.09,0.06706,7,7,7.73,31.61,0.48413,8,4.65,43.98,0.07066,3,-34.91,-25.4,0.04332,4,-10.34,-68.44,0.0068,5,-4.92,-76.08,0.09244,9,24.62,44.1,0.24052,10,-29.61,47.44,0.06214,7,7,1.33,21.8,0.63951,8,-7,42.74,0.03117,3,-25.68,-18.18,0.08895,4,-14.14,-57.35,0.01252,5,-14.22,-68.95,0.07518,9,20.65,55.13,0.12171,10,-37.69,55.93,0.03096,7,7,-1.03,22.31,0.60827,8,-8.1,44.88,0.02244,3,-23.62,-19.42,0.11558,4,-12.29,-55.81,0.01696,5,-13.53,-66.64,0.08655,9,22.47,56.7,0.11618,10,-36.66,58.1,0.03401,7,7,-10.92,21.01,0.45,8,-15.35,51.73,0.00301,3,-13.84,-21.39,0.27088,4,-7.22,-47.22,0.04707,5,-14.07,-56.68,0.1201,9,27.4,65.37,0.07587,10,-35.65,68.03,0.03307,7,7,-13.67,20.9,0.39245,8,-17.17,53.8,0.00132,3,-11.2,-22.19,0.3125,4,-5.61,-44.98,0.06112,5,-13.96,-53.93,0.13225,9,28.98,67.63,0.0678,10,-35.12,70.73,0.03256,6,7,-25.65,24.95,0.18987,3,-1.17,-29.89,0.32666,4,4.96,-38.03,0.1537,5,-9.01,-42.29,0.24019,9,39.44,74.75,0.05124,10,-28.42,81.46,0.03833,6,7,-31.03,33.3,0.14494,3,1.21,-39.54,0.20371,4,14.85,-38.94,0.14896,5,-0.27,-37.57,0.38985,9,49.34,73.99,0.05465,10,-19.05,84.77,0.05789,5,7,-69.54,65.68,0.00364,3,27.18,-82.63,6.3E-4,5,34.97,-1.65,0.48978,9,98.4,85.17,0.00231,10,21.31,114.8,0.50364,6,7,-61.56,49.66,0.00478,3,24.81,-64.89,0.00394,4,46.54,-24.95,0.00168,5,18.38,-8.38,0.38492,9,80.81,88.48,0.00276,10,3.89,110.73,0.60192,6,7,-51.16,36.5,0.01968,3,19.23,-49.08,0.03606,4,29.77,-25.05,0.08635,5,4.47,-17.74,0.4232,9,64.04,88.12,0.00933,10,-11.31,103.63,0.42538,6,7,-48.93,27.83,0.03223,3,19.92,-40.15,0.10118,4,21.56,-21.47,0.34689,5,-4.35,-19.3,0.49014,9,55.78,91.57,0.01378,10,-20.26,103.45,0.01577,6,7,-54.86,15.94,0.00582,3,29.38,-30.82,0.04981,4,15.85,-9.47,0.78875,5,-15.75,-12.47,0.15054,9,49.87,103.48,0.00287,10,-30.47,111.96,0.00221,6,7,-48.88,6.05,0.00242,3,26.92,-19.52,0.14171,4,4.37,-8.1,0.81826,5,-26.07,-17.68,0.03486,9,38.37,104.67,0.00172,10,-41.47,108.41,0.00103,6,7,-40.7,-0.37,7.1E-4,3,21.26,-10.8,0.56536,4,-5.73,-10.59,0.41574,5,-33.1,-25.35,0.01626,9,28.32,102.02,0.00128,10,-49.6,101.92,6.5E-4,6,7,-38.46,8.54,0.01806,3,16.26,-18.51,0.45592,4,-0.08,-17.84,0.43507,5,-24.39,-28.26,0.07944,9,34.08,94.86,0.00702,10,-41.44,97.7,0.00449,6,7,-27.34,16.35,0.12927,3,3.21,-22.31,0.48664,4,-0.77,-31.41,0.1907,5,-17.45,-39.94,0.14766,9,33.6,81.28,0.02789,10,-36.4,85.08,0.01784,7,7,-16.94,17.48,0.31777,8,-21.89,54.18,1.1E-4,3,-7,-20.01,0.4151,4,-6.29,-40.3,0.07811,5,-17.12,-50.4,0.11819,9,28.23,72.3,0.04721,10,-37.69,74.7,0.02352,7,7,-10.11,14.36,0.49957,8,-19.99,46.91,0.00112,3,-12.45,-14.85,0.33095,4,-12.95,-43.76,0.03389,5,-20.75,-56.97,0.07089,9,21.62,68.74,0.04652,10,-42.3,68.77,0.01708,7,7,-8.89,21.27,0.49048,8,-13.87,50.33,0.00502,3,-15.84,-20.99,0.23617,4,-8.26,-48.98,0.03867,5,-13.96,-58.72,0.11289,9,26.39,63.6,0.08308,10,-35.85,65.99,0.03368,7,7,-3.28,18.16,0.63741,8,-12.74,44.02,0.0113,3,-20.14,-16.23,0.15589,4,-14.17,-51.48,0.01885,5,-17.49,-64.07,0.07195,9,20.53,61,0.08099,10,-40.17,61.25,0.02362,7,7,7.78,21.1,0.6697,8,-3.47,37.3,0.072,3,-31.55,-15.43,0.03579,4,-18.66,-62,0.00491,5,-15.41,-75.32,0.05172,9,16.2,50.41,0.14235,10,-39.86,49.81,0.02353,7,7,19.88,17.04,0.58138,8,1.02,25.35,0.25692,3,-41.7,-7.67,0.00118,4,-29.31,-69.04,1.6E-4,5,-20.39,-87.08,0.01747,9,5.66,43.2,0.13697,10,-46.59,38.97,0.00592,5,7,26.09,6.62,0.50021,8,-3.12,13.95,0.46179,5,-31.25,-92.48,0.00221,9,-6.4,44.53,0.03575,10,-58.15,35.31,5.0E-5,4,7,30.59,-0.16,0.3314,8,-5.55,6.18,0.66337,5,-38.36,-96.44,1.0E-4,9,-14.52,45.04,0.00512,4,7,37.28,9.37,0.10041,8,6.08,7.02,0.86722,5,-29.36,-103.84,9.0E-4,9,-10.95,33.95,0.03147,4,7,43.53,20.53,0.05497,8,18.67,9.22,0.78916,5,-18.71,-110.93,0.00163,9,-5.82,22.24,0.15424,4,7,45.14,22.36,0.04383,8,21.11,9.12,0.75938,5,-17.02,-112.68,0.00145,9,-5.34,19.85,0.19534,4,7,47.82,27,0.0298,8,26.4,9.98,0.59688,5,-12.59,-115.7,0.00119,9,-3.25,14.91,0.37213,6,7,30.38,24.69,0.26373,8,13.59,22.04,0.43093,3,-54.11,-11.52,1.3E-4,5,-13.56,-98.14,0.01385,9,5.43,30.21,0.28756,10,-41.56,26.98,0.00381,7,7,23.5,34.49,0.30064,8,16.84,33.57,0.19082,3,-50.77,-23.02,0.00515,4,-17.79,-82.64,3.3E-4,5,-3.26,-92.02,0.04081,9,17.4,29.79,0.42414,10,-30.43,31.43,0.0381,7,7,18.69,46.44,0.23452,8,23.07,44.85,0.06579,3,-50.08,-35.89,0.01238,4,-5.41,-86.21,9.3E-4,5,9.03,-88.15,0.0811,9,29.83,26.41,0.45508,10,-17.7,33.36,0.15021,7,7,21.18,59.8,0.12253,8,35,51.35,0.01586,3,-56.76,-47.72,0.00736,4,3.58,-96.4,1.4E-4,5,22.15,-91.66,0.08693,9,38.97,16.37,0.39606,10,-5.28,27.86,0.37112,6,7,29.77,67.63,0.04953,8,46.49,49.64,0.0025,3,-67.42,-52.35,0.00206,5,29.3,-100.82,0.0465,9,40.04,4.8,0.28732,10,0.37,17.71,0.6121,5,7,31.78,77.74,0.02258,3,-72.59,-61.26,9.2E-4,5,39.23,-103.6,0.0381,9,46.89,-2.9,0.08761,10,9.75,13.43,0.8508,5,7,33.76,85.34,0.01034,3,-76.92,-67.82,3.5E-4,5,46.66,-106.15,0.03,9,51.76,-9.07,0.02437,10,16.69,9.76,0.93495,5,7,38.34,97.7,0.00166,3,-85.25,-78.03,1.0E-5,5,58.62,-111.67,0.02427,9,58.85,-20.18,6.6E-4,10,27.66,2.46,0.97341,3,7,42.43,108.58,3.5E-4,5,69.16,-116.58,0.02553,10,37.32,-4.03,0.97412,6,7,-17.63,-1.9,0.01695,3,-0.08,-1.89,0.97312,4,-21.14,-27.82,0.00465,5,-36.39,-48.23,0.00362,9,13.18,84.54,0.00117,10,-56.39,79.82,4.8E-4,6,7,5.25,4.28,0.97957,8,-18.1,28.63,0.00253,4,-30.36,-49.66,4.6E-4,5,-31.98,-71.52,0.00487,9,4.31,62.57,0.01121,10,-55.64,56.13,0.00137,6,7,-68.44,33.62,1.0E-4,3,36.51,-51.94,2.3E-4,4,38.14,-9.66,8.6E-4,5,2.92,-0.29,0.9987,9,72.17,103.64,5.0E-5,10,-10.14,121.1,6.0E-5,4,7,57.26,29.28,0.00196,8,34.13,4.1,0.43903,5,-11.05,-125.29,1.0E-5,9,-7.13,6.01,0.55899,5,3,23.89,-4.53,0.76659,4,-10.79,-6.05,0.23162,5,-39.83,-24.37,0.00166,9,23.19,106.48,1.1E-4,10,-56.1,103.93,3.0E-5,5,7,-48.99,72.78,0.14234,3,5.44,-82.7,0.04469,4,57.02,-49.09,0.00118,9,91.66,64.5,0.09614,10,23.5,93.18,0.71566,4,7,-26.11,92.83,0.0832,3,-22.7,-94.27,0.01099,9,93.85,34.16,0.06519,10,37.75,66.3,0.84062,5,7,15.05,97.31,0.02349,3,-63.09,-85.19,0.00121,5,60.02,-88.41,0.15652,9,72.59,-1.37,0.02788,10,32.64,25.21,0.7909,5,7,44.59,66.39,0.00415,3,-81.04,-46.39,5.0E-5,5,26.93,-115.5,0.00293,9,30.12,-6.28,0.24869,10,-4.24,3.57,0.74418,4,7,47.85,51.55,1.3E-4,8,45.45,25.47,1.7E-4,5,11.88,-117.61,2.0E-5,9,16.31,0.08,0.99967,1,10,11.14,-5.02,1],"hull":36,"edges":[2,4,4,6,6,8,8,10,10,12,12,14,14,16,16,18,18,20,20,22,22,24,24,26,26,28,28,30,30,32,32,34,34,36,36,38,38,40,40,42,42,44,44,46,46,48,48,50,50,52,52,54,54,56,56,58,58,60,60,62,62,64,64,66,72,74,74,76,76,78,78,80,80,82,84,86,86,88,90,92,98,100,100,102,102,72,30,104,104,106,106,108,108,110,110,112,112,114,114,116,116,118,118,120,120,122,122,124,94,92,90,88,82,84,94,126,126,96,98,126,124,128,128,130,130,132,132,134,134,136,136,138,138,140,142,144,144,146,146,148,148,150,150,152,152,154,154,156,156,158,158,160,160,162,162,46,2,0,0,70,136,0,144,170,66,68,68,70,170,68,116,172,172,6,8,112,154,180,180,64],"width":168,"height":149}},"yupei_quan2":{"yupei_quan2":{"x":10.08,"y":-10.58,"width":160,"height":146}},"yupei_quan3":{"yupei_quan3":{"x":-11.56,"y":10.99,"width":121,"height":115}}}}],"animations":{"animation":{"slots":{"yupei_quan111":{"color":[{"time":0.3,"color":"ffffff00"},{"time":0.4667,"color":"ffffff56"},{"time":0.6333,"color":"ffffff00"}],"attachment":[{"time":0.3,"name":"yupei_quan1"}]},"yupei_shang1":{"color":[{"time":0.3333,"color":"ffffff00"},{"time":0.5,"color":"ffffff79"},{"time":0.6667,"color":"ffffff00"}],"attachment":[{"time":0.3333,"name":"yupei_shang1"}]},"yupei_quan3":{"color":[{"time":0.5,"color":"ffffff00"},{"time":0.6667,"color":"ffffff2f"},{"time":0.8667,"color":"ffffff00"}],"attachment":[{"time":0.5,"name":"yupei_quan3"}]},"yupei_shang2":{"color":[{"time":0.5,"color":"ffffff00"},{"time":0.7,"color":"ffffff8e"},{"time":1,"color":"ffffff00"}],"attachment":[{"time":0.5,"name":"yupei_shang2"}]},"yupei_shang3":{"color":[{"time":0.6667,"color":"ffffff00"},{"time":0.8333,"color":"ffffff5a"},{"time":1.0667,"color":"ffffff00"}],"attachment":[{"time":0.6667,"name":"yupei_shang3"}]},"yupei_quan2":{"color":[{"time":0.3333,"color":"ffffff00"},{"time":0.6,"color":"ffffff79"},{"time":0.8333,"color":"ffffff00"}],"attachment":[{"time":0.3333,"name":"yupei_quan2"}]}},"bones":{"yupei_quan111":{"translate":[{"time":0.3,"x":11.55,"y":-19.56}]},"yupei_xu4":{"rotate":[{"angle":-8.53,"curve":0.276,"c3":0.621,"c4":0.4},{"time":0.4,"angle":7.1,"curve":0.333,"c2":0.33,"c3":0.758},{"time":1.0333,"angle":-18.53,"curve":0.299,"c3":0.636,"c4":0.36},{"time":1.5333,"angle":-5.21,"curve":0.312,"c2":0.24,"c3":0.648,"c4":0.59},{"time":2,"angle":-8.53}]},"yupei_xu5":{"rotate":[{"angle":2.89,"curve":0.276,"c3":0.621,"c4":0.4},{"time":0.4667,"angle":9.89,"curve":0.333,"c2":0.33,"c3":0.758},{"time":1.0667,"angle":-14.6,"curve":0.299,"c3":0.636,"c4":0.36},{"time":1.5333,"angle":6.21,"curve":0.312,"c2":0.24,"c3":0.648,"c4":0.59},{"time":2,"angle":2.89}]},"yupei_xu6":{"rotate":[{"angle":11.01,"curve":0.276,"c3":0.621,"c4":0.4},{"time":0.4667,"angle":18,"curve":0.333,"c2":0.33,"c3":0.758},{"time":1.1667,"angle":-2.98,"curve":0.299,"c3":0.636,"c4":0.36},{"time":1.6667,"angle":14.33,"curve":0.312,"c2":0.24,"c3":0.648,"c4":0.59},{"time":2,"angle":11.01}]},"yupei_xu3":{"rotate":[{"angle":1.56,"curve":0.276,"c3":0.621,"c4":0.4},{"time":0.3333,"angle":8.56,"curve":0.333,"c2":0.33,"c3":0.758},{"time":1,"angle":1.56,"curve":0.299,"c3":0.636,"c4":0.36},{"time":1.5,"angle":4.88,"curve":0.312,"c2":0.24,"c3":0.648,"c4":0.59},{"time":2,"angle":1.56}]},"yupei_xu8":{"rotate":[{"angle":0.61,"curve":0.25,"c3":0.625,"c4":0.5},{"time":0.3333,"angle":-10.83,"curve":0.375,"c2":0.5,"c3":0.75},{"time":1,"angle":0.61,"curve":0.335,"c2":0.35,"c3":0.669,"c4":0.69},{"time":1.5,"angle":-1.45,"curve":0.335,"c2":0.36,"c3":0.669,"c4":0.69},{"time":2,"angle":0.61}]},"yupei_xu10":{"rotate":[{"angle":-12.74,"curve":0.338,"c2":0.35,"c3":0.671,"c4":0.68},{"time":0.3333,"angle":-11.4,"curve":0.344,"c2":0.37,"c3":0.679,"c4":0.71},{"time":0.6667,"angle":-15.37,"curve":0.375,"c2":0.5,"c3":0.75},{"time":1.3333,"angle":-2.72,"curve":0.338,"c2":0.35,"c3":0.672,"c4":0.68},{"time":1.8333,"angle":-13.45,"curve":0.335,"c2":0.34,"c3":0.669,"c4":0.67},{"time":2,"angle":-12.74}]},"yupei_xu9":{"rotate":[{"angle":-7.14,"curve":0.335,"c2":0.34,"c3":0.668,"c4":0.68},{"time":0.1667,"angle":-6.48,"curve":0.343,"c2":0.38,"c3":0.677,"c4":0.72},{"time":0.5,"angle":-10.46,"curve":0.375,"c2":0.5,"c3":0.75},{"time":1.1667,"angle":2.7,"curve":0.338,"c2":0.36,"c3":0.671,"c4":0.69},{"time":1.6667,"angle":-8.54,"curve":0.337,"c2":0.35,"c3":0.67,"c4":0.68},{"time":2,"angle":-7.14}]},"yupei_xu7":{"rotate":[{"angle":-1.49,"curve":0.282,"c2":0.15,"c3":0.641,"c4":0.58},{"time":0.2667,"angle":-11.42,"curve":0.375,"c2":0.5,"c3":0.75},{"time":0.9333,"angle":-1.17,"curve":0.336,"c2":0.34,"c3":0.669,"c4":0.68},{"time":1.4333,"angle":-3.22,"curve":0.336,"c2":0.35,"c3":0.67,"c4":0.68},{"time":1.9333,"angle":-1.17,"curve":0.305,"c3":0.64,"c4":0.36},{"time":2,"angle":-1.49}]},"yupei_quan":{"translate":[{},{"time":1,"y":1.84},{"time":2}],"scale":[{},{"time":1,"x":1.02,"y":1.02},{"time":2}]},"yupei_shang2":{"rotate":[{"angle":0.3,"curve":0.336,"c2":0.34,"c3":0.669,"c4":0.68},{"time":0.1667,"angle":5.63,"curve":0.348,"c2":0.42,"c3":0.682,"c4":0.75},{"time":1,"angle":1.15,"curve":0.356,"c2":0.65,"c3":0.691},{"time":2,"angle":0.3}]},"yupei_shang6":{"rotate":[{"angle":2.34,"curve":0.32,"c2":0.29,"c3":0.672,"c4":0.68},{"time":1,"angle":3.19,"curve":0.382,"c2":0.57,"c3":0.737},{"time":2,"angle":2.34}]},"yupei_shang5":{"rotate":[{"angle":2.21,"curve":0.325,"c2":0.31,"c3":0.675,"c4":0.69},{"time":1,"angle":3.07,"curve":0.382,"c2":0.57,"c3":0.735},{"time":2,"angle":2.21}]},"yupei_shang4":{"rotate":[{"angle":1.54,"curve":0.343,"c2":0.36,"c3":0.686,"c4":0.73},{"time":1,"angle":2.4,"curve":0.379,"c2":0.6,"c3":0.724},{"time":2,"angle":1.54}]},"yupei_shang3":{"rotate":[{"angle":0.88,"curve":0.351,"c2":0.4,"c3":0.689,"c4":0.75},{"time":1,"angle":1.73,"curve":0.371,"c2":0.62,"c3":0.71},{"time":2,"angle":0.88}]},"yupei_quan5":{"rotate":[{"curve":0.25,"c3":0.75},{"time":1,"angle":0.49,"curve":0.25,"c3":0.75},{"time":2}]},"yupei_quan8":{"rotate":[{"curve":0.25,"c3":0.75},{"time":1,"angle":0.49,"curve":0.25,"c3":0.75},{"time":2}]},"yupei_quan7":{"rotate":[{"curve":0.25,"c3":0.75},{"time":1,"angle":0.49,"curve":0.25,"c3":0.75},{"time":2}]},"yupei_quan6":{"rotate":[{"curve":0.25,"c3":0.75},{"time":1,"angle":0.49,"curve":0.25,"c3":0.75},{"time":2}]},"yupei_quan4":{"rotate":[{"curve":0.25,"c3":0.75},{"time":1,"angle":2.89,"curve":0.25,"c3":0.75},{"time":2}]},"yupei_xu1":{"rotate":[{"angle":3.22,"curve":0.276,"c3":0.621,"c4":0.4},{"time":0.2667,"angle":10.21,"curve":0.333,"c2":0.33,"c3":0.758},{"time":0.8,"angle":3.22,"curve":0.299,"c3":0.636,"c4":0.36},{"time":1.3667,"angle":6.54,"curve":0.312,"c2":0.24,"c3":0.648,"c4":0.59},{"time":2,"angle":3.22}]},"yupei_xu2":{"rotate":[{"angle":-0.51,"curve":0.314,"c2":0.27,"c3":0.657,"c4":0.64},{"time":0.1667,"angle":-10.94,"curve":0.375,"c2":0.5,"c3":0.75},{"time":0.8333,"angle":0.94,"curve":0.335,"c2":0.34,"c3":0.668,"c4":0.67},{"time":1.3333,"angle":-1.11,"curve":0.335,"c2":0.34,"c3":0.668,"c4":0.67},{"time":1.8333,"angle":0.94,"curve":0.276,"c3":0.621,"c4":0.4},{"time":2,"angle":-0.51}]},"yupei_shang":{"rotate":[{"angle":0.86}]},"yupei":{"translate":[{},{"time":0.5,"y":4.86},{"time":1},{"time":1.5,"y":4.86},{"time":2}],"scale":[{"curve":0.25,"c3":0.75},{"time":0.0667,"x":1.05,"y":1.05,"curve":0.25,"c3":0.75},{"time":0.2333,"x":0.96,"y":0.96,"curve":0.25,"c3":0.75},{"time":0.3667}]},"yupei_quan9":{"scale":[{},{"time":0.1667,"x":1.02,"y":1.02},{"time":0.3333,"x":0.98,"y":0.98},{"time":0.6667}]}}},"animation2":{"slots":{"yupei_quan111":{"color":[{"time":0.3333,"color":"ffffff00"},{"time":0.5,"color":"ffffff56"},{"time":0.6667,"color":"ffffff00"}],"attachment":[{"time":0.3333,"name":"yupei_quan1"}]},"yupei_shang1":{"color":[{"time":0.3333,"color":"ffffff00"},{"time":0.5,"color":"ffffff79"},{"time":0.6667,"color":"ffffff00"}],"attachment":[{"time":0.3333,"name":"yupei_shang1"}]},"yupei_quan3":{"color":[{"time":0.5333,"color":"ffffff00"},{"time":0.7,"color":"ffffff2f"},{"time":0.9,"color":"ffffff00"}],"attachment":[{"time":0.5333,"name":"yupei_quan3"}]},"yupei_shang2":{"color":[{"time":0.5,"color":"ffffff00"},{"time":0.7,"color":"ffffff8e"},{"time":1,"color":"ffffff00"}],"attachment":[{"time":0.5,"name":"yupei_shang2"}]},"yupei_shang3":{"color":[{"time":0.6667,"color":"ffffff00"},{"time":0.8333,"color":"ffffff5a"},{"time":1.0667,"color":"ffffff00"}],"attachment":[{"time":0.6667,"name":"yupei_shang3"}]},"yupei_quan2":{"color":[{"time":0.3667,"color":"ffffff00"},{"time":0.6333,"color":"ffffff79"},{"time":0.8667,"color":"ffffff00"}],"attachment":[{"time":0.3667,"name":"yupei_quan2"}]}},"bones":{"yupei_quan111":{"translate":[{"time":0.3333,"x":11.55,"y":-19.56}]},"yupei_xu4":{"rotate":[{"angle":-8.53,"curve":0.25,"c3":0.75},{"time":0.3,"angle":-11.29,"curve":0.356,"c2":0.65,"c3":0.691},{"time":0.8,"angle":-7.2,"curve":0.25,"c3":0.75},{"time":1.3,"angle":-11.29,"curve":0.356,"c2":0.65,"c3":0.691},{"time":1.8,"angle":-6.69,"curve":0.25,"c3":0.75},{"time":2,"angle":-8.53}]},"yupei_xu5":{"rotate":[{"angle":2.89,"curve":0.25,"c3":0.75},{"time":0.4333,"angle":-1.09,"curve":0.377,"c2":0.61,"c3":0.72},{"time":0.9333,"angle":3,"curve":0.25,"c3":0.75},{"time":1.4333,"angle":-1.09,"curve":0.377,"c2":0.61,"c3":0.72},{"time":1.9333,"angle":3.51,"curve":0.25,"c3":0.75},{"time":2,"angle":2.89}]},"yupei_xu6":{"rotate":[{"angle":11.01,"curve":0.25,"c3":0.75},{"time":0.5,"angle":6.41,"curve":0.381,"c2":0.54,"c3":0.744},{"time":1,"angle":10.5,"curve":0.25,"c3":0.75},{"time":1.5,"angle":6.41,"curve":0.381,"c2":0.54,"c3":0.744},{"time":2,"angle":11.01}]},"yupei_xu3":{"rotate":[{"angle":1.56,"curve":0.25,"c3":0.75},{"time":0.2333,"angle":-0.58,"curve":0.344,"c2":0.66,"c3":0.677},{"time":0.7333,"angle":3.51,"curve":0.25,"c3":0.75},{"time":1.2333,"angle":-0.58,"curve":0.344,"c2":0.66,"c3":0.677},{"time":1.7333,"angle":4.02,"curve":0.25,"c3":0.75},{"time":2,"angle":1.56}]},"yupei_xu8":{"rotate":[{"angle":0.61,"curve":0.25,"c3":0.75},{"time":0.3,"angle":2.25,"curve":0.25,"c3":0.75},{"time":0.8,"angle":-0.68,"curve":0.25,"c3":0.75},{"time":1.3,"angle":2.25,"curve":0.25,"c3":0.75},{"time":1.8,"angle":-0.68,"curve":0.25,"c3":0.75},{"time":2,"angle":0.61}]},"yupei_xu10":{"rotate":[{"angle":-11.4,"curve":0.25,"c3":0.75},{"time":0.5,"angle":-8.47,"curve":0.25,"c3":0.75},{"time":1,"angle":-11.4,"curve":0.25,"c3":0.75},{"time":1.5,"angle":-8.47,"curve":0.25,"c3":0.75},{"time":2,"angle":-11.4}]},"yupei_xu9":{"rotate":[{"angle":-6.48,"curve":0.25,"c3":0.75},{"time":0.4333,"angle":-3.98,"curve":0.25,"c3":0.75},{"time":0.9333,"angle":-6.91,"curve":0.25,"c3":0.75},{"time":1.4333,"angle":-3.98,"curve":0.25,"c3":0.75},{"time":1.9333,"angle":-6.91,"curve":0.25,"c3":0.75},{"time":2,"angle":-6.48}]},"yupei_xu7":{"rotate":[{"angle":-1.17,"curve":0.25,"c3":0.75},{"time":0.2,"angle":-0.07,"curve":0.25,"c3":0.75},{"time":0.7,"angle":-3,"curve":0.25,"c3":0.75},{"time":1.2,"angle":-0.07,"curve":0.25,"c3":0.75},{"time":1.7,"angle":-3,"curve":0.25,"c3":0.75},{"time":2,"angle":-1.17}]},"yupei_shang2":{"rotate":[{"angle":0.3,"curve":0.35,"c2":0.43,"c3":0.684,"c4":0.77},{"time":1,"angle":1.15,"curve":0.356,"c2":0.65,"c3":0.691},{"time":2,"angle":0.3}]},"yupei_shang6":{"rotate":[{"angle":2.34,"curve":0.32,"c2":0.29,"c3":0.672,"c4":0.68},{"time":1,"angle":3.19,"curve":0.382,"c2":0.57,"c3":0.737},{"time":2,"angle":2.34}]},"yupei_shang5":{"rotate":[{"angle":2.21,"curve":0.325,"c2":0.31,"c3":0.675,"c4":0.69},{"time":1,"angle":3.07,"curve":0.382,"c2":0.57,"c3":0.735},{"time":2,"angle":2.21}]},"yupei_shang4":{"rotate":[{"angle":1.54,"curve":0.343,"c2":0.36,"c3":0.686,"c4":0.73},{"time":1,"angle":2.4,"curve":0.379,"c2":0.6,"c3":0.724},{"time":2,"angle":1.54}]},"yupei_shang3":{"rotate":[{"angle":0.88,"curve":0.351,"c2":0.4,"c3":0.689,"c4":0.75},{"time":1,"angle":1.73,"curve":0.371,"c2":0.62,"c3":0.71},{"time":2,"angle":0.88}]},"yupei_quan5":{"rotate":[{"curve":0.25,"c3":0.75},{"time":1,"angle":0.49,"curve":0.25,"c3":0.75},{"time":2}]},"yupei_quan8":{"rotate":[{"curve":0.25,"c3":0.75},{"time":1,"angle":0.49,"curve":0.25,"c3":0.75},{"time":2}]},"yupei_quan7":{"rotate":[{"curve":0.25,"c3":0.75},{"time":1,"angle":0.49,"curve":0.25,"c3":0.75},{"time":2}]},"yupei_quan6":{"rotate":[{"curve":0.25,"c3":0.75},{"time":1,"angle":0.49,"curve":0.25,"c3":0.75},{"time":2}]},"yupei_quan4":{"rotate":[{"curve":0.25,"c3":0.75},{"time":1,"angle":2.89,"curve":0.25,"c3":0.75},{"time":2}]},"yupei_xu1":{"rotate":[{"angle":3.22,"curve":0.25,"c3":0.75},{"time":0.1,"angle":2.3,"curve":0.25,"c3":0.75},{"time":0.6,"angle":6.39,"curve":0.25,"c3":0.75},{"time":1.1,"angle":2.3,"curve":0.25,"c3":0.75},{"time":1.6,"angle":6.9,"curve":0.25,"c3":0.75},{"time":2,"angle":3.22}]},"yupei_xu2":{"rotate":[{"angle":0.94,"curve":0.25,"c3":0.75},{"time":0.1,"angle":1.46,"curve":0.25,"c3":0.75},{"time":0.6,"angle":-1.47,"curve":0.25,"c3":0.75},{"time":1.1,"angle":1.46,"curve":0.25,"c3":0.75},{"time":1.6,"angle":-1.47,"curve":0.25,"c3":0.75},{"time":2,"angle":0.94}]},"yupei_shang":{"rotate":[{"angle":0.86}]},"yupei":{"translate":[{},{"time":0.5,"y":4.86},{"time":1},{"time":1.5,"y":4.86},{"time":2}],"scale":[{},{"time":0.5,"x":1.02,"y":1.02},{"time":1},{"time":1.5,"x":1.02,"y":1.02},{"time":2}]}}}}}