{"skeleton":{"hash":"RsZzjd0u000","spine":"3.8-from-4.0-from-4.1.23","x":-40,"y":-40,"width":80,"height":80,"images":"","audio":""},"bones":[{"name":"root"},{"name":"sdkuo","parent":"root"},{"name":"shand","parent":"root","scaleX":0.8,"scaleY":0.8}],"slots":[{"name":"diankuo00","bone":"sdkuo","attachment":"diankuo00"},{"name":"shandian10","bone":"shand","attachment":"shandian69","blend":"additive"},{"name":"bgdian00","bone":"root"}],"skins":[{"name":"default","attachments":{"diankuo00":{"diankuo00":{"width":100,"height":100}},"shandian10":{"shandian10":{"width":100,"height":100},"shandian11":{"width":100,"height":100},"shandian12":{"width":100,"height":100},"shandian30":{"width":100,"height":100},"shandian31":{"width":100,"height":100},"shandian32":{"width":100,"height":100},"shandian36":{"width":100,"height":100},"shandian37":{"width":100,"height":100},"shandian38":{"width":100,"height":100},"shandian39":{"width":100,"height":100},"shandian40":{"width":100,"height":100},"shandian65":{"width":100,"height":100},"shandian66":{"width":100,"height":100},"shandian67":{"width":100,"height":100},"shandian68":{"width":100,"height":100},"shandian69":{"width":100,"height":100}}}}],"animations":{"animation":{"slots":{"diankuo00":{"color":[{"color":"ffffff00"},{"time":0.1667,"color":"ffffffc7"},{"time":0.8333,"color":"ffffff00"}]},"shandian10":{"color":[{"color":"ffffffa7"}],"attachment":[{"name":null},{"time":0.3333,"name":"shandian10"},{"time":0.3667,"name":"shandian11"},{"time":0.4,"name":"shandian12"},{"time":0.4333,"name":null},{"time":1,"name":"shandian30"},{"time":1.0333,"name":"shandian31"},{"time":1.0667,"name":"shandian32"},{"time":1.1,"name":null},{"time":1.2,"name":"shandian36"},{"time":1.2333,"name":"shandian37"},{"time":1.2667,"name":"shandian38"},{"time":1.3,"name":"shandian39"},{"time":1.3333,"name":"shandian40"},{"time":1.3667,"name":null},{"time":2.1667,"name":"shandian65"},{"time":2.2,"name":"shandian66"},{"time":2.2333,"name":"shandian67"},{"time":2.2667,"name":"shandian68"},{"time":2.3,"name":"shandian69"},{"time":2.3333,"name":null},{"time":3,"name":"shandian30"},{"time":3.0333,"name":"shandian31"},{"time":3.0667,"name":"shandian32"},{"time":3.1,"name":null}]}},"bones":{"sdkuo":{"scale":[{"x":0.75,"y":0.75},{"time":0.8333,"x":1.5,"y":1.5}]},"root":{"translate":[{"time":3.6667}]},"shand":{"translate":[{"time":0.4333},{"time":1,"x":9.65,"y":4.82,"curve":"stepped"},{"time":1.1,"x":9.65,"y":4.82},{"time":1.2,"curve":"stepped"},{"time":2.3333},{"time":3,"x":4.13,"y":11.71}]}}}}}