{"skeleton":{"hash":"RgOia1APXj4","spine":"3.8-from-4.0-from-4.1.23","x":-291.09,"y":-949.37,"width":750,"height":1334,"images":"./donghua/accelerate/","audio":""},"bones":[{"name":"root"},{"name":"bone","parent":"root","length":73.25,"scaleX":0.6,"scaleY":0.76},{"name":"accelerate_1","parent":"bone"},{"name":"accelerate_3","parent":"bone","x":280.76,"scaleX":-1}],"slots":[{"name":"accelerate_1","bone":"accelerate_1","attachment":"accelerate_1","blend":"additive"},{"name":"accelerate_3","bone":"accelerate_3","attachment":"accelerate_1","blend":"additive"}],"skins":[{"name":"default","attachments":{"accelerate_1":{"accelerate_1":{"width":418,"height":842},"accelerate_2":{"width":418,"height":842},"accelerate_3":{"width":418,"height":842},"accelerate_4":{"width":418,"height":842},"accelerate_5":{"width":418,"height":842},"accelerate_6":{"width":418,"height":842},"accelerate_7":{"width":418,"height":842},"accelerate_8":{"width":418,"height":842},"accelerate_9":{"width":418,"height":842},"accelerate_10":{"width":418,"height":842},"accelerate_11":{"width":418,"height":842},"accelerate_12":{"width":418,"height":842},"accelerate_13":{"width":418,"height":842},"accelerate_14":{"width":418,"height":842},"accelerate_15":{"width":418,"height":842},"accelerate_16":{"width":418,"height":842},"accelerate_17":{"width":418,"height":842},"accelerate_18":{"width":418,"height":842},"accelerate_19":{"width":418,"height":842}},"accelerate_3":{"accelerate_1":{"width":418,"height":842},"accelerate_2":{"width":418,"height":842},"accelerate_3":{"width":418,"height":842},"accelerate_4":{"width":418,"height":842},"accelerate_5":{"width":418,"height":842},"accelerate_6":{"width":418,"height":842},"accelerate_7":{"width":418,"height":842},"accelerate_8":{"width":418,"height":842},"accelerate_9":{"width":418,"height":842},"accelerate_10":{"width":418,"height":842},"accelerate_11":{"width":418,"height":842},"accelerate_12":{"width":418,"height":842},"accelerate_13":{"width":418,"height":842},"accelerate_14":{"width":418,"height":842},"accelerate_15":{"width":418,"height":842},"accelerate_16":{"width":418,"height":842},"accelerate_17":{"width":418,"height":842},"accelerate_18":{"width":418,"height":842},"accelerate_19":{"width":418,"height":842}}}}],"animations":{"accelerate_long":{"slots":{"accelerate_1":{"attachment":[{"time":0.0667,"name":"accelerate_2"},{"time":0.1333,"name":"accelerate_3"},{"time":0.2,"name":"accelerate_4"},{"time":0.2667,"name":"accelerate_5"},{"time":0.3333,"name":"accelerate_6"},{"time":0.4,"name":"accelerate_7"},{"time":0.4667,"name":"accelerate_8"},{"time":0.5333,"name":"accelerate_9"},{"time":0.6,"name":"accelerate_10"},{"time":0.6667,"name":"accelerate_11"},{"time":0.7333,"name":"accelerate_12"},{"time":0.8,"name":"accelerate_13"},{"time":0.8667,"name":"accelerate_14"},{"time":0.9333,"name":"accelerate_15"},{"time":1,"name":"accelerate_16"},{"time":1.0667,"name":"accelerate_17"},{"time":1.1333,"name":"accelerate_18"},{"time":1.2,"name":"accelerate_19"}]},"accelerate_3":{"attachment":[{"time":0.0667,"name":"accelerate_2"},{"time":0.1333,"name":"accelerate_3"},{"time":0.2,"name":"accelerate_4"},{"time":0.2667,"name":"accelerate_5"},{"time":0.3333,"name":"accelerate_6"},{"time":0.4,"name":"accelerate_7"},{"time":0.4667,"name":"accelerate_8"},{"time":0.5333,"name":"accelerate_9"},{"time":0.6,"name":"accelerate_10"},{"time":0.6667,"name":"accelerate_11"},{"time":0.7333,"name":"accelerate_12"},{"time":0.8,"name":"accelerate_13"},{"time":0.8667,"name":"accelerate_14"},{"time":0.9333,"name":"accelerate_15"},{"time":1,"name":"accelerate_16"},{"time":1.0667,"name":"accelerate_17"},{"time":1.1333,"name":"accelerate_18"},{"time":1.2,"name":"accelerate_19"}]}},"bones":{"accelerate_1":{"scale":[{"y":1.4}]},"accelerate_3":{"scale":[{"y":1.4}]}}},"accelerate_short":{"slots":{"accelerate_1":{"attachment":[{"time":0.0667,"name":"accelerate_2"},{"time":0.1333,"name":"accelerate_3"},{"time":0.2,"name":"accelerate_4"},{"time":0.2667,"name":"accelerate_5"},{"time":0.3333,"name":"accelerate_6"},{"time":0.4,"name":"accelerate_7"},{"time":0.4667,"name":"accelerate_8"},{"time":0.5333,"name":"accelerate_9"},{"time":0.6,"name":"accelerate_10"},{"time":0.6667,"name":"accelerate_11"},{"time":0.7333,"name":"accelerate_12"},{"time":0.8,"name":"accelerate_13"},{"time":0.8667,"name":"accelerate_14"},{"time":0.9333,"name":"accelerate_15"},{"time":1,"name":"accelerate_16"},{"time":1.0667,"name":"accelerate_17"},{"time":1.1333,"name":"accelerate_18"},{"time":1.2,"name":"accelerate_19"}]},"accelerate_3":{"attachment":[{"time":0.0667,"name":"accelerate_2"},{"time":0.1333,"name":"accelerate_3"},{"time":0.2,"name":"accelerate_4"},{"time":0.2667,"name":"accelerate_5"},{"time":0.3333,"name":"accelerate_6"},{"time":0.4,"name":"accelerate_7"},{"time":0.4667,"name":"accelerate_8"},{"time":0.5333,"name":"accelerate_9"},{"time":0.6,"name":"accelerate_10"},{"time":0.6667,"name":"accelerate_11"},{"time":0.7333,"name":"accelerate_12"},{"time":0.8,"name":"accelerate_13"},{"time":0.8667,"name":"accelerate_14"},{"time":0.9333,"name":"accelerate_15"},{"time":1,"name":"accelerate_16"},{"time":1.0667,"name":"accelerate_17"},{"time":1.1333,"name":"accelerate_18"},{"time":1.2,"name":"accelerate_19"}]}}}}}