{"skeleton":{"hash":"HT/T6z8tjlo","spine":"3.8-from-4.0-from-4.1.23","x":-129.29,"y":-114,"width":257.98,"height":229.5,"images":"./donghua/ingots/","audio":"E:/工作/6.15 牛/spine/ingots"},"bones":[{"name":"root","scaleX":0.5,"scaleY":0.5},{"name":"subroot","parent":"root"},{"name":"bg_circle","parent":"subroot"},{"name":"fu","parent":"subroot","y":-60.36,"color":"4037ffff"},{"name":"fx_sparkle1","parent":"root"},{"name":"fx_sparkle2","parent":"root","scaleX":0.7,"scaleY":0.7},{"name":"fx_sparkle3","parent":"root","scaleX":1.05,"scaleY":1.05},{"name":"fx_sparkle4","parent":"root","scaleX":0.65,"scaleY":0.65},{"name":"fx_sparkle5","parent":"root"},{"name":"i_L","parent":"subroot","x":-102.98,"y":-129.96,"color":"1cff2aff"},{"name":"i_L_direction","parent":"i_L","y":126.17,"color":"1cff2aff"},{"name":"i_R","parent":"subroot","x":108.5,"y":-120.15,"color":"1cff2aff"},{"name":"i_R_direction","parent":"i_R","y":121.4,"color":"1cff2aff"},{"name":"i_Top","parent":"subroot","y":25.92,"color":"1cff2aff"},{"name":"i_T_direction","parent":"i_Top","y":125.49,"color":"1cff2aff"},{"name":"table","parent":"subroot","y":-207.19,"color":"1bfbffff"},{"name":"table_direction","parent":"table","y":50.42,"color":"1bfbffff"}],"slots":[{"name":"h_i_fu_sha","bone":"subroot"},{"name":"h_i_circle","bone":"bg_circle","attachment":"h_i_circle"},{"name":"h_i_table_B","bone":"table","attachment":"h_i_table_B"},{"name":"h_i_ingot_T_Back","bone":"i_Top","attachment":"h_i_ingot_T_Back"},{"name":"h_i_ingot_T_Front","bone":"i_Top","attachment":"h_i_ingot_T_Front"},{"name":"h_i_ingot_R_Back","bone":"i_R","attachment":"h_i_ingot_R_Back"},{"name":"h_i_ingot_R_Front","bone":"i_R","attachment":"h_i_ingot_R_Front"},{"name":"h_i_ingot_L_Back","bone":"i_L","attachment":"h_i_ingot_L_Back"},{"name":"h_i_ingot_L_Front","bone":"i_L","attachment":"h_i_ingot_L_Front"},{"name":"h_i_table_F","bone":"table","attachment":"h_i_table_F"},{"name":"h_i_fu","bone":"fu","attachment":"h_i_fu"},{"name":"h_i_fu_fx01","bone":"fu","blend":"additive"},{"name":"h_i_fu_fx02","bone":"fu","blend":"additive"},{"name":"h_i_fu_fx03","bone":"fu","blend":"additive"},{"name":"h_i_fu_fx04","bone":"fu","blend":"additive"},{"name":"h_i_fu_fx05","bone":"fu","blend":"additive"},{"name":"fx_sparkle","bone":"fx_sparkle1","blend":"screen"},{"name":"fx_sparkle2","bone":"fx_sparkle2","blend":"screen"},{"name":"fx_sparkle3","bone":"fx_sparkle3","blend":"screen"},{"name":"fx_sparkle4","bone":"fx_sparkle4","blend":"screen"},{"name":"fx_sparkle5","bone":"fx_sparkle5","blend":"screen"}],"skins":[{"name":"default","attachments":{"fx_sparkle":{"fx_sparkle":{"width":18,"height":18}},"fx_sparkle2":{"fx_sparkle":{"width":18,"height":18}},"fx_sparkle3":{"fx_sparkle":{"width":18,"height":18}},"fx_sparkle4":{"fx_sparkle":{"width":18,"height":18}},"fx_sparkle5":{"fx_sparkle":{"width":18,"height":18}},"h_i_circle":{"h_i_circle":{"scaleX":2,"scaleY":2,"width":227,"height":228}},"h_i_fu":{"h_i_fu":{"y":-0.14,"width":108,"height":109}},"h_i_fu_fx01":{"h_i_fu_fx01":{"y":-0.14,"scaleX":1.43,"scaleY":1.43,"width":65,"height":66}},"h_i_fu_fx02":{"h_i_fu_fx02":{"y":-0.14,"scaleX":1.43,"scaleY":1.43,"width":65,"height":66}},"h_i_fu_fx03":{"h_i_fu_fx03":{"y":-0.14,"scaleX":1.43,"scaleY":1.43,"width":65,"height":66}},"h_i_fu_fx04":{"h_i_fu_fx04":{"y":-0.14,"scaleX":1.43,"scaleY":1.43,"width":65,"height":66}},"h_i_fu_fx05":{"h_i_fu_fx05":{"y":-0.14,"scaleX":1.43,"scaleY":1.43,"width":65,"height":66}},"h_i_fu_sha":{"h_i_fu_sha":{"x":-6,"y":-14,"width":264,"height":236},"h_i_fu_sha_mg":{"x":-6,"y":-14,"width":264,"height":236}},"h_i_ingot_L_Back":{"h_i_ingot_L_Back":{"type":"mesh","uvs":[0.78015,0.18218,0.974,0.57982,1,0.92776,0.8895,0.94102,0.59127,0.94764,0.28185,0.95361,0.07557,0.74219,0,0.21863,0.0619,0.10596,0.21847,0.31141,0.37256,0.09602,0.57263,0,0.31292,0.49035,0.59748,0.58976,0.85595,0.64278,0.58754,0.19543],"triangles":[13,4,5,5,6,12,4,14,3,4,13,14,13,5,12,3,14,2,14,1,2,6,9,12,6,7,9,1,14,0,12,15,13,14,13,0,13,15,0,15,9,10,15,12,9,7,8,9,10,11,15,15,11,0],"vertices":[2,9,67.16,190.31,0.92,10,67.16,64.14,0.08,2,9,119.88,149.75,0.92,10,119.88,23.58,0.08,2,9,126.96,114.26,0.92,10,126.96,-11.91,0.08,2,9,96.9,112.91,0.92,10,96.9,-13.26,0.08,2,9,15.78,112.23,0.92,10,15.78,-13.94,0.08,2,9,-68.38,111.62,0.92,10,-68.38,-14.55,0.08,2,9,-124.49,133.19,0.92,10,-124.49,7.02,0.08,2,9,-145.04,186.59,0.92,10,-145.04,60.42,0.08,2,9,-128.21,198.08,0.92,10,-128.21,71.91,0.08,2,9,-85.62,177.13,0.92,10,-85.62,50.96,0.08,2,9,-43.71,199.1,0.92,10,-43.71,72.93,0.08,2,9,10.71,208.89,0.92,10,10.71,82.72,0.08,2,9,-59.93,158.87,0.88,10,-59.93,32.7,0.12,2,9,17.47,148.73,0.88,10,17.47,22.56,0.12,2,9,87.77,143.33,0.88,10,87.77,17.16,0.12,2,9,14.77,188.96,0.88,10,14.77,62.79,0.12],"hull":12,"edges":[22,20,20,18,22,0,0,2,18,16,16,14,14,12,12,10,10,8,8,6,6,4,4,2],"width":136,"height":51}},"h_i_ingot_L_Front":{"h_i_ingot_L_Front":{"type":"mesh","uvs":[0.19032,0.89683,0.05168,0.55391,0.01502,0.23724,0.03221,0.05347,0.13189,0.03214,0.17657,0.15848,0.28886,0.24708,0.57988,0.31435,0.80101,0.30779,0.94538,0.27005,0.98164,0.52911,0.9874,0.73275,0.89496,0.86893,0.5879,0.98851,0.08147,0.421,0.23844,0.52601,0.58332,0.60969,0.87319,0.58344],"triangles":[3,4,5,2,3,5,14,2,5,14,5,6,15,14,6,15,6,7,8,9,10,1,2,14,1,14,15,17,8,10,16,7,8,16,8,17,15,7,16,17,10,11,12,17,11,16,17,12,0,1,15,0,15,16,13,16,12,0,16,13],"vertices":[2,9,-103.87,14.21,0.92,10,-103.87,-111.96,0.08,2,9,-144.77,84.85,0.904,10,-144.77,-41.32,0.096,2,9,-155.59,150.09,0.92,10,-155.59,23.92,0.08,2,9,-150.52,187.94,0.92,10,-150.52,61.77,0.08,2,9,-121.11,192.34,0.91,10,-121.11,66.17,0.09,2,9,-107.93,166.31,0.91,10,-107.93,40.14,0.09,2,9,-74.8,148.06,0.91,10,-74.8,21.89,0.09,2,9,11.05,134.2,0.91,10,11.05,8.03,0.09,2,9,76.28,135.55,0.91,10,76.28,9.38,0.09,2,9,118.87,143.33,0.91,10,118.87,17.16,0.09,2,9,129.57,89.96,0.9,10,129.57,-36.21,0.1,2,9,131.27,48.01,0.92,10,131.27,-78.16,0.08,2,9,104,19.96,0.92,10,104,-106.21,0.08,2,9,13.41,-4.68,0.92,10,13.41,-130.85,0.08,2,9,-135.98,112.23,0.908,10,-135.98,-13.94,0.092,2,9,-89.68,90.6,0.9,10,-89.68,-35.57,0.1,2,9,12.06,73.36,0.88,10,12.06,-52.81,0.12,2,9,97.58,78.77,0.9,10,97.58,-47.4,0.1],"hull":14,"edges":[8,10,10,12,12,14,14,16,16,18,4,2,2,0,0,26,26,24,24,22,8,6,6,4,4,28,28,30,30,32,32,34,22,20,20,18,34,20],"width":148,"height":103}},"h_i_ingot_R_Back":{"h_i_ingot_R_Back":{"type":"mesh","uvs":[0.68852,0.15026,0.79001,0.32147,0.97971,0.1235,0.96636,0.43743,0.87632,0.76823,0.72457,0.86989,0.53488,0.93142,0.33,0.90199,0.14789,0.80033,0.02036,0.41769,0.03692,0.20644,0.22092,0.42313,0.31767,0.20108,0.51116,0.00803,0.32715,0.59702,0.53202,0.61039,0.71793,0.56224,0.52254,0.25726,0.36225,0.25191,0.66955,0.22516],"triangles":[5,6,15,8,14,7,6,7,15,7,14,15,15,16,5,5,16,4,14,17,15,14,18,17,8,11,14,8,9,11,4,16,3,15,17,16,14,11,18,16,17,1,16,1,3,1,17,19,3,1,2,9,10,11,11,12,18,19,0,1,0,19,17,13,17,18,18,12,13,0,17,13],"vertices":[2,11,44.65,197.68,0.92,12,44.65,76.29,0.08,2,11,78.14,177.65,0.92,12,78.14,56.25,0.08,2,11,140.74,200.81,0.92,12,140.74,79.42,0.08,2,11,136.33,164.08,0.92,12,136.33,42.69,0.08,2,11,106.62,125.38,0.92,12,106.62,3.98,0.08,2,11,56.54,113.48,0.92,12,56.54,-7.91,0.08,2,11,-6.06,106.29,0.92,12,-6.06,-15.11,0.08,2,11,-73.66,109.73,0.92,12,-73.66,-11.67,0.08,2,11,-133.76,121.62,0.92,12,-133.76,0.23,0.08,2,11,-175.84,166.39,0.92,12,-175.84,45,0.08,2,11,-170.38,191.11,0.92,12,-170.38,69.71,0.08,2,11,-109.66,165.76,0.92,12,-109.66,44.36,0.08,2,11,-77.73,191.73,0.92,12,-77.73,70.34,0.08,2,11,-13.88,214.32,0.92,12,-13.88,92.93,0.08,2,11,-74.6,145.41,0.88,12,-74.6,24.01,0.12,2,11,-7,143.85,0.88,12,-7,22.45,0.12,2,11,54.35,149.48,0.88,12,54.35,28.08,0.12,2,11,-10.13,185.16,0.88,12,-10.13,63.77,0.12,2,11,-63.02,185.79,0.88,12,-63.02,64.39,0.12,2,11,38.39,188.92,0.88,12,38.39,67.52,0.12],"hull":14,"edges":[26,0,0,2,26,24,24,22,22,20,16,14,14,12,12,10,10,8,2,4,20,18,18,16,8,6,6,4],"width":165,"height":59}},"h_i_ingot_R_Front":{"h_i_ingot_R_Front":{"type":"mesh","uvs":[0.98331,0.09817,0.98694,0.30111,0.95034,0.58315,0.76535,0.91386,0.54834,0.98575,0.31463,0.93793,0.09916,0.70377,0.02319,0.41153,0.01202,0.21194,0.09006,0.02427,0.11278,0.11038,0.18823,0.24255,0.35248,0.34057,0.53604,0.35773,0.70158,0.32848,0.83428,0.22215,0.89528,0.11649,0.92907,0,0.90864,0.48022,0.54193,0.65652,0.7432,0.61138,0.33306,0.64703,0.13001,0.53249],"triangles":[4,5,19,5,21,19,4,19,3,5,6,21,19,20,3,3,20,2,6,22,21,6,7,22,20,19,13,19,21,13,21,12,13,21,22,12,13,14,20,20,18,2,20,14,18,2,18,1,22,11,12,22,7,11,14,15,18,18,15,1,11,7,10,15,16,1,16,0,1,7,8,10,8,9,10,16,17,0],"vertices":[2,11,147.63,177.02,0.92,12,147.63,55.63,0.08,2,11,148.9,135.42,0.92,12,148.9,14.02,0.08,2,11,136.02,77.6,0.904,12,136.02,-43.79,0.096,2,11,70.9,9.81,0.92,12,70.9,-111.59,0.08,2,11,-5.48,-4.93,0.92,12,-5.48,-126.33,0.08,2,11,-87.75,4.87,0.92,12,-87.75,-116.52,0.08,2,11,-163.6,52.88,0.904,12,-163.6,-68.52,0.096,2,11,-190.34,112.78,0.92,12,-190.34,-8.61,0.08,2,11,-194.27,153.7,0.92,12,-194.27,32.3,0.08,2,11,-166.8,192.17,0.92,12,-166.8,70.78,0.08,2,11,-158.8,174.52,0.92,12,-158.8,53.12,0.08,2,11,-132.24,147.43,0.92,12,-132.24,26.03,0.08,2,11,-74.43,127.33,0.92,12,-74.43,5.94,0.08,2,11,-9.81,123.81,0.92,12,-9.81,2.42,0.08,2,11,48.45,129.81,0.92,12,48.45,8.41,0.08,2,11,95.17,151.61,0.92,12,95.17,30.21,0.08,2,11,116.64,173.27,0.92,12,116.64,51.87,0.08,2,11,128.53,197.15,0.92,12,128.53,75.75,0.08,2,11,121.34,98.7,0.9,12,121.34,-22.69,0.1,2,11,-7.74,62.56,0.88,12,-7.74,-58.83,0.12,2,11,63.11,71.82,0.9,12,63.11,-49.58,0.1,2,11,-81.26,64.51,0.9,12,-81.26,-56.89,0.1,2,11,-152.74,87.99,0.9,12,-152.74,-33.41,0.1],"hull":18,"edges":[18,20,20,22,22,24,24,26,26,28,28,30,30,32,32,34,34,0,0,2,2,4,4,6,6,8,8,10,10,12,12,14,14,16,16,18,20,14,26,38,38,8,28,40,40,6,24,42,42,10,22,44,44,12],"width":176,"height":103}},"h_i_ingot_T_Back":{"h_i_ingot_T_Back":{"type":"mesh","uvs":[0.63165,0.0704,0.7465,0.2392,0.79591,0.38965,0.96017,0.18049,0.92678,0.76762,0.73181,0.91807,0.51814,0.92174,0.27242,0.91073,0.1362,0.76395,0.03604,0.22452,0.19897,0.40433,0.24838,0.23553,0.35521,0.07407,0.49944,0,0.50345,0.12177,0.50879,0.29424,0.5128,0.5401,0.33117,0.52176,0.69842,0.49607,0.3699,0.27223,0.65435,0.27956],"triangles":[5,6,16,6,7,16,16,18,5,5,18,4,7,17,16,7,8,17,18,2,4,4,2,3,8,10,17,8,9,10,17,15,16,18,15,20,18,16,15,17,19,15,17,10,19,18,20,2,10,11,19,20,1,2,20,15,14,15,19,14,14,0,20,20,0,1,11,12,19,19,12,14,12,13,14,14,13,0],"vertices":[2,13,37.6,196.98,0.92,14,37.6,71.5,0.08,2,13,73.89,177.57,0.92,14,73.89,52.08,0.08,2,13,89.51,160.27,0.92,14,89.51,34.78,0.08,2,13,141.41,184.32,0.92,14,141.41,58.84,0.08,2,13,130.86,116.8,0.92,14,130.86,-8.68,0.08,2,13,69.25,99.5,0.92,14,69.25,-25.99,0.08,2,13,1.73,99.08,0.92,14,1.73,-26.41,0.08,2,13,-75.92,100.35,0.92,14,-75.92,-25.14,0.08,2,13,-118.96,117.23,0.92,14,-118.96,-8.26,0.08,2,13,-150.61,179.26,0.92,14,-150.61,53.77,0.08,2,13,-99.13,158.58,0.92,14,-99.13,33.09,0.08,2,13,-83.51,177.99,0.92,14,-83.51,52.51,0.08,2,13,-49.75,196.56,0.92,14,-49.75,71.07,0.08,2,13,-4.18,205.08,0.92,14,-4.18,79.59,0.08,2,13,-2.91,191.08,0.88,14,-2.91,65.59,0.12,2,13,-1.22,171.24,0.88,14,-1.22,45.75,0.12,2,13,0.04,142.97,0.88,14,0.04,17.48,0.12,2,13,-57.35,145.08,0.88,14,-57.35,19.59,0.12,2,13,58.7,148.03,0.88,14,58.7,22.54,0.12,2,13,-45.11,173.77,0.88,14,-45.11,48.29,0.12,2,13,44.78,172.93,0.88,14,44.78,47.44,0.12],"hull":14,"edges":[26,0,26,24,24,22,22,20,0,2,2,4,4,6,6,8,20,18,18,16,16,14,14,12,12,10,10,8],"width":158,"height":58}},"h_i_ingot_T_Front":{"h_i_ingot_T_Front":{"type":"mesh","uvs":[0.08304,0.0396,0.15557,0.2053,0.32173,0.2738,0.52218,0.29589,0.71736,0.25612,0.83604,0.17879,0.93231,0.02855,1,0.09925,0.96001,0.48369,0.82154,0.84604,0.52614,1,0.24261,0.87697,0.08568,0.67149,0.02369,0.38869,0.00923,0.12797,0.52878,0.603,0.80308,0.5323,0.94023,0.38427,0.25448,0.56102,0.09623,0.46602],"triangles":[5,6,7,14,0,1,17,5,7,4,5,17,13,14,1,19,13,1,19,1,2,8,17,7,16,4,17,16,17,8,18,19,2,16,15,3,16,3,4,12,13,19,12,19,18,18,2,3,18,3,15,9,16,8,15,16,9,11,12,18,11,18,15,10,11,15,10,15,9],"vertices":[2,13,-139.43,176.52,0.92,14,-139.43,51.03,0.08,2,13,-116.22,144.87,0.92,14,-116.22,19.38,0.08,2,13,-63.05,131.79,0.92,14,-63.05,6.3,0.08,2,13,1.1,127.57,0.92,14,1.1,2.08,0.08,2,13,63.55,135.16,0.92,14,63.55,9.67,0.08,2,13,101.53,149.93,0.92,14,101.53,24.44,0.08,2,13,132.34,178.63,0.92,14,132.34,53.14,0.08,2,13,154,165.12,0.92,14,154,39.64,0.08,2,13,141.2,91.7,0.908,14,141.2,-33.79,0.092,2,13,96.89,22.49,0.93,14,96.89,-103,0.07,2,13,2.36,-6.92,0.92,14,2.36,-132.41,0.08,2,13,-88.37,16.58,0.93,14,-88.37,-108.91,0.07,2,13,-138.58,55.83,0.908,14,-138.58,-69.66,0.092,2,13,-158.42,109.84,0.908,14,-158.42,-15.65,0.092,2,13,-163.05,159.64,0.92,14,-163.05,34.15,0.08,2,13,3.21,68.91,0.89,14,3.21,-56.58,0.11,2,13,90.98,82.41,0.91,14,90.98,-43.08,0.09,2,13,134.87,110.69,0.91,14,134.87,-14.8,0.09,2,13,-84.57,76.93,0.91,14,-84.57,-48.56,0.09,2,13,-135.21,95.07,0.91,14,-135.21,-30.42,0.09],"hull":15,"edges":[0,2,2,4,4,6,6,8,8,10,10,12,12,14,14,16,16,18,18,20,20,22,22,24,24,26,0,28,26,28],"width":160,"height":96}},"h_i_table_B":{"h_i_table_B":{"type":"mesh","uvs":[0.08504,0.03704,0.135,0.03415,0.26019,0.03618,0.50156,0.03767,0.73143,0.03683,0.83663,0.03571,0.91256,0.03627,0.97872,0.34014,0.97864,0.81641,0.50241,0.80253,0.0211,0.81086,0.01762,0.34257,0.07747,0.29524,0.89622,0.28024,0.50325,0.34134,0.19396,0.34212,0.77696,0.34341,0.89754,0.34146,0.07571,0.34242],"triangles":[9,16,8,16,17,8,8,17,7,10,15,9,10,18,15,10,11,18,9,14,16,9,15,14,14,4,16,16,13,17,13,4,5,13,16,4,18,11,12,18,12,15,0,12,11,14,2,3,14,15,2,12,1,15,15,1,2,17,13,7,14,3,4,13,6,7,12,0,1,13,5,6],"vertices":[2,15,-182.67,131.23,0.88,16,-182.67,80.81,0.12,2,15,-160.74,131.62,0.88,16,-160.74,81.19,0.12,2,15,-105.78,131.35,0.88,16,-105.78,80.92,0.12,2,15,0.18,131.15,0.88,16,0.18,80.72,0.12,2,15,101.1,131.26,0.88,16,101.1,80.83,0.12,2,15,147.28,131.41,0.88,16,147.28,80.98,0.12,2,15,180.61,131.33,0.88,16,180.61,80.91,0.12,2,15,209.66,90.62,0.92,16,209.66,40.19,0.08,2,15,209.62,26.8,0.98,16,209.62,-23.63,0.02,2,15,0.56,28.66,0.98,16,0.56,-21.77,0.02,2,15,-210.74,27.54,0.98,16,-210.74,-22.88,0.02,2,15,-212.26,90.29,0.92,16,-212.26,39.87,0.08,2,15,-185.99,96.63,0.92,16,-185.99,46.21,0.08,2,15,173.44,98.64,0.92,16,173.44,48.22,0.08,2,15,0.93,90.45,0.92,16,0.93,40.03,0.08,2,15,-134.85,90.35,0.92,16,-134.85,39.93,0.08,2,15,121.08,90.18,0.92,16,121.08,39.75,0.08,2,15,174.02,90.44,0.92,16,174.02,40.01,0.08,2,15,-186.76,90.31,0.92,16,-186.76,39.89,0.08],"hull":12,"edges":[0,22,12,14,6,28,30,28,4,6,30,4,32,28,8,6,32,8,0,2,2,4,24,2,12,10,10,8,26,10,28,18,18,16,16,14,18,20,20,22,26,14,14,34,34,32,26,34,22,36,36,30,24,36],"width":220,"height":67}},"h_i_table_F":{"h_i_table_F":{"type":"mesh","uvs":[0.97119,0.10792,0.98607,0.3041,0.97958,0.95233,0.82781,0.94678,0.80392,0.82196,0.50038,0.80254,0.20035,0.78867,0.17365,0.95511,0.01938,0.9386,0.0124,0.3063,0.03031,0.08133,0.08301,0,0.90885,0,0.03163,0.19208,0.03934,0.28693,0.03603,0.1349,0.09214,0.06746,0.88824,0.05913,0.9578,0.13126,0.95709,0.2755,0.97049,0.19087,0.49928,0.3052,0.49919,0.2812,0.49787,0.13255,0.49792,0.05389],"triangles":[7,8,6,1,2,4,2,3,4,8,9,6,1,4,21,6,21,5,4,5,21,6,9,21,9,14,21,9,13,14,9,10,13,21,19,1,14,22,21,21,22,19,19,20,1,20,0,1,23,22,14,15,23,14,15,14,13,22,23,19,19,18,20,19,23,18,13,10,15,20,18,0,15,16,23,15,10,16,23,17,18,23,24,17,23,16,24,18,17,0,17,12,0,10,11,16,16,11,24,17,24,12,24,11,12],"vertices":[2,15,213.92,92.78,0.92,16,213.92,42.36,0.08,2,15,220.68,70.22,0.94,16,220.67,19.8,0.06,2,15,217.73,-4.32,0.98,16,217.73,-54.75,0.02,2,15,148.82,-3.69,0.98,16,148.82,-54.11,0.02,2,15,137.98,10.67,0.98,16,137.98,-39.76,0.02,2,15,0.17,12.9,0.98,16,0.17,-37.52,0.02,2,15,-136.04,14.5,0.98,16,-136.04,-35.93,0.02,2,15,-148.16,-4.64,0.98,16,-148.16,-55.07,0.02,2,15,-218.2,-2.75,0.98,16,-218.2,-53.17,0.02,2,15,-221.37,69.97,0.94,16,-221.37,19.55,0.06,2,15,-213.24,95.84,0.92,16,-213.24,45.42,0.08,2,15,-189.31,105.19,0.92,16,-189.31,54.77,0.08,2,15,185.62,105.19,0.92,16,185.62,54.77,0.08,2,15,-212.64,83.1,0.94,16,-212.64,32.68,0.06,2,15,-209.14,72.2,0.94,16,-209.14,21.77,0.06,2,15,-210.64,89.68,0.92,16,-210.64,39.26,0.08,2,15,-185.17,97.44,0.92,16,-185.17,47.01,0.08,2,15,176.26,98.39,0.92,16,176.26,47.97,0.08,2,15,207.84,90.1,0.92,16,207.84,39.68,0.08,2,15,207.52,73.51,0.94,16,207.52,23.09,0.06,2,15,213.6,83.24,0.94,16,213.6,32.82,0.06,2,15,-0.33,70.1,0.94,16,-0.33,19.67,0.06,2,15,-0.37,72.86,0.94,16,-0.37,22.43,0.06,2,15,-0.97,89.95,0.92,16,-0.97,39.53,0.08,2,15,-0.95,99,0.92,16,-0.95,48.57,0.08],"hull":13,"edges":[16,14,14,12,12,10,10,8,8,6,6,4,4,2,16,18,18,26,28,30,26,20,30,32,20,22,34,36,36,38,2,40,40,0,22,24,0,24,0,2,18,20,2,42,42,18,10,42,28,44,44,38,30,46,46,36,32,48,48,34],"width":227,"height":58}}}}],"animations":{"win":{"slots":{"fx_sparkle":{"color":[{"color":"ffffff00"},{"time":0.1667,"color":"ffffffff"},{"time":0.5333,"color":"ffffff00"}],"attachment":[{"name":"fx_sparkle"}]},"fx_sparkle2":{"color":[{"time":0.0667,"color":"ffffff00"},{"time":0.2333,"color":"ffffffff"},{"time":0.6,"color":"ffffff00"}],"attachment":[{"time":0.0667,"name":"fx_sparkle"}]},"fx_sparkle3":{"color":[{"time":0.1333,"color":"ffffff00"},{"time":0.3,"color":"ffffffff"},{"time":0.6667,"color":"ffffff00"}],"attachment":[{"time":0.1333,"name":"fx_sparkle"}]},"fx_sparkle4":{"color":[{"time":0.2333,"color":"ffffff00"},{"time":0.4,"color":"ffffffff"},{"time":0.7667,"color":"ffffff00"}],"attachment":[{"time":0.2333,"name":"fx_sparkle"}]},"fx_sparkle5":{"color":[{"time":0.2333,"color":"ffffff00"},{"time":0.4,"color":"ffffffff"},{"time":0.7667,"color":"ffffff00"}],"attachment":[{"time":0.2333,"name":"fx_sparkle"}]},"h_i_fu_sha":{"color":[{"color":"ffffffff"},{"time":0.1333,"color":"ffffff00","curve":"stepped"},{"time":0.5,"color":"ffffff00"},{"time":0.8333,"color":"ffffffff"}],"attachment":[{"name":"h_i_fu_sha_mg"}]}},"bones":{"fx_sparkle1":{"translate":[{"x":-233.69,"y":79.71}],"scale":[{"x":0.6,"y":0.6},{"time":0.1667,"x":1.286,"y":1.286},{"time":0.5333,"x":0.8,"y":0.8}]},"fx_sparkle2":{"translate":[{"time":0.0667,"x":-107.89,"y":-86.05}],"scale":[{"time":0.0667,"x":0.6,"y":0.6},{"time":0.2333,"x":1.286,"y":1.286},{"time":0.6,"x":0.8,"y":0.8}]},"fx_sparkle3":{"translate":[{"time":0.1333,"x":54.91,"y":235.11}],"scale":[{"time":0.1333,"x":0.6,"y":0.6},{"time":0.3,"x":1.286,"y":1.286},{"time":0.6667,"x":0.8,"y":0.8}]},"fx_sparkle4":{"translate":[{"time":0.2333,"x":137.79,"y":19.03}],"scale":[{"time":0.2333,"x":0.6,"y":0.6},{"time":0.4,"x":1.286,"y":1.286},{"time":0.7667,"x":0.8,"y":0.8}]},"fx_sparkle5":{"translate":[{"time":0.2333,"x":226.59,"y":113.75}],"scale":[{"time":0.2333,"x":0.6,"y":0.6},{"time":0.4,"x":1.286,"y":1.286},{"time":0.7667,"x":0.8,"y":0.8}]},"table":{"translate":[{},{"time":0.1,"y":-3.1},{"time":0.2667,"y":6.81},{"time":0.4667,"y":-2.48},{"time":0.6333,"y":3.1},{"time":0.8333}],"scale":[{},{"time":0.1,"x":1.025,"y":0.931},{"time":0.2667,"x":0.975,"y":1.043},{"time":0.4667,"x":1.012,"y":0.994},{"time":0.6333,"y":1.006},{"time":0.8333}]},"table_direction":{"translate":[{},{"time":0.1,"x":27.19,"y":-21.59},{"time":0.3,"x":51.07,"y":47.31},{"time":0.5333,"x":-4.05,"y":-2.8},{"time":0.7667}],"scale":[{},{"time":0.1,"y":0.799},{"time":0.3,"x":1.104},{"time":0.5333,"x":1.104,"y":0.896},{"time":0.7667}]},"i_R":{"rotate":[{},{"time":0.1333,"angle":1.71},{"time":0.3,"angle":-2.65},{"time":0.5,"angle":1.02},{"time":0.6494,"angle":-1.42},{"time":0.8333}],"translate":[{},{"time":0.1156,"y":-6.17},{"time":0.2823,"x":0.25,"y":12.32},{"time":0.4823,"y":-4.01},{"time":0.6489,"y":3.1},{"time":0.8333}],"scale":[{},{"time":0.1156,"x":1.025,"y":0.931},{"time":0.2823,"x":0.975,"y":1.043},{"time":0.4823,"x":1.012,"y":0.994},{"time":0.6489,"y":1.006},{"time":0.8333}]},"i_R_direction":{"translate":[{},{"time":0.1,"x":-26.92,"y":-20.77},{"time":0.3333,"x":23.65,"y":47.31},{"time":0.5667,"x":6.67,"y":-9.72},{"time":0.8}],"scale":[{},{"time":0.1,"y":0.799},{"time":0.3333,"x":1.104},{"time":0.5667,"x":1.104,"y":0.896},{"time":0.8}]},"i_L":{"rotate":[{},{"time":0.1248,"angle":-1.7},{"time":0.3333,"angle":5.11},{"time":0.5333,"angle":-0.9},{"time":0.7,"angle":1.21},{"time":0.8333}],"translate":[{},{"time":0.1248,"x":-0.02,"y":-5.4},{"time":0.2915,"x":0.43,"y":16.15},{"time":0.4915,"x":0.01,"y":-4.79},{"time":0.6582,"x":0.06,"y":5.42},{"time":0.8333}],"scale":[{},{"time":0.1248,"x":1.025,"y":0.931},{"time":0.2915,"x":0.975,"y":1.043},{"time":0.4915,"x":1.012,"y":0.994},{"time":0.6582,"y":1.006},{"time":0.8333}]},"i_L_direction":{"translate":[{},{"time":0.1,"x":29.08,"y":-42.65},{"time":0.3333,"x":-16.88,"y":47.31},{"time":0.5667,"x":-7.85,"y":-25.08},{"time":0.8}],"scale":[{},{"time":0.1,"y":0.799},{"time":0.3333,"x":1.104},{"time":0.5667,"x":1.104,"y":0.896},{"time":0.8}]},"i_Top":{"rotate":[{"time":0.0177},{"time":0.1858,"angle":0.55},{"time":0.3525,"angle":-1.48},{"time":0.5525,"angle":0.73},{"time":0.7,"angle":-1.42},{"time":0.8333}],"translate":[{"time":0.0177},{"time":0.1525,"x":0.13,"y":-12.59},{"time":0.3191,"x":0.57,"y":24.54},{"time":0.5191,"x":0.1,"y":-11.18},{"time":0.6858,"x":0.05,"y":5.23},{"time":0.8333}],"scale":[{"time":0.0177},{"time":0.1525,"x":1.025,"y":0.931},{"time":0.3191,"x":0.975,"y":1.043},{"time":0.5191,"x":1.012,"y":0.994},{"time":0.6858,"y":1.006},{"time":0.8333}]},"i_T_direction":{"translate":[{"time":0.0333},{"time":0.1667,"x":-16.74,"y":-20.77},{"time":0.4,"x":1.78,"y":49.32},{"time":0.6333,"x":4.12,"y":-18.39},{"time":0.8333}],"scale":[{"time":0.0333},{"time":0.1667,"y":0.799},{"time":0.4,"x":1.104},{"time":0.6333,"x":1.104,"y":0.896},{"time":0.8333}]},"fu":{"rotate":[{},{"time":0.1,"angle":-2.39},{"time":0.3,"angle":3.79},{"time":0.5,"angle":-1.86},{"time":0.6667,"angle":1.2},{"time":0.8}],"scale":[{},{"time":0.1,"x":0.97,"y":0.97},{"time":0.3,"x":1.05,"y":1.05},{"time":0.4667,"x":0.98,"y":0.98},{"time":0.6333,"x":1.02,"y":1.02},{"time":0.8}]},"bg_circle":{"scale":[{},{"time":0.1333,"x":0.97,"y":0.97},{"time":0.3,"x":1.05,"y":1.05},{"time":0.5,"x":0.98,"y":0.98},{"time":0.6667,"x":1.02,"y":1.02},{"time":0.8333}]}}},"win_bg":{"slots":{"fx_sparkle":{"color":[{"color":"ffffff00"},{"time":0.1667,"color":"ffffffff"},{"time":0.5333,"color":"ffffff00"}],"attachment":[{"name":"fx_sparkle"}]},"fx_sparkle2":{"color":[{"time":0.0667,"color":"ffffff00"},{"time":0.2333,"color":"ffffffff"},{"time":0.6,"color":"ffffff00"}],"attachment":[{"time":0.0667,"name":"fx_sparkle"}]},"fx_sparkle3":{"color":[{"time":0.1333,"color":"ffffff00"},{"time":0.3,"color":"ffffffff"},{"time":0.6667,"color":"ffffff00"}],"attachment":[{"time":0.1333,"name":"fx_sparkle"}]},"fx_sparkle4":{"color":[{"time":0.2333,"color":"ffffff00"},{"time":0.4,"color":"ffffffff"},{"time":0.7667,"color":"ffffff00"}],"attachment":[{"time":0.2333,"name":"fx_sparkle"}]},"fx_sparkle5":{"color":[{"time":0.2333,"color":"ffffff00"},{"time":0.4,"color":"ffffffff"},{"time":0.7667,"color":"ffffff00"}],"attachment":[{"time":0.2333,"name":"fx_sparkle"}]},"h_i_fu_fx01":{"color":[{"time":0.1667,"color":"ffffff00"},{"time":0.3333,"color":"ffffffff"},{"time":0.5667,"color":"ffffff00"}],"attachment":[{"time":0.1667,"name":"h_i_fu_fx01"},{"time":0.5667,"name":null}]},"h_i_fu_fx02":{"color":[{"time":0.2333,"color":"ffffff00"},{"time":0.4,"color":"ffffffff"},{"time":0.6333,"color":"ffffff00"}],"attachment":[{"time":0.2333,"name":"h_i_fu_fx02"},{"time":0.6333,"name":null}]},"h_i_fu_fx03":{"color":[{"time":0.3,"color":"ffffff00"},{"time":0.4667,"color":"ffffffff"},{"time":0.7,"color":"ffffff00"}],"attachment":[{"time":0.3,"name":"h_i_fu_fx03"},{"time":0.7,"name":null}]},"h_i_fu_fx04":{"color":[{"time":0.3667,"color":"ffffff00"},{"time":0.5333,"color":"ffffffff"},{"time":0.7667,"color":"ffffff00"}],"attachment":[{"time":0.3667,"name":"h_i_fu_fx04"},{"time":0.7667,"name":null}]},"h_i_fu_fx05":{"color":[{"time":0.4333,"color":"ffffff00"},{"time":0.6,"color":"ffffffff"},{"time":0.8333,"color":"ffffff00"}],"attachment":[{"time":0.4333,"name":"h_i_fu_fx05"},{"time":0.8333,"name":null}]},"h_i_fu_sha":{"color":[{"color":"ffffffff"},{"time":0.1333,"color":"ffffff00","curve":"stepped"},{"time":0.5,"color":"ffffff00"},{"time":0.8333,"color":"ffffffff"}],"attachment":[{"name":"h_i_fu_sha"}]}},"bones":{"fx_sparkle1":{"translate":[{"x":-233.69,"y":79.71}],"scale":[{"x":0.6,"y":0.6},{"time":0.1667,"x":1.286,"y":1.286},{"time":0.5333,"x":0.8,"y":0.8}]},"fx_sparkle2":{"translate":[{"time":0.0667,"x":-107.89,"y":-86.05}],"scale":[{"time":0.0667,"x":0.6,"y":0.6},{"time":0.2333,"x":1.286,"y":1.286},{"time":0.6,"x":0.8,"y":0.8}]},"fx_sparkle3":{"translate":[{"time":0.1333,"x":54.91,"y":235.11}],"scale":[{"time":0.1333,"x":0.6,"y":0.6},{"time":0.3,"x":1.286,"y":1.286},{"time":0.6667,"x":0.8,"y":0.8}]},"fx_sparkle4":{"translate":[{"time":0.2333,"x":137.79,"y":19.03}],"scale":[{"time":0.2333,"x":0.6,"y":0.6},{"time":0.4,"x":1.286,"y":1.286},{"time":0.7667,"x":0.8,"y":0.8}]},"fx_sparkle5":{"translate":[{"time":0.2333,"x":226.59,"y":113.75}],"scale":[{"time":0.2333,"x":0.6,"y":0.6},{"time":0.4,"x":1.286,"y":1.286},{"time":0.7667,"x":0.8,"y":0.8}]},"fu":{"scale":[{},{"time":0.1,"x":0.97,"y":0.97},{"time":0.3,"x":1.05,"y":1.05},{"time":0.4667,"x":0.98,"y":0.98},{"time":0.6333,"x":1.02,"y":1.02},{"time":0.8}]},"table":{"translate":[{},{"time":0.1,"y":-3.1},{"time":0.2667,"y":6.81},{"time":0.4667,"y":-2.48},{"time":0.6333,"y":3.1},{"time":0.8333}],"scale":[{},{"time":0.1,"x":1.025,"y":0.931},{"time":0.2667,"x":0.975,"y":1.043},{"time":0.4667,"x":1.012,"y":0.994},{"time":0.6333,"y":1.006},{"time":0.8333}]},"table_direction":{"translate":[{},{"time":0.1,"x":27.19,"y":-21.59},{"time":0.3,"x":51.07,"y":47.31},{"time":0.5333,"x":-4.05,"y":-2.8},{"time":0.7667}],"scale":[{},{"time":0.1,"y":0.799},{"time":0.3,"x":1.104},{"time":0.5333,"x":1.104,"y":0.896},{"time":0.7667}]},"i_R":{"rotate":[{},{"time":0.1333,"angle":1.71},{"time":0.3,"angle":-2.65},{"time":0.5,"angle":1.02},{"time":0.6494,"angle":-1.42},{"time":0.8333}],"translate":[{},{"time":0.1156,"y":-6.17},{"time":0.2823,"x":0.25,"y":12.32},{"time":0.4823,"y":-4.01},{"time":0.6489,"y":3.1},{"time":0.8333}],"scale":[{},{"time":0.1156,"x":1.025,"y":0.931},{"time":0.2823,"x":0.975,"y":1.043},{"time":0.4823,"x":1.012,"y":0.994},{"time":0.6489,"y":1.006},{"time":0.8333}]},"i_R_direction":{"translate":[{},{"time":0.1,"x":-26.92,"y":-20.77},{"time":0.3333,"x":23.65,"y":47.31},{"time":0.5667,"x":6.67,"y":-9.72},{"time":0.8}],"scale":[{},{"time":0.1,"y":0.799},{"time":0.3333,"x":1.104},{"time":0.5667,"x":1.104,"y":0.896},{"time":0.8}]},"i_L":{"rotate":[{},{"time":0.1248,"angle":-1.7},{"time":0.3333,"angle":5.11},{"time":0.5333,"angle":-0.9},{"time":0.7,"angle":1.21},{"time":0.8333}],"translate":[{},{"time":0.1248,"x":-0.02,"y":-5.4},{"time":0.2915,"x":0.43,"y":16.15},{"time":0.4915,"x":0.01,"y":-4.79},{"time":0.6582,"x":0.06,"y":5.42},{"time":0.8333}],"scale":[{},{"time":0.1248,"x":1.025,"y":0.931},{"time":0.2915,"x":0.975,"y":1.043},{"time":0.4915,"x":1.012,"y":0.994},{"time":0.6582,"y":1.006},{"time":0.8333}]},"i_L_direction":{"translate":[{},{"time":0.1,"x":29.08,"y":-42.65},{"time":0.3333,"x":-16.88,"y":47.31},{"time":0.5667,"x":-7.85,"y":-25.08},{"time":0.8}],"scale":[{},{"time":0.1,"y":0.799},{"time":0.3333,"x":1.104},{"time":0.5667,"x":1.104,"y":0.896},{"time":0.8}]},"i_Top":{"rotate":[{"time":0.0177},{"time":0.1858,"angle":0.55},{"time":0.3525,"angle":-1.48},{"time":0.5525,"angle":0.73},{"time":0.7,"angle":-1.42},{"time":0.8333}],"translate":[{"time":0.0177},{"time":0.1525,"x":0.13,"y":-12.59},{"time":0.3191,"x":0.57,"y":24.54},{"time":0.5191,"x":0.1,"y":-11.18},{"time":0.6858,"x":0.05,"y":5.23},{"time":0.8333}],"scale":[{"time":0.0177},{"time":0.1525,"x":1.025,"y":0.931},{"time":0.3191,"x":0.975,"y":1.043},{"time":0.5191,"x":1.012,"y":0.994},{"time":0.6858,"y":1.006},{"time":0.8333}]},"i_T_direction":{"translate":[{"time":0.0333},{"time":0.1667,"x":-16.74,"y":-20.77},{"time":0.4,"x":1.78,"y":49.32},{"time":0.6333,"x":4.12,"y":-18.39},{"time":0.8333}],"scale":[{"time":0.0333},{"time":0.1667,"y":0.799},{"time":0.4,"x":1.104},{"time":0.6333,"x":1.104,"y":0.896},{"time":0.8333}]},"bg_circle":{"scale":[{},{"time":0.1333,"x":0.97,"y":0.97},{"time":0.3,"x":1.05,"y":1.05},{"time":0.5,"x":0.98,"y":0.98},{"time":0.6667,"x":1.02,"y":1.02},{"time":0.8333}]}}}}}